dataset,model,variant,task_type,repo,pair_id,rouge1,rougeL,bleu,meteor,bertscore_f1,cosine,generated,reference_doc
code_review,groq,v1_minimal,doc_generation,apache/carbondata,code_review:8684cb3586,0.0388,0.0388,0.004,0.1309,0.8134,0.3554,"Here's the Javadoc for the provided Java code:

```java
/**
 * Private constructor to initialize the CarbonProperties instance.
 * 
 * This constructor loads the properties from the configuration file and 
 * validates and loads the default properties.
 */
private CarbonProperties() {
    carbonProperties = new Properties();
    loadProperties();
    validateAndLoadDefaultProperties();
}
```

However, if you want to make the constructor more descriptive, you could also consider the following:

```java
/**
 * Initializes a new instance of the CarbonProperties class.
 * 
 * This constructor loads the properties from the configuration file and 
 * validates and loads the default properties.
 * 
 * @throws Exception if an error occurs during initialization
 */
private CarbonProperties() throws Exception {
    carbonProperties = new Properties();
    loadProperties();
    validateAndLoadDefaultProperties();
}
```","  /**
   * Boolean type properties default value
   */"
code_review,huggingface,v1_minimal,doc_generation,apache/carbondata,code_review:8684cb3586,0.0208,0.0208,0.0044,0.1143,0.8189,0.2723,"Here is the Javadoc for the given Java code:

```java
/**
 * Initializes the CarbonProperties object.
 * 
 * This constructor is private to ensure that CarbonProperties is a singleton.
 * It loads the properties from the file and validates them.
 * 
 * @see #loadProperties()
 * @see #validateAndLoadDefaultProperties()
 */
private CarbonProperties() {
    carbonProperties = new Properties();
    loadProperties();
    validateAndLoadDefaultProperties();
}
```

Note: The Javadoc is written in a way that it provides a clear description of the method, its purpose, and its relationship with other methods. It also includes relevant information about the method's visibility (private in this case) and its relationship with other methods.","  /**
   * Boolean type properties default value
   */"
code_review,groq,v2_structured,doc_generation,apache/carbondata,code_review:8684cb3586,0.1053,0.1053,0.0102,0.31,0.8451,0.3978,"java
/**
 * Initializes the CarbonProperties instance by loading and validating default properties.
 */
private CarbonProperties() {
    /**
     * Initializes the properties instance.
     */
    carbonProperties = new Properties();
    
    /**
     * Loads properties from the default locations.
     */
    loadProperties();
    
    /**
     * Validates and loads default properties.
     */
    validateAndLoadDefaultProperties();
}","  /**
   * Boolean type properties default value
   */"
code_review,huggingface,v2_structured,doc_generation,apache/carbondata,code_review:8684cb3586,0.0645,0.0645,0.0117,0.1376,0.8354,0.3177,"Here is the complete Javadoc for the method:

```java
/**
 * Initializes the CarbonProperties object.
 * 
 * @param none
 * @return none
 * @throws none
 */
private CarbonProperties() {
    carbonProperties = new Properties();
    loadProperties();
    validateAndLoadDefaultProperties();
}
```","  /**
   * Boolean type properties default value
   */"
code_review,groq,v3_template,doc_generation,apache/carbondata,code_review:8684cb3586,0.0645,0.0645,0.0141,0.1456,0.8445,0.3849,"/**
 * Initializes a new instance of the CarbonProperties class.
 * @param none No parameters are required for this method.
 * @return none This method does not return any value.
 */","  /**
   * Boolean type properties default value
   */"
code_review,huggingface,v3_template,doc_generation,apache/carbondata,code_review:8684cb3586,0.08,0.08,0.0183,0.2041,0.8432,0.3279,"Here is the filled template:

/**
 * Initializes a new instance of the CarbonProperties class.
 * @param carbonProperties the carbon properties
 * @return 
 * @throws 
 */","  /**
   * Boolean type properties default value
   */"
code_review,groq,v4_persona,doc_generation,apache/carbondata,code_review:8684cb3586,0.2,0.1,0.0287,0.4133,0.8572,0.4856,"/**
 * Initializes a new instance of the CarbonProperties class, loading default properties and validating their configuration.
 */","  /**
   * Boolean type properties default value
   */"
code_review,huggingface,v4_persona,doc_generation,apache/carbondata,code_review:8684cb3586,0.16,0.08,0.0199,0.2083,0.8537,0.43,"/**
 * Initializes the CarbonProperties instance by loading and validating default properties.
 * This constructor is private and should not be called directly.
 */","  /**
   * Boolean type properties default value
   */"
code_review,groq,v5_cognitive,doc_generation,apache/carbondata,code_review:8684cb3586,0.0448,0.0448,0.0035,0.1429,0.8074,0.3033,"(1) This method has the single responsibility of initializing the CarbonProperties object by creating a new Properties object, loading properties, and validating and loading default properties.

(2) 
- `carbonProperties`: This is a field of the class that represents the Properties object used to store configuration properties. It is not a parameter of the method, but rather a field that is being initialized within the method.

(3)
- The method does not return any value (i.e., it returns void).
- It does not throw any exceptions explicitly, but it may throw exceptions if the `loadProperties()` or `validateAndLoadDefaultProperties()` methods throw exceptions.

Here's the final Javadoc block:

```java
/**
 * Initializes the CarbonProperties object by creating a new Properties object, 
 * loading properties, and validating and loading default properties.
 */
private CarbonProperties() {
    carbonProperties = new Properties();
    loadProperties();
    validateAndLoadDefaultProperties();
}
```","  /**
   * Boolean type properties default value
   */"
code_review,huggingface,v5_cognitive,doc_generation,apache/carbondata,code_review:8684cb3586,0.0233,0.0233,0.0051,0.1649,0.8112,0.2398,"To answer the sub-questions:

(1) The single responsibility of this method is to initialize the carbonProperties object.

(2) The parameter is none, as this is a constructor and does not accept any parameters. The method initializes the carbonProperties object.

(3) The method does not return any value, as it is a constructor. It throws no exceptions, as it is a private constructor and cannot be called from outside the class.

Here is the final Javadoc block:

/**
 * Initializes the carbonProperties object.
 */","  /**
   * Boolean type properties default value
   */"
code_review,groq,v1_minimal,doc_generation,bndtools/bnd,code_review:ecdb2e2345,0.2308,0.1667,0.022,0.1841,0.8213,0.1666,"java
/**
 * Returns the file extension from the given file name.
 * If the file name does not contain an extension, the default extension is returned.
 *
 * @param fileName the file name to extract the extension from
 * @param deflt the default extension to return if the file name does not contain an extension
 * @return the file extension or the default extension if not found
 */
public static String getExtension(String fileName, String deflt) {
    int n = fileName.lastIndexOf('.');
    if (n < 0)
        return deflt;

    return fileName.substring(n + 1);
}","	/**
	 * Creates a symbolic link from {@code link} to the {@code target}, or
	 * copies {@code target} to {@code link} if running on Windows.
	 * <p>
	 * Creating symbolic links on Windows requires administrator permissions, so
	 * copying is a safer fallback.
	 *
	 * @param link the location of the symbolic link, or destination of the
	 *            copy.
	 * @param target the target of the symbolic link, or source of the copy.
	 * @return {@code true} if the operation succeeds, {@code false} otherwise.
	 */"
code_review,huggingface,v1_minimal,doc_generation,bndtools/bnd,code_review:ecdb2e2345,0.2573,0.1637,0.0197,0.1979,0.8185,0.1887,"Here is the Javadoc for the given Java code:

```java
/**
 * Returns the file extension of the given file name.
 * If the file name does not contain a dot (.), the default extension is returned.
 * 
 * @param fileName the file name to get the extension from
 * @param deflt the default extension to return if the file name does not contain a dot
 * @return the file extension or the default extension if the file name does not contain a dot
 */
public static String getExtension(String fileName, String deflt) {
    int n = fileName.lastIndexOf('.');
    if (n < 0)
        return deflt;

    return fileName.substring(n + 1);
}
```","	/**
	 * Creates a symbolic link from {@code link} to the {@code target}, or
	 * copies {@code target} to {@code link} if running on Windows.
	 * <p>
	 * Creating symbolic links on Windows requires administrator permissions, so
	 * copying is a safer fallback.
	 *
	 * @param link the location of the symbolic link, or destination of the
	 *            copy.
	 * @param target the target of the symbolic link, or source of the copy.
	 * @return {@code true} if the operation succeeds, {@code false} otherwise.
	 */"
code_review,groq,v2_structured,doc_generation,bndtools/bnd,code_review:ecdb2e2345,0.2963,0.1778,0.0253,0.2101,0.8277,0.2489,"java
/**
 * Returns the file extension of the given file name, or the default extension if the file name does not contain an extension.
 * 
 * @param fileName the file name to extract the extension from
 * @param deflt the default extension to return if the file name does not contain an extension
 * @return the file extension of the given file name, or the default extension
 */","	/**
	 * Creates a symbolic link from {@code link} to the {@code target}, or
	 * copies {@code target} to {@code link} if running on Windows.
	 * <p>
	 * Creating symbolic links on Windows requires administrator permissions, so
	 * copying is a safer fallback.
	 *
	 * @param link the location of the symbolic link, or destination of the
	 *            copy.
	 * @param target the target of the symbolic link, or source of the copy.
	 * @return {@code true} if the operation succeeds, {@code false} otherwise.
	 */"
code_review,huggingface,v2_structured,doc_generation,bndtools/bnd,code_review:ecdb2e2345,0.2941,0.1912,0.0237,0.1948,0.8257,0.2311,"Here is the complete Javadoc for the given method:

```java
/**
 * Returns the file extension of the given file name, or the default extension if no extension is found.
 * 
 * @param fileName the file name to extract the extension from
 * @param deflt the default extension to return if no extension is found
 * @return the file extension, or the default extension if no extension is found
 */
```","	/**
	 * Creates a symbolic link from {@code link} to the {@code target}, or
	 * copies {@code target} to {@code link} if running on Windows.
	 * <p>
	 * Creating symbolic links on Windows requires administrator permissions, so
	 * copying is a safer fallback.
	 *
	 * @param link the location of the symbolic link, or destination of the
	 *            copy.
	 * @param target the target of the symbolic link, or source of the copy.
	 * @return {@code true} if the operation succeeds, {@code false} otherwise.
	 */"
code_review,groq,v3_template,doc_generation,bndtools/bnd,code_review:ecdb2e2345,0.314,0.2149,0.0107,0.1864,0.8251,0.3164,"/**
 * Returns the file extension from the given file name, or the default extension if no extension is found.
 * @param fileName the file name to extract the extension from
 * @param deflt the default extension to return if no extension is found
 * @return the file extension or the default extension
 */","	/**
	 * Creates a symbolic link from {@code link} to the {@code target}, or
	 * copies {@code target} to {@code link} if running on Windows.
	 * <p>
	 * Creating symbolic links on Windows requires administrator permissions, so
	 * copying is a safer fallback.
	 *
	 * @param link the location of the symbolic link, or destination of the
	 *            copy.
	 * @param target the target of the symbolic link, or source of the copy.
	 * @return {@code true} if the operation succeeds, {@code false} otherwise.
	 */"
code_review,huggingface,v3_template,doc_generation,bndtools/bnd,code_review:ecdb2e2345,0.2734,0.2158,0.0127,0.1882,0.823,0.2536,"Here is the filled template:

/**
 * Returns the file extension from the given file name, or the default extension if no extension is found.
 * @param fileName the file name to extract the extension from
 * @param deflt the default extension to return if no extension is found
 * @return the file extension, or the default extension if no extension is found
 * @throws Exception if the file name is null
 */","	/**
	 * Creates a symbolic link from {@code link} to the {@code target}, or
	 * copies {@code target} to {@code link} if running on Windows.
	 * <p>
	 * Creating symbolic links on Windows requires administrator permissions, so
	 * copying is a safer fallback.
	 *
	 * @param link the location of the symbolic link, or destination of the
	 *            copy.
	 * @param target the target of the symbolic link, or source of the copy.
	 * @return {@code true} if the operation succeeds, {@code false} otherwise.
	 */"
code_review,groq,v4_persona,doc_generation,bndtools/bnd,code_review:ecdb2e2345,0.2791,0.186,0.0226,0.1844,0.829,0.3157,"/**
 * Returns the file extension from the given file name, or the default value if the file name does not contain an extension.
 * 
 * @param fileName the file name to extract the extension from
 * @param deflt the default value to return if the file name does not contain an extension
 * @return the file extension or the default value
 */","	/**
	 * Creates a symbolic link from {@code link} to the {@code target}, or
	 * copies {@code target} to {@code link} if running on Windows.
	 * <p>
	 * Creating symbolic links on Windows requires administrator permissions, so
	 * copying is a safer fallback.
	 *
	 * @param link the location of the symbolic link, or destination of the
	 *            copy.
	 * @param target the target of the symbolic link, or source of the copy.
	 * @return {@code true} if the operation succeeds, {@code false} otherwise.
	 */"
code_review,huggingface,v4_persona,doc_generation,bndtools/bnd,code_review:ecdb2e2345,0.3008,0.1955,0.0238,0.2013,0.8291,0.3092,"/**
 * Returns the file extension from the given file name.
 * If the file name does not contain a dot (.), the default extension is returned.
 * 
 * @param fileName the file name to extract the extension from
 * @param deflt the default extension to return if the file name does not contain a dot
 * @return the file extension or the default extension if not found
 */","	/**
	 * Creates a symbolic link from {@code link} to the {@code target}, or
	 * copies {@code target} to {@code link} if running on Windows.
	 * <p>
	 * Creating symbolic links on Windows requires administrator permissions, so
	 * copying is a safer fallback.
	 *
	 * @param link the location of the symbolic link, or destination of the
	 *            copy.
	 * @param target the target of the symbolic link, or source of the copy.
	 * @return {@code true} if the operation succeeds, {@code false} otherwise.
	 */"
code_review,groq,v5_cognitive,doc_generation,bndtools/bnd,code_review:ecdb2e2345,0.1985,0.145,0.0121,0.2186,0.8163,0.3017,"(1) The single responsibility of this method is to extract the file extension from a given file name and return it, or a default value if the file name does not have an extension.

(2) 
- `fileName`: This parameter represents the name of the file from which the extension is to be extracted.
- `deflt`: This parameter represents the default value to be returned if the file name does not have an extension.

(3) 
- It returns: The file extension of the given file name, or the default value if the file name does not have an extension.
- It throws: No exceptions are thrown by this method. It will return a default value if the file name does not have an extension.

/** 
 * Extracts the file extension from a given file name and returns it, 
 * or a default value if the file name does not have an extension.
 * 
 * @param fileName the name of the file from which the extension is to be extracted
 * @param deflt the default value to be returned if the file name does not have an extension
 * @return the file extension of the given file name, or the default value
 */","	/**
	 * Creates a symbolic link from {@code link} to the {@code target}, or
	 * copies {@code target} to {@code link} if running on Windows.
	 * <p>
	 * Creating symbolic links on Windows requires administrator permissions, so
	 * copying is a safer fallback.
	 *
	 * @param link the location of the symbolic link, or destination of the
	 *            copy.
	 * @param target the target of the symbolic link, or source of the copy.
	 * @return {@code true} if the operation succeeds, {@code false} otherwise.
	 */"
code_review,huggingface,v5_cognitive,doc_generation,bndtools/bnd,code_review:ecdb2e2345,0.2222,0.1759,0.0154,0.2114,0.8119,0.2689,"Here are the sub-answers:

(1) The single responsibility of this method is to extract the file extension from a given file name.

(2) The parameters are:
	* `fileName`: The name of the file from which to extract the extension.
	* `deflt`: The default extension to return if the file name does not contain a dot (i.e., no extension).

(3) The method returns a `String` representing the file extension, or the default extension if no extension is found. It throws no exceptions.

And here is the final Javadoc block:

/**
 * Extracts the file extension from a given file name.
 * 
 * @param fileName The name of the file from which to extract the extension.
 * @param deflt The default extension to return if the file name does not contain a dot (i.e., no extension).
 * @return The file extension, or the default extension if no extension is found.
 */","	/**
	 * Creates a symbolic link from {@code link} to the {@code target}, or
	 * copies {@code target} to {@code link} if running on Windows.
	 * <p>
	 * Creating symbolic links on Windows requires administrator permissions, so
	 * copying is a safer fallback.
	 *
	 * @param link the location of the symbolic link, or destination of the
	 *            copy.
	 * @param target the target of the symbolic link, or source of the copy.
	 * @return {@code true} if the operation succeeds, {@code false} otherwise.
	 */"
code_review,groq,v1_minimal,doc_generation,testcontainers/testcontainers-java,code_review:23cf984027,0.0833,0.0556,0.0082,0.2206,0.849,0.2307,"Here's the Javadoc for the given Java code:

```java
/**
 * Creates a new instance of JdbcDatabaseContainer with the specified Docker image name.
 * 
 * @param dockerImageName the name of the Docker image to use for the database container
 */
public JdbcDatabaseContainer(String dockerImageName) {
    super(dockerImageName);
}
```

This Javadoc explains the purpose of the constructor and the parameter it takes, making it easier for other developers to understand how to use this class.","    /**
     * @return the database name
     */"
code_review,huggingface,v1_minimal,doc_generation,testcontainers/testcontainers-java,code_review:23cf984027,0.0652,0.0435,0.0064,0.1911,0.8439,0.2255,"Here is the Javadoc for the given Java code:

```java
/**
 * Initializes a new instance of JdbcDatabaseContainer with the specified Docker image name.
 * 
 * @param dockerImageName the name of the Docker image to use for the database container
 */
public JdbcDatabaseContainer(String dockerImageName) {
    super(dockerImageName);
}
```

This Javadoc provides a brief description of the constructor, including the parameter it takes and its purpose. This is helpful for other developers who may be using your class, as it gives them a clear understanding of how to use the constructor and what it does.","    /**
     * @return the database name
     */"
code_review,groq,v2_structured,doc_generation,testcontainers/testcontainers-java,code_review:23cf984027,0.1667,0.1111,0.0166,0.4264,0.8644,0.3051,"java
/**
 * Constructs a new JdbcDatabaseContainer instance with the specified Docker image name.
 *
 * @param dockerImageName the name of the Docker image to use for the database container
 */
public JdbcDatabaseContainer(String dockerImageName) {
    super(dockerImageName);
}","    /**
     * @return the database name
     */"
code_review,huggingface,v2_structured,doc_generation,testcontainers/testcontainers-java,code_review:23cf984027,0.093,0.093,0.0109,0.2315,0.8525,0.2365,"Here is the complete Javadoc for the given method:

```java
/**
 * Creates a new JdbcDatabaseContainer with the specified Docker image name.
 * 
 * @param dockerImageName the name of the Docker image to use for the container
 */
public JdbcDatabaseContainer(String dockerImageName) {
    super(dockerImageName);
}
```","    /**
     * @return the database name
     */"
code_review,groq,v3_template,doc_generation,testcontainers/testcontainers-java,code_review:23cf984027,0.2069,0.1379,0.0214,0.4635,0.8378,0.393,"/**
 * Creates a new JdbcDatabaseContainer instance with the given Docker image name.
 * @param dockerImageName The name of the Docker image to use for the database container.
 */","    /**
     * @return the database name
     */"
code_review,huggingface,v3_template,doc_generation,testcontainers/testcontainers-java,code_review:23cf984027,0.2069,0.1379,0.02,0.3191,0.8495,0.3111,"Here is the filled template:

/**
 * Creates a new JdbcDatabaseContainer with the given Docker image name.
 * @param dockerImageName the name of the Docker image
 * @return 
 * @throws 
*/","    /**
     * @return the database name
     */"
code_review,groq,v4_persona,doc_generation,testcontainers/testcontainers-java,code_review:23cf984027,0.16,0.16,0.0193,0.2809,0.8651,0.2881,"/**
 * Constructs a JdbcDatabaseContainer instance with the specified Docker image name.
 * 
 * @param dockerImageName the Docker image name to use for the container
 */","    /**
     * @return the database name
     */"
code_review,huggingface,v4_persona,doc_generation,testcontainers/testcontainers-java,code_review:23cf984027,0.1875,0.125,0.0187,0.4442,0.8643,0.3861,"/**
 * Initializes a new instance of the JdbcDatabaseContainer class with the specified Docker image name.
 * 
 * @param dockerImageName the name of the Docker image to use for the database container
 */","    /**
     * @return the database name
     */"
code_review,groq,v5_cognitive,doc_generation,testcontainers/testcontainers-java,code_review:23cf984027,0.0583,0.0583,0.0047,0.1506,0.8254,0.2399,"(1) This method has the single responsibility of initializing a JdbcDatabaseContainer object with a given Docker image name.

(2) The parameter 'dockerImageName' represents the name of the Docker image to be used for the JdbcDatabaseContainer.

(3) This method does not explicitly return any value, but it throws no exceptions. However, it may throw an exception if the parent class's constructor throws an exception.

/** 
 * Initializes a JdbcDatabaseContainer object with a given Docker image name.
 * 
 * @param dockerImageName the name of the Docker image to be used for the JdbcDatabaseContainer
 * @throws Exception if the parent class's constructor throws an exception
 */","    /**
     * @return the database name
     */"
code_review,huggingface,v5_cognitive,doc_generation,testcontainers/testcontainers-java,code_review:23cf984027,0.0659,0.0659,0.0053,0.1623,0.8245,0.2207,"Here are the sub-answers:

(1) The single responsibility of this method is to initialize a JdbcDatabaseContainer object with a given Docker image name.

(2) The parameter ""dockerImageName"" represents the name of the Docker image to be used for the JdbcDatabaseContainer.

(3) This method does not return any value, and it does not throw any exceptions.

And here is the final Javadoc block:

/**
 * Initializes a JdbcDatabaseContainer object with a given Docker image name.
 * 
 * @param dockerImageName the name of the Docker image to be used for the JdbcDatabaseContainer
 */","    /**
     * @return the database name
     */"
code_review,groq,v1_minimal,doc_generation,GoogleCloudPlatform/java-docs-samples,code_review:5a30a50108,0.2,0.2,0.0238,0.4901,0.8672,0.5691,"java
/**
 * Tears down the Stackdriver Trace Exporter by unregistering it.
 */
public void tearDown() {
    StackdriverTraceExporter.unregister();
}","/**
 * Tests for stackdriver tracing sample.
 */"
code_review,groq,v2_structured,doc_generation,GoogleCloudPlatform/java-docs-samples,code_review:5a30a50108,0.0952,0.0952,0.0098,0.3207,0.8637,0.4477,"java
/**
 * Unregisters the Stackdriver Trace Exporter, releasing any system resources it holds.
 * 
 * This method should be called when the exporter is no longer needed to prevent resource leaks.
 * 
 * @throws IllegalStateException if the exporter has already been unregistered
 */","/**
 * Tests for stackdriver tracing sample.
 */"
code_review,groq,v3_template,doc_generation,GoogleCloudPlatform/java-docs-samples,code_review:5a30a50108,0.2,0.2,0.0238,0.4088,0.8951,0.5129,"/**
 * Unregisters the Stackdriver Trace Exporter.
 * @throws Exception if there is an issue unregistering the exporter.
 */","/**
 * Tests for stackdriver tracing sample.
 */"
code_review,groq,v4_persona,doc_generation,GoogleCloudPlatform/java-docs-samples,code_review:5a30a50108,0.0,0.0,0.0441,0.3079,0.9088,0.4646,"/**
 * Unregisters the StackdriverTraceExporter instance to release system resources.
 */","/**
 * Tests for stackdriver tracing sample.
 */"
code_review,groq,v5_cognitive,doc_generation,GoogleCloudPlatform/java-docs-samples,code_review:5a30a50108,0.025,0.025,0.0056,0.1307,0.8387,0.4798,"(1) The single responsibility of this method is to unregister the StackdriverTraceExporter.

(2) The parameter is none, but the method uses the StackdriverTraceExporter class which is assumed to be a static or singleton instance.

(3) The method does not return any value (void). It throws no exceptions.

/** 
 * Unregisters the StackdriverTraceExporter instance.
 * 
 * This method is responsible for cleaning up the exporter instance after use.
 * It does not return any value and does not throw any exceptions.
 */","/**
 * Tests for stackdriver tracing sample.
 */"
code_review,groq,v1_minimal,doc_generation,ReactiveX/RxJava,code_review:3b6f4ff1e2,0.084,0.0672,0.0043,0.0567,0.778,0.0502,"Here's the Javadoc for the given Java code:

```java
/**
 * Creates a new instance of a CompletableSubject.
 * 
 * @return a new CompletableSubject instance
 */
public static CompletableSubject create() {
    return new CompletableSubject();
}
```","/**
 * Copyright 2016 Netflix, Inc.
 *
 * Licensed under the Apache License, Version 2.0 (the ""License""); you may not use this file except in
 * compliance with the License. You may obtain a copy of the License at
 *
 * http://www.apache.org/licenses/LICENSE-2.0
 *
 * Unless required by applicable law or agreed to in writing, software distributed under the License is
 * distributed on an ""AS IS"" BASIS, WITHOUT WARRANTIES OR CONDITIONS OF ANY KIND, either express or implied. See
 * the License for the specific language governing permissions and limitations under the License.
 */"
code_review,groq,v2_structured,doc_generation,ReactiveX/RxJava,code_review:3b6f4ff1e2,0.0185,0.0185,0.0016,0.0344,0.7755,0.0581,"java
/**
 * Creates a new CompletableSubject instance.
 *
 * @return a new CompletableSubject instance
 */
public static CompletableSubject create() {
    return new CompletableSubject();
}","/**
 * Copyright 2016 Netflix, Inc.
 *
 * Licensed under the Apache License, Version 2.0 (the ""License""); you may not use this file except in
 * compliance with the License. You may obtain a copy of the License at
 *
 * http://www.apache.org/licenses/LICENSE-2.0
 *
 * Unless required by applicable law or agreed to in writing, software distributed under the License is
 * distributed on an ""AS IS"" BASIS, WITHOUT WARRANTIES OR CONDITIONS OF ANY KIND, either express or implied. See
 * the License for the specific language governing permissions and limitations under the License.
 */"
code_review,groq,v3_template,doc_generation,ReactiveX/RxJava,code_review:3b6f4ff1e2,0.0396,0.0396,0.0002,0.0348,0.7945,0.0699,"/**
 * Creates a new instance of CompletableSubject.
 * @return A new CompletableSubject instance.
 */","/**
 * Copyright 2016 Netflix, Inc.
 *
 * Licensed under the Apache License, Version 2.0 (the ""License""); you may not use this file except in
 * compliance with the License. You may obtain a copy of the License at
 *
 * http://www.apache.org/licenses/LICENSE-2.0
 *
 * Unless required by applicable law or agreed to in writing, software distributed under the License is
 * distributed on an ""AS IS"" BASIS, WITHOUT WARRANTIES OR CONDITIONS OF ANY KIND, either express or implied. See
 * the License for the specific language governing permissions and limitations under the License.
 */"
code_review,groq,v4_persona,doc_generation,ReactiveX/RxJava,code_review:3b6f4ff1e2,0.0388,0.0388,0.0005,0.0405,0.7811,0.049,"/**
 * Creates a new instance of {@link CompletableSubject}.
 * 
 * @return a new {@link CompletableSubject} instance
 */","/**
 * Copyright 2016 Netflix, Inc.
 *
 * Licensed under the Apache License, Version 2.0 (the ""License""); you may not use this file except in
 * compliance with the License. You may obtain a copy of the License at
 *
 * http://www.apache.org/licenses/LICENSE-2.0
 *
 * Unless required by applicable law or agreed to in writing, software distributed under the License is
 * distributed on an ""AS IS"" BASIS, WITHOUT WARRANTIES OR CONDITIONS OF ANY KIND, either express or implied. See
 * the License for the specific language governing permissions and limitations under the License.
 */"
code_review,groq,v5_cognitive,doc_generation,ReactiveX/RxJava,code_review:3b6f4ff1e2,0.2156,0.1317,0.0077,0.1078,0.7889,0.0577,"(1) The single responsibility of this method is to create and return a new instance of a CompletableSubject.

(2) The parameter list is empty, so there are no parameters. This method does not accept any input.

(3) The method returns a CompletableSubject instance. It does not throw any exceptions under normal circumstances, as it simply creates a new instance without any complex operations.

/** 
 * Creates and returns a new instance of a CompletableSubject.
 * 
 * @return a new CompletableSubject instance
 */","/**
 * Copyright 2016 Netflix, Inc.
 *
 * Licensed under the Apache License, Version 2.0 (the ""License""); you may not use this file except in
 * compliance with the License. You may obtain a copy of the License at
 *
 * http://www.apache.org/licenses/LICENSE-2.0
 *
 * Unless required by applicable law or agreed to in writing, software distributed under the License is
 * distributed on an ""AS IS"" BASIS, WITHOUT WARRANTIES OR CONDITIONS OF ANY KIND, either express or implied. See
 * the License for the specific language governing permissions and limitations under the License.
 */"
code_review,groq,v1_minimal,doc_generation,vaticle/typedb,code_review:767e639107,0.0,0.0,0.0064,0.124,0.7971,0.0013,"java
/**
 * Creates a new instance of {@link UndefineQueryImpl} with the given var patterns and transaction.
 * 
 * @param varPatterns The var patterns to be undefined in the query.
 * @param tx The transaction in which the query will be executed. May be null.
 * @return A new instance of {@link UndefineQueryImpl}.
 */
static UndefineQueryImpl of(ImmutableList<VarPatternAdmin> varPatterns, @Nullable GraknTx tx) {
    return new AutoValue_UndefineQueryImpl(varPatterns, tx);
}","/**
 * @author Felix Chapman
 */"
code_review,groq,v2_structured,doc_generation,vaticle/typedb,code_review:767e639107,0.0,0.0,0.0088,0.1456,0.8197,-0.0159,"java
/**
 * Creates a new instance of UndefineQueryImpl with the given var patterns and transaction.
 * 
 * @param varPatterns the list of var patterns to be undefined
 * @param tx the transaction to be used, or null if not applicable
 * @return a new instance of UndefineQueryImpl
 */","/**
 * @author Felix Chapman
 */"
code_review,groq,v3_template,doc_generation,vaticle/typedb,code_review:767e639107,0.0,0.0,0.0111,0.1613,0.8224,0.0461,"/**
 * Creates a new instance of UndefineQueryImpl.
 * @param varPatterns A list of variable patterns to be undefined.
 * @param tx The transaction in which the query will be executed.
 * @return A new instance of UndefineQueryImpl.
 */","/**
 * @author Felix Chapman
 */"
code_review,groq,v4_persona,doc_generation,vaticle/typedb,code_review:767e639107,0.0,0.0,0.0076,0.1364,0.8192,0.0598,"/**
 * Creates a new instance of {@link UndefineQueryImpl} with the specified var patterns and transaction.
 * 
 * @param varPatterns the var patterns to be used in the query
 * @param tx the transaction to be used in the query, or null if no transaction is required
 * @return a new instance of {@link UndefineQueryImpl}
 */","/**
 * @author Felix Chapman
 */"
code_review,groq,v5_cognitive,doc_generation,vaticle/typedb,code_review:767e639107,0.0,0.0,0.0024,0.0664,0.7855,-0.057,"(1) The single responsibility of this method is to create an instance of `UndefineQueryImpl` based on the provided parameters.

(2) The parameters are:
- `varPatterns`: an immutable list of variable patterns, which represents the variables to be undefined in the query.
- `tx`: the transaction object, which represents the context in which the query is being executed. It can be null if the query is not being executed within a transaction.

(3) The method returns an instance of `UndefineQueryImpl`. It does not throw any exceptions under normal conditions, but it may throw a `NullPointerException` if the `tx` object is null and the method is being used in a context where a non-null `tx` is required.

/** 
 * Creates a new instance of UndefineQueryImpl with the specified variable patterns and transaction.
 * 
 * @param varPatterns an immutable list of variable patterns to be undefined in the query
 * @param tx the transaction object, or null if the query is not being executed within a transaction
 * @return a new instance of UndefineQueryImpl
 */","/**
 * @author Felix Chapman
 */"
code_review,groq,v1_minimal,doc_generation,apache/pulsar,code_review:f652bf1cc4,0.2476,0.1905,0.0642,0.381,0.8413,0.5796,"Here's the Javadoc for the given Java code:

```java
/**
 * Reads a value of type T from the given byte array.
 * 
 * This method is a convenience method that calls the read method with the start index set to 0 and the end index set to the length of the byte array.
 * 
 * @param bytes the byte array to read from
 * @return the value of type T read from the byte array
 */
default T read(byte[] bytes) {
    return read(bytes, 0, bytes.length);
}
```","    /**
     * serialize bytes convert pojo
     *
     * @param bytes the data
     * @param offset the byte[] initial position
     * @param length the byte[] read length
     * @return the serialized object
     */"
code_review,groq,v2_structured,doc_generation,apache/pulsar,code_review:f652bf1cc4,0.3,0.25,0.089,0.2832,0.8507,0.5822,"java
/**
 * Reads a value of type T from the given byte array, starting from the beginning.
 * 
 * @param bytes the byte array to read from
 * @return the value of type T read from the byte array
 * @throws Exception if an error occurs during the reading process
 */
default T read(byte[] bytes) {
    return read(bytes, 0, bytes.length);
}","    /**
     * serialize bytes convert pojo
     *
     * @param bytes the data
     * @param offset the byte[] initial position
     * @param length the byte[] read length
     * @return the serialized object
     */"
code_review,groq,v3_template,doc_generation,apache/pulsar,code_review:f652bf1cc4,0.4,0.2909,0.1123,0.2739,0.8298,0.5613,"/**
 * Reads a value from a byte array.
 * @param bytes the byte array to read from
 * @return the value read from the byte array
 * @throws IndexOutOfBoundsException if the byte array is empty
 */","    /**
     * serialize bytes convert pojo
     *
     * @param bytes the data
     * @param offset the byte[] initial position
     * @param length the byte[] read length
     * @return the serialized object
     */"
code_review,groq,v4_persona,doc_generation,apache/pulsar,code_review:f652bf1cc4,0.3793,0.3103,0.1375,0.3244,0.8513,0.6273,"/**
 * Reads a value of type T from the given byte array, starting from the beginning of the array.
 * 
 * @param bytes the byte array to read from
 * @return the value read from the byte array
 */","    /**
     * serialize bytes convert pojo
     *
     * @param bytes the data
     * @param offset the byte[] initial position
     * @param length the byte[] read length
     * @return the serialized object
     */"
code_review,groq,v5_cognitive,doc_generation,apache/pulsar,code_review:f652bf1cc4,0.1461,0.1348,0.036,0.232,0.814,0.5032,"(1) The single responsibility of this method is to read data from a byte array into an object of type T.

(2) The parameter 'bytes' represents the byte array from which to read the data. It is an array of bytes.

(3) The method returns an object of type T, which is the result of reading the data from the byte array. It does not throw any exceptions under normal conditions, but it may throw an exception if the input byte array is null or if there is an error during the reading process.

/** 
 * Reads data from a byte array into an object of type T.
 * 
 * @param bytes the byte array from which to read the data
 * @return an object of type T, which is the result of reading the data from the byte array
 * @throws Exception if the input byte array is null or if there is an error during the reading process
 */","    /**
     * serialize bytes convert pojo
     *
     * @param bytes the data
     * @param offset the byte[] initial position
     * @param length the byte[] read length
     * @return the serialized object
     */"
code_review,groq,v1_minimal,doc_generation,googleapis/google-cloud-java,code_review:893625c7af,0.2885,0.1923,0.0103,0.2064,0.8396,0.7366,"Here's the Javadoc for the provided Java code:

```java
/**
 * Constructs a new RowMutation instance.
 * 
 * @param tableId the ID of the table where the mutation will be applied
 * @param key the key of the row where the mutation will be applied
 * @param mutation the mutation to be applied to the row
 */
private RowMutation(String tableId, ByteString key, Mutation mutation) {
    this.tableId = tableId;
    this.key = key;
    this.mutation = mutation;
}
```","  /**
   * Creates new instance of mutation builder by wrapping existing mutation builder.
   *
   * <p>Sample code:
   *
   * <pre><code>
   * Mutation mutation = Mutation.create()
   *     .setCell(""[FAMILY_NAME]"", ""[QUALIFIER]"", [TIMESTAMP], ""[VALUE]"");
   * RowMutation rowMutation = RowMutation.create(""[TABLE]"", ""[ROW_KEY]"", mutation);
   * </code></pre>
   */"
code_review,groq,v2_structured,doc_generation,googleapis/google-cloud-java,code_review:893625c7af,0.2785,0.2025,0.0147,0.1829,0.8224,0.7166,"java
/**
 * Constructs a new RowMutation instance.
 * 
 * @param tableId the ID of the table where the row mutation will be applied
 * @param key the key of the row where the mutation will be applied
 * @param mutation the mutation to be applied to the row
 */","  /**
   * Creates new instance of mutation builder by wrapping existing mutation builder.
   *
   * <p>Sample code:
   *
   * <pre><code>
   * Mutation mutation = Mutation.create()
   *     .setCell(""[FAMILY_NAME]"", ""[QUALIFIER]"", [TIMESTAMP], ""[VALUE]"");
   * RowMutation rowMutation = RowMutation.create(""[TABLE]"", ""[ROW_KEY]"", mutation);
   * </code></pre>
   */"
code_review,groq,v3_template,doc_generation,googleapis/google-cloud-java,code_review:893625c7af,0.2439,0.1463,0.0114,0.1578,0.8136,0.7231,"/**
 * Constructs a RowMutation object with the given table ID, key, and mutation.
 * @param tableId The ID of the table to which the mutation applies.
 * @param key The key of the row to which the mutation applies.
 * @param mutation The mutation to be applied to the row.
 */","  /**
   * Creates new instance of mutation builder by wrapping existing mutation builder.
   *
   * <p>Sample code:
   *
   * <pre><code>
   * Mutation mutation = Mutation.create()
   *     .setCell(""[FAMILY_NAME]"", ""[QUALIFIER]"", [TIMESTAMP], ""[VALUE]"");
   * RowMutation rowMutation = RowMutation.create(""[TABLE]"", ""[ROW_KEY]"", mutation);
   * </code></pre>
   */"
code_review,groq,v4_persona,doc_generation,googleapis/google-cloud-java,code_review:893625c7af,0.2564,0.1538,0.015,0.1711,0.8231,0.7079,"/**
 * Constructs a RowMutation instance with the specified table ID, key, and mutation.
 * 
 * @param tableId the ID of the table associated with the mutation
 * @param key the key of the row being modified
 * @param mutation the mutation to be applied to the row
 */","  /**
   * Creates new instance of mutation builder by wrapping existing mutation builder.
   *
   * <p>Sample code:
   *
   * <pre><code>
   * Mutation mutation = Mutation.create()
   *     .setCell(""[FAMILY_NAME]"", ""[QUALIFIER]"", [TIMESTAMP], ""[VALUE]"");
   * RowMutation rowMutation = RowMutation.create(""[TABLE]"", ""[ROW_KEY]"", mutation);
   * </code></pre>
   */"
code_review,groq,v5_cognitive,doc_generation,googleapis/google-cloud-java,code_review:893625c7af,0.1436,0.1128,0.0043,0.1595,0.8152,0.6202,"(1) The single responsibility of this method is to initialize a RowMutation object with the given parameters.

(2) 
- `tableId`: This represents the ID of the table where the mutation will be applied.
- `key`: This represents the key of the row that will be mutated.
- `mutation`: This represents the actual mutation operation that will be applied to the row.

(3)
- It returns nothing (void), so there is no return value to document.
- It does not throw any exceptions explicitly, but it may throw a NullPointerException if any of the parameters are null.

Here is the final Javadoc:

```java
/**
 * Initializes a RowMutation object with the given parameters.
 * 
 * @param tableId the ID of the table where the mutation will be applied
 * @param key the key of the row that will be mutated
 * @param mutation the actual mutation operation that will be applied to the row
 */
private RowMutation(String tableId, ByteString key, Mutation mutation) {
    this.tableId = tableId;
    this.key = key;
    this.mutation = mutation;
}
```","  /**
   * Creates new instance of mutation builder by wrapping existing mutation builder.
   *
   * <p>Sample code:
   *
   * <pre><code>
   * Mutation mutation = Mutation.create()
   *     .setCell(""[FAMILY_NAME]"", ""[QUALIFIER]"", [TIMESTAMP], ""[VALUE]"");
   * RowMutation rowMutation = RowMutation.create(""[TABLE]"", ""[ROW_KEY]"", mutation);
   * </code></pre>
   */"
code_review,groq,v1_minimal,doc_generation,VoltDB/voltdb,code_review:3779314eb2,0.0744,0.0496,0.0044,0.1125,0.8309,0.2085,"java
/**
 * Verifies that the provided username and hashed password match the stored credentials.
 * 
 * @param username the username to verify
 * @param hashedPassword the hashed password to verify
 * @return true if the credentials match the stored credentials, false otherwise
 */
private boolean verifyCredentialsAreAlwaysTheSame(String username, byte[] hashedPassword) {
    assert(username != null);
    m_credentialComparisonLock.lock();
    try {
        /**
         * If this is the first time the credentials are being set, store them and return true.
         * Otherwise, verify that the provided username and hashed password match the stored credentials.
         */
        if (m_credentialsSet == false) {
            m_credentialsSet = true;
            m_createConnectionUsername = username;
            if (hashedPassword != null) {
                m_hashedPassword = Arrays.copyOf(hashedPassword, hashedPassword.length);
                m_passwordHashCode = Arrays.hashCode(hashedPassword);
            }
            return true;
        } else {
            /**
             * If the provided username does not match the stored username, return false.
             * If the provided hashed password is null, return false if the stored hashed password is not null, and vice versa.
             * Otherwise, compare the provided hashed password with the stored hashed password byte by byte.
             */
            if (!m_createConnectionUsername.equals(username)) return false;
            if (hashedPassword == null)
                return m_hashedPassword == null;
            else
                for (int i = 0; i < hashedPassword.length; i++)
                    if (hashedPassword[i] != m_hashedPassword[i])
                        return false;
            return true;
        }
    } finally {
        m_credentialComparisonLock.unlock();
    }
}","    /**
     * Synchronously invoke a procedure call blocking until a result is available.
     * @param batchTimeout procedure invocation batch timeout.
     * @param procName class name (not qualified by package) of the procedure to execute.
     * @param parameters vararg list of procedure's parameter values.
     * @return array of VoltTable results.
     * @throws org.voltdb.client.ProcCallException
     * @throws NoConnectionsException
     */"
code_review,groq,v2_structured,doc_generation,VoltDB/voltdb,code_review:3779314eb2,0.1474,0.1263,0.0171,0.1601,0.8322,0.1718,"java
/**
 * Verifies that the provided credentials (username and hashed password) are always the same.
 * 
 * @param username the username to verify
 * @param hashedPassword the hashed password to verify
 * @return true if the credentials are the same, false otherwise
 * @throws AssertionError if the username is null
 */","    /**
     * Synchronously invoke a procedure call blocking until a result is available.
     * @param batchTimeout procedure invocation batch timeout.
     * @param procName class name (not qualified by package) of the procedure to execute.
     * @param parameters vararg list of procedure's parameter values.
     * @return array of VoltTable results.
     * @throws org.voltdb.client.ProcCallException
     * @throws NoConnectionsException
     */"
code_review,groq,v3_template,doc_generation,VoltDB/voltdb,code_review:3779314eb2,0.1573,0.1348,0.0146,0.1346,0.843,0.3031,"/**
 * Verifies that the provided credentials are always the same as the stored credentials.
 * @param username The username to verify.
 * @return True if the credentials are the same, false otherwise.
 * @throws Exception This method does not throw any exceptions.
 */","    /**
     * Synchronously invoke a procedure call blocking until a result is available.
     * @param batchTimeout procedure invocation batch timeout.
     * @param procName class name (not qualified by package) of the procedure to execute.
     * @param parameters vararg list of procedure's parameter values.
     * @return array of VoltTable results.
     * @throws org.voltdb.client.ProcCallException
     * @throws NoConnectionsException
     */"
code_review,groq,v4_persona,doc_generation,VoltDB/voltdb,code_review:3779314eb2,0.1124,0.1124,0.015,0.1184,0.8316,0.1696,"java
/**
 * Verifies that the provided credentials are always the same as the stored credentials.
 * 
 * @param username the username to verify
 * @param hashedPassword the hashed password to verify
 * @return true if the credentials are always the same, false otherwise
 */","    /**
     * Synchronously invoke a procedure call blocking until a result is available.
     * @param batchTimeout procedure invocation batch timeout.
     * @param procName class name (not qualified by package) of the procedure to execute.
     * @param parameters vararg list of procedure's parameter values.
     * @return array of VoltTable results.
     * @throws org.voltdb.client.ProcCallException
     * @throws NoConnectionsException
     */"
code_review,groq,v5_cognitive,doc_generation,VoltDB/voltdb,code_review:3779314eb2,0.1257,0.0838,0.0065,0.1516,0.8121,0.1994,"(1) This method has a single responsibility of verifying whether the provided credentials (username and hashed password) are always the same.

(2) 
- `username`: The username to be verified. It is expected to be non-null.
- `hashedPassword`: The hashed password to be verified. It can be null.

(3) 
- It returns `true` if the provided credentials are always the same, and `false` otherwise.
- It throws no exceptions, but it does assert that `username` is not null.

Here is the final Javadoc block:

```java
/**
 * Verifies whether the provided credentials (username and hashed password) are always the same.
 * 
 * @param username The username to be verified. It is expected to be non-null.
 * @param hashedPassword The hashed password to be verified. It can be null.
 * @return true if the provided credentials are always the same, and false otherwise.
 * @throws AssertionError if the username is null.
 */","    /**
     * Synchronously invoke a procedure call blocking until a result is available.
     * @param batchTimeout procedure invocation batch timeout.
     * @param procName class name (not qualified by package) of the procedure to execute.
     * @param parameters vararg list of procedure's parameter values.
     * @return array of VoltTable results.
     * @throws org.voltdb.client.ProcCallException
     * @throws NoConnectionsException
     */"
code_review,groq,v1_minimal,doc_generation,realm/realm-java,code_review:9e3cf5cc8c,0.023,0.023,0.0059,0.1523,0.8489,0.0669,"java
/**
 * Callback invoked when the schema of the shared Realm has changed.
 * 
 * When the schema changes, this callback refreshes the current schema to ensure
 * that the local RealmSchema is up-to-date.
 */
private OsSharedRealm.SchemaChangedCallback schemaChangedCallback = new OsSharedRealm.SchemaChangedCallback() {
    @Override
    public void onSchemaChanged() {
        /**
         * Refreshes the current schema to ensure it is up-to-date with the latest
         * changes from the shared Realm.
         */
        RealmSchema schema = getSchema();
        if (schema != null) {
            schema.refresh();
        }
    }
};","    /**
     * Thread pool executor used for write operations - only one thread is needed as writes cannot
     * be parallelized.
     */"
code_review,groq,v2_structured,doc_generation,realm/realm-java,code_review:9e3cf5cc8c,0.0,0.0,0.0076,0.0775,0.8499,0.0976,"java
/**
 * Callback invoked when the schema of the shared Realm has changed.
 * 
 * @param none
 * @return none
 */
private OsSharedRealm.SchemaChangedCallback schemaChangedCallback = new OsSharedRealm.SchemaChangedCallback() {
    @Override
    public void onSchemaChanged() {
        /**
         * Refreshes the schema of the shared Realm if it exists.
         */
        RealmSchema schema = getSchema();
        if (schema != null) {
            schema.refresh();
        }
    }
};","    /**
     * Thread pool executor used for write operations - only one thread is needed as writes cannot
     * be parallelized.
     */"
code_review,groq,v3_template,doc_generation,realm/realm-java,code_review:9e3cf5cc8c,0.0465,0.0465,0.0155,0.1087,0.8275,0.168,"/**
 * This callback is invoked when the schema of the Realm has changed.
 * @param callback The callback object that triggered this invocation.
 * @return None
 * @throws Exception None
 */","    /**
     * Thread pool executor used for write operations - only one thread is needed as writes cannot
     * be parallelized.
     */"
code_review,groq,v4_persona,doc_generation,realm/realm-java,code_review:9e3cf5cc8c,0.0526,0.0526,0.0201,0.1668,0.8324,0.1415,"java
/**
 * Callback invoked when the schema of the underlying Realm has changed.
 * Refreshes the Realm schema if it is not null.
 */","    /**
     * Thread pool executor used for write operations - only one thread is needed as writes cannot
     * be parallelized.
     */"
code_review,groq,v5_cognitive,doc_generation,realm/realm-java,code_review:9e3cf5cc8c,0.0357,0.0357,0.003,0.122,0.8173,0.1266,"(1) The single responsibility of this method is to refresh the Realm schema when it has changed.

(2) 
- `schemaChangedCallback`: This is an instance of `OsSharedRealm.SchemaChangedCallback` which represents the callback function to be executed when the Realm schema has changed.
- `RealmSchema schema`: This represents the Realm schema that needs to be refreshed.
- `getSchema()`: This is a method that returns the Realm schema.

(3)
- It returns nothing (`void`).
- It does not throw any exceptions under normal circumstances, but it may throw a `NullPointerException` if `schema` is `null` when calling `schema.refresh()`.

```java
/**
 * Callback function to refresh the Realm schema when it has changed.
 * 
 * @param callback The callback instance to be executed when the Realm schema has changed.
 */
private OsSharedRealm.SchemaChangedCallback schemaChangedCallback = new OsSharedRealm.SchemaChangedCallback() {
    @Override
    public void onSchemaChanged() {
        /**
         * Refreshes the Realm schema when it has changed.
         * 
         * @throws NullPointerException if the Realm schema is null.
         */
        RealmSchema schema = getSchema();
        if (schema != null) {
            schema.refresh();
        }
    }
};
```","    /**
     * Thread pool executor used for write operations - only one thread is needed as writes cannot
     * be parallelized.
     */"
code_review,groq,v1_minimal,doc_generation,apache/flink,code_review:667fd243f9,0.3478,0.1739,0.0076,0.2648,0.8175,0.7696,"java
/**
 * The main entry point for the Flink application.
 * 
 * This method sets up a Flink environment, reads data from a collection,
 * and writes it to an HBase table using a custom HBase sink.
 * 
 * @throws Exception if an error occurs during execution
 */
public static void main(String[] args) throws Exception {
    /**
     * Gets a new instance of the StreamExecutionEnvironment.
     * This environment is used to create and execute Flink streams.
     */
    final StreamExecutionEnvironment env = StreamExecutionEnvironment.getExecutionEnvironment();

    /**
     * Creates a data stream from a collection of data.
     * The data stream is typed as a Tuple3 of String, Integer, and Integer.
     */
    DataStream<Tuple3<String, Integer, Integer>> source = env.fromCollection(dataSource);

    /**
     * Adds a sink to the data stream to write the data to an HBase table.
     * The HBase sink uses a custom HBase mapper to determine the HBase table and column families to write to.
     */
    source.addSink(new HBaseSink<>(TABLE_NAME, new HBaseMapperExample(FAMILY, COLUMN1, COLUMN2)));

    /**
     * Executes the Flink job and starts the execution environment.
     */
    env.execute();
}","/**
 * This is an example showing how to use the HBaseSink in the Streaming API.
 *
 * To run the example you need a local HBase database that has a table ""flink-example"" with a column family ""cf"".
 * In the example, the HBase sink takes an input of type {@link Tuple3} and perform different operations based on the input.
 * The first field of a input value is used as the row key, the second field is treated as an opcode that
 * determines which type of HBase operation is performed and the third field is the value to written.
 */"
code_review,groq,v2_structured,doc_generation,apache/flink,code_review:667fd243f9,0.1642,0.0746,0.0045,0.0728,0.8371,0.598,"java
/**
 * Initializes and executes a Flink job that writes data to HBase.
 * 
 * @param args command-line arguments (not used in this example)
 * @throws Exception if an error occurs during job execution
 */
public static void main(String[] args) throws Exception {","/**
 * This is an example showing how to use the HBaseSink in the Streaming API.
 *
 * To run the example you need a local HBase database that has a table ""flink-example"" with a column family ""cf"".
 * In the example, the HBase sink takes an input of type {@link Tuple3} and perform different operations based on the input.
 * The first field of a input value is used as the row key, the second field is treated as an opcode that
 * determines which type of HBase operation is performed and the third field is the value to written.
 */"
code_review,groq,v3_template,doc_generation,apache/flink,code_review:667fd243f9,0.2456,0.1053,0.006,0.0958,0.8172,0.7345,"java
/**
 * Configures and executes a Flink job that writes data to HBase.
 * @param dataSource The collection of data to be written to HBase.
 * @return No return value, as this method is void.
 * @throws Exception If an error occurs during job execution.
 */

public static void main(String[] args) throws Exception {
	final StreamExecutionEnvironment env = StreamExecutionEnvironment.getExecutionEnvironment();

	DataStream<Tuple3<String, Integer, Integer>> source = env.fromCollection(dataSource);

	source.addSink(new HBaseSink<>(TABLE_NAME, new HBaseMapperExample(FAMILY, COLUMN1, COLUMN2)));
	env.execute();
}","/**
 * This is an example showing how to use the HBaseSink in the Streaming API.
 *
 * To run the example you need a local HBase database that has a table ""flink-example"" with a column family ""cf"".
 * In the example, the HBase sink takes an input of type {@link Tuple3} and perform different operations based on the input.
 * The first field of a input value is used as the row key, the second field is treated as an opcode that
 * determines which type of HBase operation is performed and the third field is the value to written.
 */"
code_review,groq,v4_persona,doc_generation,apache/flink,code_review:667fd243f9,0.2388,0.1343,0.0054,0.1423,0.8486,0.7243,"/**
 * Configures and executes a Flink job that writes data to HBase.
 * 
 * Creates a Flink execution environment, reads data from a collection,
 * and writes it to HBase using an HBase sink.
 * 
 * @throws Exception if an error occurs during job execution
 */","/**
 * This is an example showing how to use the HBaseSink in the Streaming API.
 *
 * To run the example you need a local HBase database that has a table ""flink-example"" with a column family ""cf"".
 * In the example, the HBase sink takes an input of type {@link Tuple3} and perform different operations based on the input.
 * The first field of a input value is used as the row key, the second field is treated as an opcode that
 * determines which type of HBase operation is performed and the third field is the value to written.
 */"
code_review,huggingface,v4_persona,doc_generation,apache/flink,code_review:667fd243f9,0.194,0.1045,0.0057,0.1318,0.8528,0.7219,"/**
 * Creates a Flink Stream Execution Environment and executes a data stream pipeline.
 * 
 * The pipeline reads data from a collection and writes it to an HBase table.
 * 
 * @param args command-line arguments
 * @throws Exception if an error occurs during execution
 */","/**
 * This is an example showing how to use the HBaseSink in the Streaming API.
 *
 * To run the example you need a local HBase database that has a table ""flink-example"" with a column family ""cf"".
 * In the example, the HBase sink takes an input of type {@link Tuple3} and perform different operations based on the input.
 * The first field of a input value is used as the row key, the second field is treated as an opcode that
 * determines which type of HBase operation is performed and the third field is the value to written.
 */"
code_review,groq,v5_cognitive,doc_generation,apache/flink,code_review:667fd243f9,0.3436,0.185,0.008,0.2119,0.8305,0.7112,"(1) The single responsibility of this method is to set up and execute a Flink job that writes data to an HBase table.

(2) 
- `env`: This parameter represents the Flink execution environment, which is used to create a StreamExecutionEnvironment.
- `dataSource`: This parameter represents the source data that will be written to the HBase table.

(3)
- This method does not return any value (void).
- It throws an `Exception` if any error occurs during the execution of the Flink job.

```java
/**
 * Sets up and executes a Flink job that writes data to an HBase table.
 * 
 * @param env the Flink execution environment
 * @param dataSource the source data to be written to the HBase table
 * @throws Exception if any error occurs during the execution of the Flink job
 */
public static void main(String[] args) throws Exception {
```","/**
 * This is an example showing how to use the HBaseSink in the Streaming API.
 *
 * To run the example you need a local HBase database that has a table ""flink-example"" with a column family ""cf"".
 * In the example, the HBase sink takes an input of type {@link Tuple3} and perform different operations based on the input.
 * The first field of a input value is used as the row key, the second field is treated as an opcode that
 * determines which type of HBase operation is performed and the third field is the value to written.
 */"
code_review,huggingface,v5_cognitive,doc_generation,apache/flink,code_review:667fd243f9,0.3028,0.1912,0.0069,0.2122,0.8182,0.6817,"Here are the sub-answers:

(1) The single responsibility of this method is to set up and execute a Flink Stream Processing Job.

(2) The parameters are:
- `String[] args`: an array of command-line arguments.
- `dataSource`: a data source.
- `TABLE_NAME`: the name of the HBase table.
- `FAMILY`: the family name in HBase.
- `COLUMN1` and `COLUMN2`: the column names in HBase.

(3) The method does not return any value, and it throws an `Exception` if any error occurs during the execution of the Flink Stream Processing Job.

And here is the final Javadoc block:

/**
 * Sets up and executes a Flink Stream Processing Job.
 * 
 * @param args an array of command-line arguments
 * @param dataSource a data source
 * @param TABLE_NAME the name of the HBase table
 * @param FAMILY the family name in HBase
 * @param COLUMN1 and COLUMN2 the column names in HBase
 * @throws Exception if any error occurs during the execution of the Flink Stream Processing Job
 */","/**
 * This is an example showing how to use the HBaseSink in the Streaming API.
 *
 * To run the example you need a local HBase database that has a table ""flink-example"" with a column family ""cf"".
 * In the example, the HBase sink takes an input of type {@link Tuple3} and perform different operations based on the input.
 * The first field of a input value is used as the row key, the second field is treated as an opcode that
 * determines which type of HBase operation is performed and the third field is the value to written.
 */"
code_review,groq,v1_minimal,doc_generation,vaadin/flow,code_review:abd4e2ac02,0.1798,0.1348,0.0104,0.1164,0.8403,0.5135,"Here's the Javadoc for the provided Java code:

```java
/**
 * Creates a new VaadinSession instance.
 * 
 * @param service the VaadinService instance to associate with this session
 */
public VaadinSession(VaadinService service) {
    this.service = service;
    resourceRegistry = createStreamResourceRegistry();
}
```","    /**
     * Checks whether the session is properly initialized/in use.
     * <p>
     * The session is initialized if
     * {@link #refreshTransients(WrappedSession, VaadinService)} has been called
     * for it. If the session is just created or deserialized but not yet in
     * real use then it's not initialized and it's state is incomplete.
     * 
     * @return whether the session is initialized
     */"
code_review,huggingface,v1_minimal,doc_generation,vaadin/flow,code_review:abd4e2ac02,0.2286,0.16,0.0065,0.2222,0.8496,0.5157,"Here is the Javadoc for the given Java code:

```java
/**
 * Initializes a new instance of the VaadinSession class.
 * 
 * @param service the VaadinService that this session is associated with
 */
public VaadinSession(VaadinService service) {
    /**
     * Initializes the internal state of this session.
     * 
     * @see #resourceRegistry
     */
    this.service = service;
    /**
     * Initializes the resource registry for this session.
     * 
     * @see #resourceRegistry
     */
    resourceRegistry = createStreamResourceRegistry();
}
```

Note: The Javadoc comments are written in a way that they can be used to generate HTML documentation for the class. The comments are written in a way that they provide a brief description of the method, its parameters, and its return type. The comments also provide additional information about the method, such as its purpose, its side effects, and its relationship with other methods.","    /**
     * Checks whether the session is properly initialized/in use.
     * <p>
     * The session is initialized if
     * {@link #refreshTransients(WrappedSession, VaadinService)} has been called
     * for it. If the session is just created or deserialized but not yet in
     * real use then it's not initialized and it's state is incomplete.
     * 
     * @return whether the session is initialized
     */"
code_review,groq,v2_structured,doc_generation,vaadin/flow,code_review:abd4e2ac02,0.1395,0.093,0.0092,0.0995,0.8459,0.4444,"java
/**
 * Creates a new VaadinSession instance, initializing it with the given VaadinService.
 * 
 * @param service the VaadinService instance to associate with this VaadinSession
 */
public VaadinSession(VaadinService service) {
    this.service = service;
    resourceRegistry = createStreamResourceRegistry();
}","    /**
     * Checks whether the session is properly initialized/in use.
     * <p>
     * The session is initialized if
     * {@link #refreshTransients(WrappedSession, VaadinService)} has been called
     * for it. If the session is just created or deserialized but not yet in
     * real use then it's not initialized and it's state is incomplete.
     * 
     * @return whether the session is initialized
     */"
code_review,huggingface,v2_structured,doc_generation,vaadin/flow,code_review:abd4e2ac02,0.233,0.1553,0.0124,0.1403,0.842,0.5357,"Here is the complete Javadoc for the given Java method:

```java
/**
 * Initializes a new instance of the VaadinSession class with the given VaadinService.
 * 
 * @param service the VaadinService to use for this session
 * @throws NullPointerException if the service is null
 */
public VaadinSession(VaadinService service) {
    this.service = service;
    resourceRegistry = createStreamResourceRegistry();
}
```","    /**
     * Checks whether the session is properly initialized/in use.
     * <p>
     * The session is initialized if
     * {@link #refreshTransients(WrappedSession, VaadinService)} has been called
     * for it. If the session is just created or deserialized but not yet in
     * real use then it's not initialized and it's state is incomplete.
     * 
     * @return whether the session is initialized
     */"
code_review,groq,v3_template,doc_generation,vaadin/flow,code_review:abd4e2ac02,0.1892,0.1622,0.0047,0.0787,0.8233,0.6672,"/**
 * Initializes a new VaadinSession instance with the given VaadinService.
 * @param service The VaadinService instance to use for this session.
 */","    /**
     * Checks whether the session is properly initialized/in use.
     * <p>
     * The session is initialized if
     * {@link #refreshTransients(WrappedSession, VaadinService)} has been called
     * for it. If the session is just created or deserialized but not yet in
     * real use then it's not initialized and it's state is incomplete.
     * 
     * @return whether the session is initialized
     */"
code_review,huggingface,v3_template,doc_generation,vaadin/flow,code_review:abd4e2ac02,0.1842,0.1316,0.0076,0.1042,0.8243,0.4935,"Here is the filled template:

/**
 * Creates a new VaadinSession instance with the given VaadinService.
 * @param service the VaadinService instance
 * @return 
 * @throws 
 */","    /**
     * Checks whether the session is properly initialized/in use.
     * <p>
     * The session is initialized if
     * {@link #refreshTransients(WrappedSession, VaadinService)} has been called
     * for it. If the session is just created or deserialized but not yet in
     * real use then it's not initialized and it's state is incomplete.
     * 
     * @return whether the session is initialized
     */"
code_review,groq,v4_persona,doc_generation,vaadin/flow,code_review:abd4e2ac02,0.1333,0.1333,0.0064,0.1017,0.8377,0.6789,"/**
 * Initializes a new VaadinSession instance with the given VaadinService.
 * 
 * @param service the VaadinService instance to be associated with this session
 */","    /**
     * Checks whether the session is properly initialized/in use.
     * <p>
     * The session is initialized if
     * {@link #refreshTransients(WrappedSession, VaadinService)} has been called
     * for it. If the session is just created or deserialized but not yet in
     * real use then it's not initialized and it's state is incomplete.
     * 
     * @return whether the session is initialized
     */"
code_review,huggingface,v4_persona,doc_generation,vaadin/flow,code_review:abd4e2ac02,0.2254,0.169,0.0052,0.1294,0.8435,0.6722,"/**
 * Initializes the VaadinSession with the given VaadinService.
 * 
 * @param service the VaadinService to use for this session
 */","    /**
     * Checks whether the session is properly initialized/in use.
     * <p>
     * The session is initialized if
     * {@link #refreshTransients(WrappedSession, VaadinService)} has been called
     * for it. If the session is just created or deserialized but not yet in
     * real use then it's not initialized and it's state is incomplete.
     * 
     * @return whether the session is initialized
     */"
code_review,groq,v5_cognitive,doc_generation,vaadin/flow,code_review:abd4e2ac02,0.2951,0.1967,0.0067,0.1968,0.82,0.5593,"(1) The single responsibility of this method is to initialize a VaadinSession object by setting its service and resource registry.

(2) 
- `VaadinService service`: This parameter represents the Vaadin service that this session will be associated with.
- `VaadinSession this`: This is the object being initialized, but it's not a parameter in the classical sense, rather the object being created.

(3)
- It returns a `VaadinSession` object, which is the object being created.
- It does not throw any exceptions in this specific method, but it may throw exceptions in the `createStreamResourceRegistry()` method if that method fails.

/** 
 * Initializes a VaadinSession object by setting its service and resource registry.
 * 
 * @param service the Vaadin service that this session will be associated with
 * @throws Exception if an error occurs while creating the resource registry
 */","    /**
     * Checks whether the session is properly initialized/in use.
     * <p>
     * The session is initialized if
     * {@link #refreshTransients(WrappedSession, VaadinService)} has been called
     * for it. If the session is just created or deserialized but not yet in
     * real use then it's not initialized and it's state is incomplete.
     * 
     * @return whether the session is initialized
     */"
code_review,huggingface,v5_cognitive,doc_generation,vaadin/flow,code_review:abd4e2ac02,0.2302,0.1727,0.0087,0.1636,0.8202,0.5087,"To document the java method, I will first answer the sub-questions and then combine the answers into the final documentation.

(1) The single responsibility of this method is to initialize a VaadinSession object.

(2) The parameter ""service"" represents the VaadinService that this method is associated with.

(3) This method does not return any value, and it does not throw any exceptions.

Here is the final Javadoc block:

/**
 * Initializes a VaadinSession object with the given VaadinService.
 * 
 * @param service the VaadinService associated with this VaadinSession
 */","    /**
     * Checks whether the session is properly initialized/in use.
     * <p>
     * The session is initialized if
     * {@link #refreshTransients(WrappedSession, VaadinService)} has been called
     * for it. If the session is just created or deserialized but not yet in
     * real use then it's not initialized and it's state is incomplete.
     * 
     * @return whether the session is initialized
     */"
code_review,groq,v1_minimal,doc_generation,Alluxio/alluxio,code_review:397ea351cd,0.0732,0.0732,0.0116,0.2464,0.8112,0.5032,"java
/**
 * Tests the builder pattern for DeleteLineageOptions.
 * 
 * This method creates a new DeleteLineageOptions instance using the builder pattern,
 * sets the cascade option to true, and verifies that the cascade option is indeed set.
 */
public void builderTest() {
    /**
     * Creates a new DeleteLineageOptions instance using the builder pattern.
     * 
     * @param conf the Tachyon configuration
     * @return a new DeleteLineageOptions instance
     */
    DeleteLineageOptions options =
        new DeleteLineageOptions.Builder(new TachyonConf()).setCascade(true).build();
    
    /**
     * Verifies that the cascade option is set to true.
     */
    Assert.assertTrue(options.isCascade());
}","/**
 * Tests for {@link DeleteLineageOptions}.
 */"
code_review,huggingface,v1_minimal,doc_generation,Alluxio/alluxio,code_review:397ea351cd,0.0566,0.0566,0.0097,0.1488,0.8223,0.5618,"Here is the Javadoc for the given Java code:

```java
/**
 * Tests the builder pattern for DeleteLineageOptions.
 * 
 * This method creates a DeleteLineageOptions object using the builder pattern and then asserts that the
 * cascade option is set to true.
 * 
 * @see DeleteLineageOptions
 * @see DeleteLineageOptions.Builder
 */
public void builderTest() {
    DeleteLineageOptions options =
        new DeleteLineageOptions.Builder(new TachyonConf()).setCascade(true).build();
    Assert.assertTrue(options.isCascade());
}
```

Note: The Javadoc is written in a way that it provides a clear description of the method, its purpose, and its relationship with other classes. It also includes relevant information about the method's parameters, return type, and any exceptions it may throw.","/**
 * Tests for {@link DeleteLineageOptions}.
 */"
code_review,groq,v2_structured,doc_generation,Alluxio/alluxio,code_review:397ea351cd,0.1875,0.1875,0.0364,0.2717,0.84,0.6288,"java
/**
 * Tests the builder pattern for DeleteLineageOptions.
 * 
 * @param none
 * @throws none
 */
public void builderTest() {
    DeleteLineageOptions options =
        new DeleteLineageOptions.Builder(new TachyonConf()).setCascade(true).build();
    Assert.assertTrue(options.isCascade());
}","/**
 * Tests for {@link DeleteLineageOptions}.
 */"
code_review,huggingface,v2_structured,doc_generation,Alluxio/alluxio,code_review:397ea351cd,0.2143,0.2143,0.0328,0.2632,0.8601,0.6136,"Here is the complete Javadoc doc block for the given method:

```java
/**
 * Tests the builder pattern for DeleteLineageOptions.
 * 
 * @param none
 * @return none
 * @throws none
 */
```","/**
 * Tests for {@link DeleteLineageOptions}.
 */"
code_review,groq,v3_template,doc_generation,Alluxio/alluxio,code_review:397ea351cd,0.1818,0.0909,0.0208,0.2326,0.8677,0.5515,"/**
 * Deletes a lineage with cascade option enabled.
 * @param options DeleteLineageOptions instance to be used for deletion
 * @return void
 */","/**
 * Tests for {@link DeleteLineageOptions}.
 */"
code_review,huggingface,v3_template,doc_generation,Alluxio/alluxio,code_review:397ea351cd,0.0417,0.0417,0.0086,0.1327,0.8465,0.5903,"Here is the filled template:

/**
 * Creates a DeleteLineageOptions object with cascade option set to true.
 * @param options DeleteLineageOptions object with cascade option set to true.
 * @return true if the cascade option is set, false otherwise.
 * @throws AssertionError if the cascade option is not set.
 */","/**
 * Tests for {@link DeleteLineageOptions}.
 */"
code_review,groq,v4_persona,doc_generation,Alluxio/alluxio,code_review:397ea351cd,0.1333,0.1333,0.0321,0.2128,0.8747,0.667,"/**
 * Tests the creation of a DeleteLineageOptions instance with cascade deletion enabled.
 * 
 * @throws AssertionError if the cascade option is not set to true in the resulting options.
 */","/**
 * Tests for {@link DeleteLineageOptions}.
 */"
code_review,huggingface,v4_persona,doc_generation,Alluxio/alluxio,code_review:397ea351cd,0.069,0.069,0.017,0.1685,0.8569,0.5991,"/**
 * Creates a <code>DeleteLineageOptions</code> instance with cascade option set to <code>true</code>
 * and verifies that the cascade option is enabled.
 * 
 * @see DeleteLineageOptions.Builder
 */","/**
 * Tests for {@link DeleteLineageOptions}.
 */"
code_review,groq,v5_cognitive,doc_generation,Alluxio/alluxio,code_review:397ea351cd,0.0328,0.0328,0.0055,0.1016,0.7958,0.487,"(1) The single responsibility of this method is to test the functionality of the DeleteLineageOptions class by creating an instance with a specific configuration and verifying its properties.

(2) 
- `DeleteLineageOptions options`: This parameter represents the instance of DeleteLineageOptions that is being tested.
- `new TachyonConf()`: This parameter represents the configuration used to create the DeleteLineageOptions instance. It is an instance of TachyonConf, which is likely a configuration class for the Tachyon system.
- `new DeleteLineageOptions.Builder(...)`: This is the builder instance used to create the DeleteLineageOptions instance. It takes the TachyonConf instance as a parameter.

(3) 
- This method does not return any value (void).
- It throws an AssertionError if the assertion `Assert.assertTrue(options.isCascade())` fails, which means the `isCascade()` method of the DeleteLineageOptions instance returns false.

```java
/**
 * Tests the functionality of the DeleteLineageOptions class by creating an instance with a specific configuration
 * and verifying its properties.
 * 
 * @param conf the Tachyon configuration used to create the DeleteLineageOptions instance
 * @throws AssertionError if the assertion fails
 */
public void builderTest() {
    DeleteLineageOptions options =
        new DeleteLineageOptions.Builder(new TachyonConf()).setCascade(true).build();
    Assert.assertTrue(options.isCascade());
}
```","/**
 * Tests for {@link DeleteLineageOptions}.
 */"
code_review,huggingface,v5_cognitive,doc_generation,Alluxio/alluxio,code_review:397ea351cd,0.0556,0.0556,0.0094,0.1462,0.8296,0.5024,"Here are the sub-answers:

(1) The single responsibility of this method is to test the builder pattern for DeleteLineageOptions.

(2) The parameter `options` represents the result of the builder pattern for DeleteLineageOptions, and `TachyonConf` represents the configuration object used to build the options.

(3) The method does not return any value, and it throws an `AssertionError` if the assertion `options.isCascade()` fails.

And here is the final Javadoc block:

/**
 * Tests the builder pattern for DeleteLineageOptions.
 * 
 * @param options the result of the builder pattern for DeleteLineageOptions
 * @param tachyonConf the configuration object used to build the options
 * @throws AssertionError if the assertion options.isCascade() fails
 */","/**
 * Tests for {@link DeleteLineageOptions}.
 */"
code_review,groq,v1_minimal,doc_generation,apache/skywalking,code_review:6be0151ee6,0.0,0.0,0.0057,0.1261,0.7766,0.0528,"Here's the Javadoc for the given Java code:

```java
/**
 * Tests the serialization of a ServiceResetCommand.
 * 
 * This method creates a ServiceResetCommand, serializes it, and then asserts
 * that the serialized command has the correct name and arguments.
 * 
 * @throws Exception if an error occurs during serialization or assertion
 */
public void test_serialize() throws Exception {
    ServiceResetCommand command = new ServiceResetCommand(""aa"");
    Command.Builder builder = command.serialize();

    Assert.assertEquals(ServiceResetCommand.NAME, builder.getCommand());
    Assert.assertEquals(""aa"", builder.getArgs(0).getValue());
}
```","/**
 * @author jsbxyyx
 */"
code_review,huggingface,v1_minimal,doc_generation,apache/skywalking,code_review:6be0151ee6,0.0,0.0,0.0031,0.1404,0.7654,0.0328,"Here is the Javadoc for the given Java code:

```java
/**
 * Tests the serialization of a ServiceResetCommand.
 * 
 * @throws Exception if an error occurs during serialization
 */
public void test_serialize() throws Exception {
    /**
     * Creates a new ServiceResetCommand with the given argument.
     */
    ServiceResetCommand command = new ServiceResetCommand(""aa"");
    /**
     * Serializes the command into a Command.Builder.
     */
    Command.Builder builder = command.serialize();

    /**
     * Verifies that the command name is correct.
     */
    Assert.assertEquals(ServiceResetCommand.NAME, builder.getCommand());
    /**
     * Verifies that the first argument value is correct.
     */
    Assert.assertEquals(""aa"", builder.getArgs(0).getValue());
}
```

Note: The Javadoc comments are written in a way that they provide a clear description of what each part of the code is doing, and what the method is intended to do. This is helpful for other developers who may be using or maintaining the code.","/**
 * @author jsbxyyx
 */"
code_review,groq,v2_structured,doc_generation,apache/skywalking,code_review:6be0151ee6,0.0,0.0,0.0132,0.1923,0.8079,0.0264,"java
/**
 * Tests the serialization of a ServiceResetCommand.
 * 
 * @throws Exception if an error occurs during serialization
 */
public void test_serialize() throws Exception {
    // method body remains the same
}","/**
 * @author jsbxyyx
 */"
code_review,huggingface,v2_structured,doc_generation,apache/skywalking,code_review:6be0151ee6,0.0,0.0,0.0086,0.1579,0.7975,0.1067,"Here is the complete Javadoc doc block for the given method:

```java
/**
 * Tests the serialization of a ServiceResetCommand.
 * 
 * @param command a ServiceResetCommand to be serialized
 * @param builder the Command.Builder returned by the serialize method
 * @throws Exception if an error occurs during serialization
 */
```","/**
 * @author jsbxyyx
 */"
code_review,groq,v3_template,doc_generation,apache/skywalking,code_review:6be0151ee6,0.0,0.0,0.0163,0.2083,0.8141,0.05,"/**
 * Tests the serialization of a ServiceResetCommand.
 * @param command the ServiceResetCommand to serialize
 * @return the serialized Command
 * @throws Exception if serialization fails
 */","/**
 * @author jsbxyyx
 */"
code_review,huggingface,v3_template,doc_generation,apache/skywalking,code_review:6be0151ee6,0.0,0.0,0.0137,0.1948,0.8069,0.0658,"Here is the filled template:

/**
 * Tests the serialization of a ServiceResetCommand.
 * @param command a ServiceResetCommand object
 * @return the serialized command
 * @throws Exception if an error occurs
 */","/**
 * @author jsbxyyx
 */"
code_review,groq,v4_persona,doc_generation,apache/skywalking,code_review:6be0151ee6,0.0,0.0,0.0132,0.1923,0.8089,0.0332,"java
/**
 * Tests serialization of a ServiceResetCommand instance.
 * 
 * Serializes the command and verifies that the serialized command's name and first argument match the original command's name and first argument.
 */","/**
 * @author jsbxyyx
 */"
code_review,groq,v5_cognitive,doc_generation,apache/skywalking,code_review:6be0151ee6,0.0,0.0,0.0034,0.0882,0.7712,-0.0129,"(1) The single responsibility of this method is to test the serialization functionality of the `ServiceResetCommand` class.

(2) 
- `command`: This is an instance of `ServiceResetCommand` that represents the command to be serialized.
- `builder`: This is an instance of `Command.Builder` that is used to build the serialized command.

(3)
- The method does not return any value (i.e., it returns `void`).
- The method throws an `Exception` if any error occurs during the serialization process.

Here is the final Javadoc block:

```java
/**
 * Tests the serialization functionality of the ServiceResetCommand class.
 * 
 * @param command the command to be serialized
 * @throws Exception if any error occurs during the serialization process
 */
public void test_serialize() throws Exception {
    // method implementation
}
```","/**
 * @author jsbxyyx
 */"
code_review,groq,v1_minimal,doc_generation,jenkinsci/jenkins,code_review:7f2f07e4b6,0.0421,0.0421,0.0047,0.1344,0.8483,0.0667,"java
/**
 * A memoizer for extension lists, caching the result of {@link ExtensionList#create(Jenkins, Class)} 
 * for each class type. This memoizer is transient, meaning it will not be serialized with the rest of 
 * the Jenkins instance.
 */
private transient final Memoizer<Class, ExtensionList> extensionLists = new Memoizer<Class, ExtensionList>() {
    /**
     * Computes the extension list for the given class type.
     * 
     * @param key the class type for which to compute the extension list
     * @return the extension list for the given class type
     */
    public ExtensionList compute(Class key) {
        return ExtensionList.create(Jenkins.this, key);
    }
};","    /**
     * Returns the enabled and activated administrative monitors.
     */"
code_review,groq,v2_structured,doc_generation,jenkinsci/jenkins,code_review:7f2f07e4b6,0.0635,0.0635,0.0073,0.1634,0.8447,0.0929,"java
/**
 * A memoizer for extension lists, caching the result of {@link ExtensionList#create(Jenkins, Class)} for each class.
 * 
 * @param key the class for which to compute the extension list
 * @return the cached extension list for the given class
 * @throws Exception if an error occurs while computing the extension list
 */
public ExtensionList compute(Class key) {
    // method body
}","    /**
     * Returns the enabled and activated administrative monitors.
     */"
code_review,groq,v3_template,doc_generation,jenkinsci/jenkins,code_review:7f2f07e4b6,0.1111,0.1111,0.0138,0.2016,0.8403,0.2,"/**
 * Provides a memoized cache of extension lists for each class.
 * @param key The class for which to retrieve the extension list.
 * @return The extension list for the given class.
 */","    /**
     * Returns the enabled and activated administrative monitors.
     */"
code_review,groq,v4_persona,doc_generation,jenkinsci/jenkins,code_review:7f2f07e4b6,0.0952,0.0952,0.0123,0.1953,0.8518,0.0951,"/**
 * Memoizes the creation of {@link ExtensionList} instances for a given class.
 * 
 * This memoizer is used to cache the result of {@link ExtensionList#create(Class, Jenkins)} 
 * for a given class, avoiding redundant computations and improving performance.","    /**
     * Returns the enabled and activated administrative monitors.
     */"
code_review,groq,v5_cognitive,doc_generation,jenkinsci/jenkins,code_review:7f2f07e4b6,0.0545,0.0545,0.0044,0.15,0.8249,0.0884,"(1) The single responsibility of this method is to compute and return an ExtensionList instance based on the provided key.

(2) 
- The parameter 'key' is of type 'Class' and represents the class for which the ExtensionList instance is being computed.

(3)
- The method returns an 'ExtensionList' instance.
- It does not explicitly throw any exceptions, but it may throw exceptions if the 'ExtensionList.create' method throws any, such as 'NullPointerException' if 'Jenkins.this' or 'key' is null.

/** 
 * Computes and returns an ExtensionList instance based on the provided key.
 * 
 * @param key the class for which the ExtensionList instance is being computed
 * @return an ExtensionList instance
 */","    /**
     * Returns the enabled and activated administrative monitors.
     */"
code_review,groq,v1_minimal,doc_generation,apache/pulsar,code_review:48eae6dcb1,0.1832,0.1172,0.0069,0.1348,0.7706,0.106,"Here's the Javadoc for the `DelayInjectionMetadataStore` constructor:

```java
/**
 * Constructs a new instance of DelayInjectionMetadataStore.
 *
 * @param store the underlying metadata store, which must implement MetadataStoreExtended.
 */
public DelayInjectionMetadataStore(MetadataStoreExtended store) {
    this.store = store;
    this.delays = new CopyOnWriteArrayList<>();
    scheduler = Executors.newSingleThreadScheduledExecutor(
            new DefaultThreadFactory(""metadata-store-delay-injection""));
}
```

However, it's generally good practice to include a description of the class and its purpose in the Javadoc for the class itself, not just the constructor. Here's an example of what that might look like:

```java
/**
 * A metadata store that provides delayed injection of metadata.
 * This class extends the basic functionality of a metadata store by allowing
 * metadata to be injected at a later time.
 */
public class DelayInjectionMetadataStore extends MetadataStoreExtended {
    
    /**
     * Constructs a new instance of DelayInjectionMetadataStore.
     *
     * @param store the underlying metadata store, which must implement MetadataStoreExtended.
     */
    public DelayInjectionMetadataStore(MetadataStoreExtended store) {
        this.store = store;
        this.delays = new CopyOnWriteArrayList<>();
        scheduler = Executors.newSingleThreadScheduledExecutor(
                new DefaultThreadFactory(""metadata-store-delay-injection""));
    }
    // ...
}
```","/**
 * Licensed to the Apache Software Foundation (ASF) under one
 * or more contributor license agreements.  See the NOTICE file
 * distributed with this work for additional information
 * regarding copyright ownership.  The ASF licenses this file
 * to you under the Apache License, Version 2.0 (the
 * ""License""); you may not use this file except in compliance
 * with the License.  You may obtain a copy of the License at
 *
 *   http://www.apache.org/licenses/LICENSE-2.0
 *
 * Unless required by applicable law or agreed to in writing,
 * software distributed under the License is distributed on an
 * ""AS IS"" BASIS, WITHOUT WARRANTIES OR CONDITIONS OF ANY
 * KIND, either express or implied.  See the License for the
 * specific language governing permissions and limitations
 * under the License.
 */"
code_review,groq,v2_structured,doc_generation,apache/pulsar,code_review:48eae6dcb1,0.1019,0.0637,0.0018,0.0455,0.7775,0.0415,"java
/**
 * Constructs a new instance of DelayInjectionMetadataStore.
 * 
 * @param store the MetadataStoreExtended instance to use for storing metadata
 */
public DelayInjectionMetadataStore(MetadataStoreExtended store) {
    this.store = store;
    this.delays = new CopyOnWriteArrayList<>();
    scheduler = Executors.newSingleThreadScheduledExecutor(
            new DefaultThreadFactory(""metadata-store-delay-injection""));
}","/**
 * Licensed to the Apache Software Foundation (ASF) under one
 * or more contributor license agreements.  See the NOTICE file
 * distributed with this work for additional information
 * regarding copyright ownership.  The ASF licenses this file
 * to you under the Apache License, Version 2.0 (the
 * ""License""); you may not use this file except in compliance
 * with the License.  You may obtain a copy of the License at
 *
 *   http://www.apache.org/licenses/LICENSE-2.0
 *
 * Unless required by applicable law or agreed to in writing,
 * software distributed under the License is distributed on an
 * ""AS IS"" BASIS, WITHOUT WARRANTIES OR CONDITIONS OF ANY
 * KIND, either express or implied.  See the License for the
 * specific language governing permissions and limitations
 * under the License.
 */"
code_review,groq,v3_template,doc_generation,apache/pulsar,code_review:48eae6dcb1,0.0952,0.068,0.0012,0.0499,0.7851,0.0543,"java
    /**
     * Initializes a new instance of the DelayInjectionMetadataStore class.
     * @param store The MetadataStoreExtended instance to be used.
     * @return No return value.
     * @throws Exception No exceptions are expected.
     */","/**
 * Licensed to the Apache Software Foundation (ASF) under one
 * or more contributor license agreements.  See the NOTICE file
 * distributed with this work for additional information
 * regarding copyright ownership.  The ASF licenses this file
 * to you under the Apache License, Version 2.0 (the
 * ""License""); you may not use this file except in compliance
 * with the License.  You may obtain a copy of the License at
 *
 *   http://www.apache.org/licenses/LICENSE-2.0
 *
 * Unless required by applicable law or agreed to in writing,
 * software distributed under the License is distributed on an
 * ""AS IS"" BASIS, WITHOUT WARRANTIES OR CONDITIONS OF ANY
 * KIND, either express or implied.  See the License for the
 * specific language governing permissions and limitations
 * under the License.
 */"
code_review,groq,v4_persona,doc_generation,apache/pulsar,code_review:48eae6dcb1,0.1032,0.0774,0.0021,0.0579,0.8002,0.1124,"/**
 * Constructs a new instance of the DelayInjectionMetadataStore, initializing the underlying metadata store,
 * a thread-safe list to store delays, and a single-threaded scheduled executor for delayed metadata injection.
 *
 * @param store the underlying metadata store
 */","/**
 * Licensed to the Apache Software Foundation (ASF) under one
 * or more contributor license agreements.  See the NOTICE file
 * distributed with this work for additional information
 * regarding copyright ownership.  The ASF licenses this file
 * to you under the Apache License, Version 2.0 (the
 * ""License""); you may not use this file except in compliance
 * with the License.  You may obtain a copy of the License at
 *
 *   http://www.apache.org/licenses/LICENSE-2.0
 *
 * Unless required by applicable law or agreed to in writing,
 * software distributed under the License is distributed on an
 * ""AS IS"" BASIS, WITHOUT WARRANTIES OR CONDITIONS OF ANY
 * KIND, either express or implied.  See the License for the
 * specific language governing permissions and limitations
 * under the License.
 */"
code_review,groq,v5_cognitive,doc_generation,apache/pulsar,code_review:48eae6dcb1,0.2332,0.1343,0.0059,0.1382,0.7719,0.0893,"(1) The single responsibility of this method is to initialize a DelayInjectionMetadataStore object by setting up its internal components.

(2) 
- `store`: This parameter represents the MetadataStoreExtended object that this DelayInjectionMetadataStore object will be built upon. It is the underlying storage mechanism for metadata.
- `delays`: This is an internal field that is initialized in the constructor. It represents a list of delays used for injection into the metadata store. It is a CopyOnWriteArrayList to ensure thread safety.

(3)
- This method does not return any value (i.e., it returns void).
- It does not throw any exceptions explicitly, but it may throw a NullPointerException if the 'store' parameter is null, depending on how the class is used.

Here is the final Javadoc block:

```java
/**
 * Initializes a DelayInjectionMetadataStore object with the given MetadataStoreExtended.
 * 
 * @param store the MetadataStoreExtended object that this DelayInjectionMetadataStore object will be built upon
 */
public DelayInjectionMetadataStore(MetadataStoreExtended store) {
    this.store = store;
    this.delays = new CopyOnWriteArrayList<>();
    scheduler = Executors.newSingleThreadScheduledExecutor(
            new DefaultThreadFactory(""metadata-store-delay-injection""));
}
```","/**
 * Licensed to the Apache Software Foundation (ASF) under one
 * or more contributor license agreements.  See the NOTICE file
 * distributed with this work for additional information
 * regarding copyright ownership.  The ASF licenses this file
 * to you under the Apache License, Version 2.0 (the
 * ""License""); you may not use this file except in compliance
 * with the License.  You may obtain a copy of the License at
 *
 *   http://www.apache.org/licenses/LICENSE-2.0
 *
 * Unless required by applicable law or agreed to in writing,
 * software distributed under the License is distributed on an
 * ""AS IS"" BASIS, WITHOUT WARRANTIES OR CONDITIONS OF ANY
 * KIND, either express or implied.  See the License for the
 * specific language governing permissions and limitations
 * under the License.
 */"
code_review,groq,v1_minimal,doc_generation,micronaut-projects/micronaut-core,code_review:f93abceffc,0.0161,0.0161,0.0033,0.0829,0.8136,0.1411,"Here's the Javadoc for the provided Java code:

```java
/**
 * Finds a ZonedDateTime instance from the given name.
 * 
 * This method attempts to parse the given name as a date in the format specified by RFC 1123.
 * If the parsing is successful, it returns an Optional containing the parsed ZonedDateTime in the GMT time zone.
 * If the parsing fails, it returns an empty Optional.
 * 
 * @param name the name to be parsed as a date
 * @return an Optional containing the parsed ZonedDateTime, or an empty Optional if parsing fails
 */
default Optional<ZonedDateTime> findDate(CharSequence name) {
    try {
        return findFirst(name).map((str) -> {
                LocalDateTime localDateTime = LocalDateTime.parse(str, DateTimeFormatter.RFC_1123_DATE_TIME);
                return ZonedDateTime.of(localDateTime, ZoneId.of(""GMT""));
            }

        );
    } catch (DateTimeParseException e) {
        return Optional.empty();
    }
}
```","    /**
     * {@code ""Bearer ""}.
     */"
code_review,groq,v2_structured,doc_generation,micronaut-projects/micronaut-core,code_review:f93abceffc,0.0,0.0,0.0069,0.1293,0.8053,0.2391,"java
/**
 * Finds a ZonedDateTime instance from the given name, parsing it as an RFC 1123 date and time.
 * 
 * @param name the name to parse
 * @return an Optional containing the parsed ZonedDateTime instance, or an empty Optional if parsing fails
 * @throws DateTimeParseException if the input string cannot be parsed as an RFC 1123 date and time
 */","    /**
     * {@code ""Bearer ""}.
     */"
code_review,groq,v3_template,doc_generation,micronaut-projects/micronaut-core,code_review:f93abceffc,0.0,0.0,0.0103,0.1563,0.7931,0.2252,"/**
 * Finds the first date in the list that matches the given name and returns it in ZonedDateTime format.
 * @param name the name to search for
 * @return an Optional containing the ZonedDateTime if found, otherwise an empty Optional
 */","    /**
     * {@code ""Bearer ""}.
     */"
code_review,groq,v4_persona,doc_generation,micronaut-projects/micronaut-core,code_review:f93abceffc,0.0,0.0,0.0062,0.122,0.7857,0.2142,"java
/**
 * Finds a ZonedDateTime instance from the first matching string in the collection
 * that matches the given name, parses it as a RFC 1123 date/time string, and
 * converts it to GMT.
 *
 * @param name the name to search for
 * @return an Optional containing the parsed ZonedDateTime instance, or an empty Optional if no match is found or the string cannot be parsed
 */","    /**
     * {@code ""Bearer ""}.
     */"
code_review,groq,v5_cognitive,doc_generation,micronaut-projects/micronaut-core,code_review:f93abceffc,0.0,0.0,0.0022,0.061,0.7919,0.1379,"(1) The single responsibility of this method is to find a date represented as a string in a specific format from a collection of dates, and return it as an Optional ZonedDateTime object.

(2) 
- `name`: This parameter represents the string to be searched for in the collection of dates. It is a CharSequence, which can be a string or a character array.

(3)
- The method returns an Optional ZonedDateTime object, which is a date and time in the GMT time zone.
- The method throws a DateTimeParseException if the string cannot be parsed into a date and time in the specified format.

Here is the final Javadoc block:

```java
    /**
     * Finds a date represented as a string in the RFC 1123 format from a collection of dates.
     * 
     * @param name the string to be searched for in the collection of dates
     * @return an Optional ZonedDateTime object representing the found date in the GMT time zone, or an empty Optional if not found or the string is invalid
     * @throws DateTimeParseException if the string cannot be parsed into a date and time in the specified format
     */
```","    /**
     * {@code ""Bearer ""}.
     */"
code_review,groq,v1_minimal,doc_generation,broadinstitute/gatk,code_review:fed6ef20ed,0.2476,0.1714,0.0194,0.1342,0.8214,0.4889,"Here's the Javadoc for the given Java code:

```java
/**
 * Returns the class of the feature annotated by {@link GencodeGtfFeature}.
 * 
 * @return the class of the feature annotated by {@link GencodeGtfFeature}.
 */
protected Class<? extends Feature> getAnnotationFeatureClass() {
    return GencodeGtfFeature.class;
}
```","    /**
     * Creates a {@link GencodeFuncotation}s based on a given spanning deletion {@link Allele}.
     *
     * Reports reference bases as if they are on the {@link Strand#POSITIVE} strand.
     * @param variant The {@link VariantContext} associated with this annotation.
     * @param annotationTranscript The transcript ID to use for populating this funcotation.
     * @param reference The {@link ReferenceContext} in which the given {@link Allele}s appear.
     * @return An IGR funcotation for the given allele.
     */"
code_review,groq,v2_structured,doc_generation,broadinstitute/gatk,code_review:fed6ef20ed,0.1684,0.1474,0.0072,0.1068,0.813,0.4656,"java
/**
 * Returns the class of the annotation feature used in Gencode GTF files.
 * 
 * @return the class of the annotation feature
 */
protected Class<? extends Feature> getAnnotationFeatureClass() {
    return GencodeGtfFeature.class;
}","    /**
     * Creates a {@link GencodeFuncotation}s based on a given spanning deletion {@link Allele}.
     *
     * Reports reference bases as if they are on the {@link Strand#POSITIVE} strand.
     * @param variant The {@link VariantContext} associated with this annotation.
     * @param annotationTranscript The transcript ID to use for populating this funcotation.
     * @param reference The {@link ReferenceContext} in which the given {@link Allele}s appear.
     * @return An IGR funcotation for the given allele.
     */"
code_review,groq,v3_template,doc_generation,broadinstitute/gatk,code_review:fed6ef20ed,0.1481,0.1235,0.0019,0.0865,0.8219,0.4121,"/**
 * Returns the class of the annotation feature.
 * @return The class of the annotation feature.
 */","    /**
     * Creates a {@link GencodeFuncotation}s based on a given spanning deletion {@link Allele}.
     *
     * Reports reference bases as if they are on the {@link Strand#POSITIVE} strand.
     * @param variant The {@link VariantContext} associated with this annotation.
     * @param annotationTranscript The transcript ID to use for populating this funcotation.
     * @param reference The {@link ReferenceContext} in which the given {@link Allele}s appear.
     * @return An IGR funcotation for the given allele.
     */"
code_review,groq,v4_persona,doc_generation,broadinstitute/gatk,code_review:fed6ef20ed,0.1839,0.1379,0.0047,0.1082,0.8371,0.6061,"/**
 * Returns the class of the feature annotated by {@link GencodeGtfFeature}.
 * 
 * @return the class of the feature annotated by {@link GencodeGtfFeature}
 */","    /**
     * Creates a {@link GencodeFuncotation}s based on a given spanning deletion {@link Allele}.
     *
     * Reports reference bases as if they are on the {@link Strand#POSITIVE} strand.
     * @param variant The {@link VariantContext} associated with this annotation.
     * @param annotationTranscript The transcript ID to use for populating this funcotation.
     * @param reference The {@link ReferenceContext} in which the given {@link Allele}s appear.
     * @return An IGR funcotation for the given allele.
     */"
code_review,groq,v5_cognitive,doc_generation,broadinstitute/gatk,code_review:fed6ef20ed,0.1684,0.0947,0.0075,0.1582,0.8016,0.3464,"(1) The single responsibility of this method is to return the class of a feature annotation.

(2) The parameter is empty, implying that this method does not take any parameters. However, it does return a class, which is a representation of a specific type of feature annotation, in this case, GencodeGtfFeature.

(3) This method returns the class of a feature annotation, specifically GencodeGtfFeature.class. It does not throw any exceptions under normal circumstances, but it may throw a NullPointerException if the class is null.

Here is the final Javadoc block:

```java
/**
 * Returns the class of a feature annotation.
 * 
 * @return the class of a feature annotation, specifically GencodeGtfFeature.class
 * @throws NullPointerException if the class is null
 */
protected Class<? extends Feature> getAnnotationFeatureClass() {
    return GencodeGtfFeature.class;
}
```","    /**
     * Creates a {@link GencodeFuncotation}s based on a given spanning deletion {@link Allele}.
     *
     * Reports reference bases as if they are on the {@link Strand#POSITIVE} strand.
     * @param variant The {@link VariantContext} associated with this annotation.
     * @param annotationTranscript The transcript ID to use for populating this funcotation.
     * @param reference The {@link ReferenceContext} in which the given {@link Allele}s appear.
     * @return An IGR funcotation for the given allele.
     */"
code_review,groq,v1_minimal,doc_generation,vespa-engine/vespa,code_review:699b532d75,0.0,0.0,0.0032,0.0735,0.7524,-0.0111,"java
/**
 * Compares the provided hardware information with the actual hardware information.
 * 
 * This method checks for equality in memory, CPU, network interface, and disk specifications.
 * It returns a YamasSpecReport object containing the comparison results.
 * 
 * @param node the hardware information to compare
 * @param actualHardware the actual hardware information
 * @return a YamasSpecReport object containing the comparison results
 */
public static YamasSpecReport compare(HardwareInfo node, HardwareInfo actualHardware) {
    Boolean equalHardware = true;
    YamasSpecReport yamasSpecReport = new YamasSpecReport();
    SpecReportDimensions specReportDimensions = new SpecReportDimensions();
    SpecReportMetrics specReportMetrics = new SpecReportMetrics();

    if (node == null || actualHardware == null) {
        return yamasSpecReport;
    }

    setReportMetrics(node, actualHardware, specReportMetrics);

    equalHardware &= compareMemory(node, actualHardware, specReportDimensions);
    equalHardware &= compareCPU(node, actualHardware, specReportDimensions);
    equalHardware &= compareNetInterface(node, actualHardware, specReportDimensions);
    equalHardware &= compareDisk(node, actualHardware, specReportDimensions);

    specReportMetrics.setMatch(equalHardware);
    yamasSpecReport.setDimensions(specReportDimensions);
    yamasSpecReport.setMetrics(specReportMetrics);

    return yamasSpecReport;
}","/**
 * Created by olaa on 04/07/2017.
 */"
code_review,groq,v2_structured,doc_generation,vespa-engine/vespa,code_review:699b532d75,0.0,0.0,0.0079,0.119,0.7992,0.041,"java
/**
 * Compares the hardware specifications of two nodes and returns a YamasSpecReport containing the comparison results.
 * 
 * @param node the expected hardware specifications
 * @param actualHardware the actual hardware specifications
 * @return a YamasSpecReport containing the comparison results
 */
public static YamasSpecReport compare(HardwareInfo node, HardwareInfo actualHardware) {
    // method implementation...
}","/**
 * Created by olaa on 04/07/2017.
 */"
code_review,groq,v3_template,doc_generation,vespa-engine/vespa,code_review:699b532d75,0.0,0.0,0.0103,0.1316,0.8089,0.1168,"/**
 * Compares two HardwareInfo objects and returns a YamasSpecReport indicating the match status.
 * @param node The first HardwareInfo object to compare.
 * @param actualHardware The second HardwareInfo object to compare.
 * @return A YamasSpecReport object containing the comparison results.
 */","/**
 * Created by olaa on 04/07/2017.
 */"
code_review,huggingface,v3_template,doc_generation,vespa-engine/vespa,code_review:699b532d75,0.0392,0.0392,0.009,0.1626,0.8042,0.1181,"Here is the filled template:

/**
 * Compares two hardware configurations and returns a report detailing their differences.
 * @param node the first hardware configuration
 * @param actualHardware the second hardware configuration
 * @return a YamasSpecReport object containing the comparison results
 * @throws no exceptions are thrown by this method
 */","/**
 * Created by olaa on 04/07/2017.
 */"
code_review,groq,v4_persona,doc_generation,vespa-engine/vespa,code_review:699b532d75,0.0,0.0,0.0094,0.1271,0.8055,0.0444,"java
/**
 * Compares the provided hardware information with the actual hardware information
 * and returns a YamasSpecReport indicating the match status.
 *
 * @param node the expected hardware information
 * @param actualHardware the actual hardware information
 * @return a YamasSpecReport containing the comparison result
 */","/**
 * Created by olaa on 04/07/2017.
 */"
code_review,huggingface,v4_persona,doc_generation,vespa-engine/vespa,code_review:699b532d75,0.0,0.0,0.0064,0.1079,0.8002,0.1074,"/**
 * Compares two <code>HardwareInfo</code> objects and returns a <code>YamasSpecReport</code> containing the comparison results.
 * The report includes the comparison of memory, CPU, network interface, and disk specifications.
 * If either input object is null, an empty report is returned.
 * The report's ""match"" metric is set to <code>true</code> if all specifications are equal, and <code>false</code> otherwise.
 * The report's dimensions and metrics are updated accordingly.
 */","/**
 * Created by olaa on 04/07/2017.
 */"
code_review,groq,v5_cognitive,doc_generation,vespa-engine/vespa,code_review:699b532d75,0.0132,0.0132,0.0029,0.0877,0.7763,0.0606,"(1) The single responsibility of this method is to compare two HardwareInfo objects and generate a YamasSpecReport based on the comparison.

(2) 
- `node`: This parameter represents the expected HardwareInfo object, which is used as a reference for comparison.
- `actualHardware`: This parameter represents the actual HardwareInfo object, which is being compared to the expected HardwareInfo object.

(3) 
- This method returns a YamasSpecReport object, which contains the comparison results.
- It throws no exceptions, but it returns a default YamasSpecReport object if either the node or actualHardware parameter is null.

/** 
 * Compares two HardwareInfo objects and generates a YamasSpecReport based on the comparison.
 * 
 * @param node The expected HardwareInfo object, used as a reference for comparison.
 * @param actualHardware The actual HardwareInfo object, being compared to the expected HardwareInfo object.
 * @return A YamasSpecReport object containing the comparison results. If either node or actualHardware is null, a default YamasSpecReport object is returned.
 */","/**
 * Created by olaa on 04/07/2017.
 */"
code_review,huggingface,v5_cognitive,doc_generation,vespa-engine/vespa,code_review:699b532d75,0.0139,0.0139,0.0034,0.0966,0.7661,0.0386,"Here are the sub-answers:

(1) The single responsibility of this method is to compare two `HardwareInfo` objects and generate a `YamasSpecReport` based on the comparison.

(2) The parameters are:
	* `node`: a `HardwareInfo` object representing the expected hardware configuration.
	* `actualHardware`: a `HardwareInfo` object representing the actual hardware configuration.

(3) The method returns a `YamasSpecReport` object, which represents the comparison result. It throws no exceptions, but it may return a default `YamasSpecReport` object if either `node` or `actualHardware` is null.

And here is the final Javadoc block:
```java
/**
 * Compares two <code>HardwareInfo</code> objects and generates a <code>YamasSpecReport</code> based on the comparison.
 * 
 * @param node a <code>HardwareInfo</code> object representing the expected hardware configuration.
 * @param actualHardware a <code>HardwareInfo</code> object representing the actual hardware configuration.
 * @return a <code>YamasSpecReport</code> object representing the comparison result.
 */","/**
 * Created by olaa on 04/07/2017.
 */"
code_review,groq,v1_minimal,doc_generation,sleuthkit/autopsy,code_review:60769e2983,0.0349,0.0349,0.0029,0.1481,0.8068,0.2581,"Here's the Javadoc for the given Java code:

```java
/**
 * Default constructor for PListViewer.
 * Initializes the OutlineView and sets up its properties.
 */
public PListViewer() {
    // Create an Outlineview and add to the panel
    /**
     * Creates a new OutlineView instance and adds it to the panel.
     */
    outlineView = new org.openide.explorer.view.OutlineView();
    
    // Initialize component properties
    initComponents();
    
    // Get the outline from the OutlineView
    outline = outlineView.getOutline();
    
    /**
     * Sets the label for the nodes column in the outline.
     */
    ((DefaultOutlineModel) outline.getOutlineModel()).setNodesColumnLabel(""Key"");
    
    // Set node properties
    Bundle.PListNode_KeyCol();
    /**
     * Sets the property columns for the OutlineView.
     * The columns are ""Type"", ""Value"", and their corresponding labels.
     */
    outlineView.setPropertyColumns(
            ""Type"", Bundle.PListNode_TypeCol(),
            ""Value"", Bundle.PListNode_ValueCol());
    
    // Customizes the OutlineView
    customize();
}
```

Note that I've added comments to explain what each section of the code is doing, and also added Javadoc comments to describe the purpose of the constructor and the specific lines of code. This will help other developers understand the functionality of the code and how to use it.","/**
 * PListViewer - a file viewer for binary plist files. 
 *
 */"
code_review,huggingface,v1_minimal,doc_generation,sleuthkit/autopsy,code_review:60769e2983,0.0432,0.0288,0.0042,0.1446,0.8142,0.2857,"Here is the Javadoc for the given Java code:

```java
/**
 * Constructor for PListViewer.
 * 
 * This method initializes the PListViewer by creating an OutlineView, adding it to the panel, 
 * setting the nodes column label, and customizing the outline view.
 * 
 * @see org.openide.explorer.view.OutlineView
 */
public PListViewer() {
    
    // Create an Outlineview and add to the panel
    outlineView = new org.openide.explorer.view.OutlineView();
    
    initComponents();
     
    outline = outlineView.getOutline();
    
    ((DefaultOutlineModel) outline.getOutlineModel()).setNodesColumnLabel(""Key""); 
    
    Bundle.PListNode_KeyCol();
    outlineView.setPropertyColumns(
            ""Type"", Bundle.PListNode_TypeCol(),
            ""Value"", Bundle.PListNode_ValueCol());
     
    customize();
}
```

Note: The Javadoc comments should be concise and provide a brief description of the method, its parameters, and its return type. The comments should also include any relevant information about the method's behavior, any exceptions it may throw, and any assumptions it makes about the input parameters.","/**
 * PListViewer - a file viewer for binary plist files. 
 *
 */"
code_review,groq,v2_structured,doc_generation,sleuthkit/autopsy,code_review:60769e2983,0.026,0.026,0.0073,0.1366,0.8206,0.2661,"java
/**
 * Initializes the PListViewer component.
 * 
 * This method is called when the PListViewer is created and sets up its 
 * outline view, including the nodes column label, property columns, and 
 * customizations.
 */
public PListViewer() {
    // Create an Outlineview and add to the panel
    outlineView = new org.openide.explorer.view.OutlineView();
    
    initComponents();
     
    outline = outlineView.getOutline();
    
    ((DefaultOutlineModel) outline.getOutlineModel()).setNodesColumnLabel(""Key""); 
    
    Bundle.PListNode_KeyCol();
    outlineView.setPropertyColumns(
            ""Type"", Bundle.PListNode_TypeCol(),
            ""Value"", Bundle.PListNode_ValueCol());
     
    customize();
}","/**
 * PListViewer - a file viewer for binary plist files. 
 *
 */"
code_review,huggingface,v2_structured,doc_generation,sleuthkit/autopsy,code_review:60769e2983,0.0571,0.0286,0.0081,0.1412,0.8167,0.2972,"Here is the complete Javadoc doc block for the given Java method:

```java
/**
 * Initializes the PListViewer.
 * 
 * @param none
 * @return none
 * @throws none
 */
public PListViewer() {
    // Create an Outlineview and add to the panel
    outlineView = new org.openide.explorer.view.OutlineView();
    
    initComponents();
     
    outline = outlineView.getOutline();
    
    ((DefaultOutlineModel) outline.getOutlineModel()).setNodesColumnLabel(""Key""); 
    
    Bundle.PListNode_KeyCol();
    outlineView.setPropertyColumns(
            ""Type"", Bundle.PListNode_TypeCol(),
            ""Value"", Bundle.PListNode_ValueCol());
     
    customize();
}
```","/**
 * PListViewer - a file viewer for binary plist files. 
 *
 */"
code_review,groq,v3_template,doc_generation,sleuthkit/autopsy,code_review:60769e2983,0.0769,0.0769,0.021,0.1773,0.8673,0.4633,"/**
 * Initializes the PListViewer component.
 * @param panel The panel to add the OutlineView to.
 * @return None
 * @throws Exception None
 */","/**
 * PListViewer - a file viewer for binary plist files. 
 *
 */"
code_review,huggingface,v3_template,doc_generation,sleuthkit/autopsy,code_review:60769e2983,0.1538,0.0769,0.022,0.2128,0.8604,0.4868,"Here is the filled template:

/**
 * Initializes a new PListViewer instance.
 * @param none none
 * @return none
 * @throws none none
 */","/**
 * PListViewer - a file viewer for binary plist files. 
 *
 */"
code_review,groq,v4_persona,doc_generation,sleuthkit/autopsy,code_review:60769e2983,0.08,0.08,0.0243,0.2696,0.8721,0.5898,"java
/**
 * Initializes the PListViewer instance by creating an OutlineView, setting up its properties,
 * and customizing its appearance.
 */","/**
 * PListViewer - a file viewer for binary plist files. 
 *
 */"
code_review,huggingface,v4_persona,doc_generation,sleuthkit/autopsy,code_review:60769e2983,0.0541,0.0541,0.0146,0.1656,0.8698,0.519,"/**
 * Initializes the PListViewer component.
 * Creates an OutlineView, adds it to the panel, and configures it with the specified property columns.
 * The OutlineView is populated with data from the Bundle.
 */","/**
 * PListViewer - a file viewer for binary plist files. 
 *
 */"
code_review,groq,v5_cognitive,doc_generation,sleuthkit/autopsy,code_review:60769e2983,0.0395,0.0263,0.0035,0.1487,0.8268,0.3708,"(1) The single responsibility of this method is to initialize and customize a PListViewer object, specifically its OutlineView component.

(2) 
- `outlineView`: This is the OutlineView component that will be used to display the data. It represents the main view of the PListViewer.
- `outline`: This is the outline model of the OutlineView, which is used to manage the nodes and their properties.
- `Bundle.PListNode_KeyCol()`, `Bundle.PListNode_TypeCol()`, and `Bundle.PListNode_ValueCol()`: These are methods that return the column labels for the key, type, and value columns, respectively. They are likely used to internationalize the column labels.

(3) This method does not return any value, but it throws no exceptions either. It is a constructor, which means it is called when an object of the class is created.

```java
/**
 * Initializes and customizes a PListViewer object, specifically its OutlineView component.
 * 
 * @param none
 * @throws none
 */
public PListViewer() {
    // ...
}
```","/**
 * PListViewer - a file viewer for binary plist files. 
 *
 */"
code_review,huggingface,v5_cognitive,doc_generation,sleuthkit/autopsy,code_review:60769e2983,0.0255,0.0255,0.0038,0.12,0.7986,0.307,"Here are the sub-answers:

(1) The single responsibility of this method is to initialize the PListViewer object.

(2) The parameters are:
- `outlineView`: an instance of `org.openide.explorer.view.OutlineView` representing the outline view.
- `outline`: an instance of `org.openide.explorer.view.OutlineView` representing the outline.
- `initComponents()`: a method to initialize the components.
- `Bundle.PListNode_KeyCol()`: a method to get the key column label.
- `Bundle.PListNode_TypeCol()`: a method to get the type column label.
- `Bundle.PListNode_ValueCol()`: a method to get the value column label.

(3) The method does not return any value. It throws no exceptions.

Here is the final Javadoc block:

/**
 * Initializes the PListViewer object.
 */
public PListViewer() {
    // Create an Outlineview and add to the panel
    outlineView = new org.openide.explorer.view.OutlineView();
    
    initComponents();
     
    outline = outlineView.getOutline();
    
    ((DefaultOutlineModel) outline.getOutlineModel()).setNodesColumnLabel(""Key""); 
    Bundle.PListNode_KeyCol();
    outlineView.setPropertyColumns(
            ""Type"", Bundle.PListNode_TypeCol(),
            ""Value"", Bundle.PListNode_ValueCol());
     
    customize();
}","/**
 * PListViewer - a file viewer for binary plist files. 
 *
 */"
code_review,groq,v1_minimal,doc_generation,DSpace/DSpace,code_review:6dacfb6129,0.0598,0.0598,0.0036,0.1611,0.7649,0.0111,"java
/**
 * Tests the findAll endpoint of the authorization feature service.
 * 
 * This method verifies the following scenarios:
 * 1. As an admin user, the endpoint returns the expected number of features.
 * 2. As an unauthenticated user, the endpoint returns a 401 Unauthorized status.
 * 3. As an eperson user, the endpoint returns a 403 Forbidden status.
 * 
 * @throws Exception if any exception occurs during the test execution.
 */
public void findAllTest() throws Exception {
    // Get the total number of features
    int featuresNum = authzFeatureService.findAll().size();
    
    // Limit the expected return value to 20 if it exceeds 20
    int expReturn = featuresNum > 20 ? 20 : featuresNum;
    
    // Get an authentication token for the admin user
    String adminToken = getAuthToken(admin.getEmail(), password);

    // Perform a GET request to the /api/authz/features endpoint as the admin user
    getClient(adminToken).perform(get(""/api/authz/features""))
            .andExpect(status().isOk()) // Verify the response status is 200 OK
            .andExpect(jsonPath(""$._embedded.features"", Matchers.hasSize(is(expReturn)))) // Verify the number of features returned
            .andExpect(jsonPath(""$._links.self.href"", Matchers.containsString(""/api/authz/features""))) // Verify the self link
            .andExpect(jsonPath(""$.page.size"", is(20))) // Verify the page size
            .andExpect(jsonPath(""$.page.totalElements"", is(featuresNum))); // Verify the total number of elements

    // Perform a GET request to the /api/authz/features endpoint as an unauthenticated user
    getClient().perform(get(""/api/authz/features""))
            .andExpect(status().isUnauthorized()); // Verify the response status is 401 Unauthorized

    // Get an authentication token for the eperson user
    String epersonAuthToken = getAuthToken(eperson.getEmail(), password);
    
    // Perform a GET request to the /api/authz/features endpoint as the eperson user
    getClient(epersonAuthToken).perform(get(""/api/authz/features""))
            .andExpect(status().isForbidden()); // Verify the response status is 403 Forbidden
}","/**
 * The contents of this file are subject to the license and copyright
 * detailed in the LICENSE and NOTICE files at the root of the source
 * tree and available online at
 *
 * http://www.dspace.org/license/
 */"
code_review,huggingface,v1_minimal,doc_generation,DSpace/DSpace,code_review:6dacfb6129,0.1622,0.1081,0.0092,0.1971,0.8057,0.0567,"Here is the Javadoc for the given Java code:

```java
/**
 * Finds all test features.
 * 
 * @throws Exception
 */
public void findAllTest() throws Exception {
    // Code to find all test features
}
```

This Javadoc provides a brief description of the method, which is to find all test features. It also indicates that the method may throw an exception. However, it does not provide any further details about the method's functionality, parameters, or return types, which is typical for a Javadoc.","/**
 * The contents of this file are subject to the license and copyright
 * detailed in the LICENSE and NOTICE files at the root of the source
 * tree and available online at
 *
 * http://www.dspace.org/license/
 */"
code_review,groq,v2_structured,doc_generation,DSpace/DSpace,code_review:6dacfb6129,0.1978,0.1538,0.0127,0.2608,0.8117,0.0406,"java
/**
 * Tests the authorization feature endpoint by verifying the correct response 
 * when a valid admin token is used and by checking that an unauthorized and 
 * forbidden response are returned when an invalid token is used.
 * 
 * @throws Exception if an error occurs during the test
 */
public void findAllTest() throws Exception {
    // ... (rest of the method remains the same)","/**
 * The contents of this file are subject to the license and copyright
 * detailed in the LICENSE and NOTICE files at the root of the source
 * tree and available online at
 *
 * http://www.dspace.org/license/
 */"
code_review,huggingface,v2_structured,doc_generation,DSpace/DSpace,code_review:6dacfb6129,0.198,0.1188,0.0116,0.1932,0.8031,0.0683,"Here is the complete Javadoc for the method:

```java
/**
 * Finds all test features and performs various HTTP requests to verify their correctness.
 * 
 * @param authzFeatureService the feature service used to find all features
 * @param admin the admin user's email
 * @param password the admin user's password
 * @param eperson the e-person user's email
 * @throws Exception if any error occurs during the execution of this method
 */
```","/**
 * The contents of this file are subject to the license and copyright
 * detailed in the LICENSE and NOTICE files at the root of the source
 * tree and available online at
 *
 * http://www.dspace.org/license/
 */"
code_review,groq,v3_template,doc_generation,DSpace/DSpace,code_review:6dacfb6129,0.2381,0.1667,0.0116,0.2136,0.8148,0.1937,"/**
 * Retrieves all authorization features and verifies that the expected number of features is returned, 
 * and that unauthorized and forbidden responses are received for non-admin users.
 * @param admin the admin user
 * @param eperson the eperson user
 * @param password the password
 * @throws Exception if an error occurs during the test
 */","/**
 * The contents of this file are subject to the license and copyright
 * detailed in the LICENSE and NOTICE files at the root of the source
 * tree and available online at
 *
 * http://www.dspace.org/license/
 */"
code_review,huggingface,v3_template,doc_generation,DSpace/DSpace,code_review:6dacfb6129,0.2222,0.1667,0.0151,0.1823,0.8121,0.1775,"Here is the filled template:

/**
 * Finds all test features and returns the number of features that is less than or equal to 20.
 * @param admin admin's email and password
 * @return the number of features
 * @throws Exception
 */","/**
 * The contents of this file are subject to the license and copyright
 * detailed in the LICENSE and NOTICE files at the root of the source
 * tree and available online at
 *
 * http://www.dspace.org/license/
 */"
code_review,groq,v4_persona,doc_generation,DSpace/DSpace,code_review:6dacfb6129,0.1325,0.1205,0.0061,0.2611,0.7922,0.0856,"java
/**
 * Tests the findAll endpoint of the authorization features service.
 * 
 * This method performs the following actions:
 *  - Retrieves the total number of features.
 *  - Retrieves an authentication token for an admin user.
 *  - Performs a GET request to the /api/authz/features endpoint with the admin token, 
 *    verifying that the response is OK, the number of features is capped at 20, 
 *    the self link is correct, the page size is 20, and the total number of elements is correct.
 *  - Performs a GET request to the /api/authz/features endpoint without a token, 
 *    verifying that the response is Unauthorized.
 *  - Retrieves an authentication token for an eperson user.
 *  - Performs a GET request to the /api/authz/features endpoint with the eperson token, 
 *    verifying that the response is Forbidden.
 * 
 * @throws Exception if any of the requests fail.
 */","/**
 * The contents of this file are subject to the license and copyright
 * detailed in the LICENSE and NOTICE files at the root of the source
 * tree and available online at
 *
 * http://www.dspace.org/license/
 */"
code_review,huggingface,v4_persona,doc_generation,DSpace/DSpace,code_review:6dacfb6129,0.1053,0.0702,0.0165,0.1442,0.8255,0.2127,"/**
 * Finds all test features and performs API calls to verify their existence.
 * 
 * @throws Exception if an error occurs during the API calls.
 */","/**
 * The contents of this file are subject to the license and copyright
 * detailed in the LICENSE and NOTICE files at the root of the source
 * tree and available online at
 *
 * http://www.dspace.org/license/
 */"
code_review,groq,v5_cognitive,doc_generation,DSpace/DSpace,code_review:6dacfb6129,0.1244,0.1148,0.0053,0.2394,0.7911,-0.0179,"(1) The single responsibility of this method is to test the authorization feature of an API by verifying the expected behavior when accessing the features endpoint with different types of authentication (admin and eperson).

(2) 
- `adminToken`: This parameter represents the authentication token for the admin user, obtained using the `getAuthToken` method with the admin's email and password.
- `eperson`: This parameter represents the eperson object, which is used to obtain an authentication token for the eperson user.
- `password`: This parameter represents the password for the admin and eperson users, used to obtain their respective authentication tokens.

(3)
- This method does not return any value (void).
- It throws an `Exception` if any of the assertions in the test fail, indicating a problem with the API behavior.

Here is the final Javadoc:

```java
/**
 * Tests the authorization feature of the API by verifying the expected behavior
 * when accessing the features endpoint with different types of authentication
 * (admin and eperson).
 *
 * @throws Exception if any of the assertions in the test fail
 */
public void findAllTest() throws Exception {
    // method implementation
}
```","/**
 * The contents of this file are subject to the license and copyright
 * detailed in the LICENSE and NOTICE files at the root of the source
 * tree and available online at
 *
 * http://www.dspace.org/license/
 */"
code_review,huggingface,v5_cognitive,doc_generation,DSpace/DSpace,code_review:6dacfb6129,0.1732,0.1575,0.009,0.2346,0.7936,0.0339,"Here are the sub-answers:

(1) The single responsibility of this method is to test all features.

(2) The parameters are:
- `admin` (an object representing the admin user)
- `eperson` (an object representing the eperson user)
- `password` (a string representing the password)

(3) This method does not return any value, but it throws an `Exception` if any of the assertions fail.

And here is the final Javadoc block:

/**
 * Tests all features.
 * 
 * @param admin the admin user
 * @param eperson the eperson user
 * @param password the password
 * @throws Exception if any of the assertions fail
 */","/**
 * The contents of this file are subject to the license and copyright
 * detailed in the LICENSE and NOTICE files at the root of the source
 * tree and available online at
 *
 * http://www.dspace.org/license/
 */"
code_review,groq,v1_minimal,doc_generation,netty/netty,code_review:b696690ed7,0.321,0.1975,0.0165,0.1876,0.8351,0.6376,"Here's the Javadoc for the provided Java code:

```java
/**
 * Constructs a new instance of the CorsHandler class.
 * 
 * @param config the configuration for CORS (Cross-Origin Resource Sharing) handling
 */
public CorsHandler(final CorsConfig config) {
    this.config = config;
}
```","/**
 * Handles <a href=""http://www.w3.org/TR/cors/"">Cross Origin Resource Sharing</a> (CORS) requests.
 * <p>
 * This handler can be configured using a {@link io.netty.handler.codec.http.cors.CorsConfig}, please
 * refer to this class for details about the configuration options available.
 */"
code_review,huggingface,v1_minimal,doc_generation,netty/netty,code_review:b696690ed7,0.1818,0.101,0.0111,0.1425,0.8258,0.4608,"Here is the Javadoc for the given Java code:

```java
/**
 * Constructor for the CorsHandler class.
 * 
 * @param config the CorsConfig object that contains the configuration for CORS
 */
public CorsHandler(final CorsConfig config) {
    this.config = config;
}
```

This Javadoc provides a brief description of the constructor method, including the purpose of the method and the parameter it takes.","/**
 * Handles <a href=""http://www.w3.org/TR/cors/"">Cross Origin Resource Sharing</a> (CORS) requests.
 * <p>
 * This handler can be configured using a {@link io.netty.handler.codec.http.cors.CorsConfig}, please
 * refer to this class for details about the configuration options available.
 */"
code_review,groq,v2_structured,doc_generation,netty/netty,code_review:b696690ed7,0.2703,0.1351,0.0159,0.1528,0.832,0.5679,"java
/**
 * Constructs a new instance of the CorsHandler with the specified CorsConfig.
 * 
 * @param config the CorsConfig to use for handling CORS requests
 */
public CorsHandler(final CorsConfig config) {
    this.config = config;
}","/**
 * Handles <a href=""http://www.w3.org/TR/cors/"">Cross Origin Resource Sharing</a> (CORS) requests.
 * <p>
 * This handler can be configured using a {@link io.netty.handler.codec.http.cors.CorsConfig}, please
 * refer to this class for details about the configuration options available.
 */"
code_review,groq,v3_template,doc_generation,netty/netty,code_review:b696690ed7,0.2813,0.1562,0.0148,0.1293,0.853,0.5696,"/**
 * Initializes a new instance of the CorsHandler class with the specified CORS configuration.
 * @param config The CORS configuration to use.
 */","/**
 * Handles <a href=""http://www.w3.org/TR/cors/"">Cross Origin Resource Sharing</a> (CORS) requests.
 * <p>
 * This handler can be configured using a {@link io.netty.handler.codec.http.cors.CorsConfig}, please
 * refer to this class for details about the configuration options available.
 */"
code_review,groq,v4_persona,doc_generation,netty/netty,code_review:b696690ed7,0.1091,0.0727,0.0067,0.0593,0.8421,0.5684,"/**
 * Initializes a new instance of the CorsHandler with the specified CorsConfig.","/**
 * Handles <a href=""http://www.w3.org/TR/cors/"">Cross Origin Resource Sharing</a> (CORS) requests.
 * <p>
 * This handler can be configured using a {@link io.netty.handler.codec.http.cors.CorsConfig}, please
 * refer to this class for details about the configuration options available.
 */"
code_review,groq,v5_cognitive,doc_generation,netty/netty,code_review:b696690ed7,0.3276,0.2241,0.0081,0.1875,0.836,0.6439,"(1) The single responsibility of this method is to initialize the CorsHandler object with a given CorsConfig.

(2) The parameter 'config' represents the CORS (Cross-Origin Resource Sharing) configuration, which is an object containing settings for handling CORS requests.

(3) This method does not return any value. It does not throw any exceptions.

/** 
 * Initializes the CorsHandler object with a given CorsConfig.
 * 
 * @param config The CORS configuration, containing settings for handling CORS requests.
 */","/**
 * Handles <a href=""http://www.w3.org/TR/cors/"">Cross Origin Resource Sharing</a> (CORS) requests.
 * <p>
 * This handler can be configured using a {@link io.netty.handler.codec.http.cors.CorsConfig}, please
 * refer to this class for details about the configuration options available.
 */"
code_review,groq,v1_minimal,doc_generation,cdapio/cdap,code_review:30630648fd,0.1053,0.1053,0.0126,0.1575,0.8351,0.5304,"Here's the Javadoc for the given Java code:

```java
/**
 * Constructs a new ServiceWorkerTwillRunnable instance.
 * 
 * @param worker the ServiceWorker instance associated with this runnable.
 */
public ServiceWorkerTwillRunnable(ServiceWorker worker) {
    this.worker = worker;
}
```","/**
 * {@link TwillRunnable} to run a {@link ServiceWorker}.
 */"
code_review,groq,v2_structured,doc_generation,cdapio/cdap,code_review:30630648fd,0.1714,0.1143,0.0146,0.2016,0.8388,0.5424,"java
/**
 * Constructs a new instance of ServiceWorkerTwillRunnable with the given ServiceWorker.
 * 
 * @param worker the ServiceWorker instance to associate with this runnable
 */
public ServiceWorkerTwillRunnable(ServiceWorker worker) {
    this.worker = worker;
}","/**
 * {@link TwillRunnable} to run a {@link ServiceWorker}.
 */"
code_review,groq,v3_template,doc_generation,cdapio/cdap,code_review:30630648fd,0.2069,0.1379,0.0193,0.2155,0.8698,0.6504,"/**
 * Initializes a new instance of the ServiceWorkerTwillRunnable class with the specified ServiceWorker.
 * @param worker The ServiceWorker to be used by this instance.
 */","/**
 * {@link TwillRunnable} to run a {@link ServiceWorker}.
 */"
code_review,groq,v4_persona,doc_generation,cdapio/cdap,code_review:30630648fd,0.2222,0.2222,0.0364,0.2481,0.87,0.593,"/**
 * Initializes a new instance of the ServiceWorkerTwillRunnable with the specified ServiceWorker.","/**
 * {@link TwillRunnable} to run a {@link ServiceWorker}.
 */"
code_review,groq,v5_cognitive,doc_generation,cdapio/cdap,code_review:30630648fd,0.0612,0.0612,0.0048,0.1316,0.8163,0.4477,"(1) The single responsibility of this method is to initialize a ServiceWorkerTwillRunnable object with a given ServiceWorker object.

(2) 
- The parameter 'worker' represents the ServiceWorker object that this ServiceWorkerTwillRunnable object will be associated with.

(3)
- This method returns nothing (void).
- It does not throw any exceptions under normal circumstances, but it may throw a NullPointerException if the 'worker' parameter is null.

/** 
 * Initializes a ServiceWorkerTwillRunnable object with a given ServiceWorker object.
 * 
 * @param worker the ServiceWorker object that this ServiceWorkerTwillRunnable object will be associated with
 * @throws NullPointerException if the 'worker' parameter is null
 */","/**
 * {@link TwillRunnable} to run a {@link ServiceWorker}.
 */"
code_review,groq,v1_minimal,doc_generation,line/armeria,code_review:43c7bdca2f,0.0541,0.0541,0.0191,0.102,0.8572,0.433,"java
/**
 * Unwraps the underlying client request context.
 * 
 * @return the underlying client request context
 */
public ClientRequestContext unwrap() {
    return ctx;
}","    /**
     * @param ctx used to parse http properties
     * @param headersBuilder receives headers injected by {@link HttpClientHandler#handleSend(brave.http.HttpClientRequest)}.
     */"
code_review,groq,v2_structured,doc_generation,line/armeria,code_review:43c7bdca2f,0.0541,0.0541,0.0191,0.102,0.8575,0.3613,"java
/**
 * Unwraps the current context, returning the underlying ClientRequestContext.
 * 
 * @return the underlying ClientRequestContext
 */
public ClientRequestContext unwrap() {
    return ctx;
}","    /**
     * @param ctx used to parse http properties
     * @param headersBuilder receives headers injected by {@link HttpClientHandler#handleSend(brave.http.HttpClientRequest)}.
     */"
code_review,groq,v3_template,doc_generation,line/armeria,code_review:43c7bdca2f,0.0,0.0,0.0255,0.1697,0.8469,0.4373,"/**
 * Returns the underlying client request context.
 * @return The client request context.
 */","    /**
     * @param ctx used to parse http properties
     * @param headersBuilder receives headers injected by {@link HttpClientHandler#handleSend(brave.http.HttpClientRequest)}.
     */"
code_review,groq,v4_persona,doc_generation,line/armeria,code_review:43c7bdca2f,0.0,0.0,0.0255,0.1075,0.8358,0.4375,"/**
 * Returns the underlying <code>ClientRequestContext</code> instance.
 * 
 * @return the underlying <code>ClientRequestContext</code> instance
 */","    /**
     * @param ctx used to parse http properties
     * @param headersBuilder receives headers injected by {@link HttpClientHandler#handleSend(brave.http.HttpClientRequest)}.
     */"
code_review,groq,v5_cognitive,doc_generation,line/armeria,code_review:43c7bdca2f,0.0354,0.0354,0.0049,0.0926,0.819,0.3978,"(1) The single responsibility of this method is to unwrap the ClientRequestContext object.

(2) The parameter 'ctx' is not explicitly mentioned in the method signature, but it's a field of the class that this method is part of. It represents the ClientRequestContext object that needs to be unwrapped.

(3) The method returns the ClientRequestContext object 'ctx'. It does not throw any exceptions under normal circumstances, but it could potentially throw a NullPointerException if 'ctx' is null.

/** 
 * Unwraps the ClientRequestContext object.
 * 
 * @return the unwrapped ClientRequestContext object
 * @throws NullPointerException if the ClientRequestContext object is null
 */","    /**
     * @param ctx used to parse http properties
     * @param headersBuilder receives headers injected by {@link HttpClientHandler#handleSend(brave.http.HttpClientRequest)}.
     */"
code_review,groq,v1_minimal,doc_generation,mulesoft/mule,code_review:e64b28dc05,0.0486,0.0324,0.0048,0.1879,0.7777,0.464,"Here's the Javadoc for the given Java code:

```java
/**
 * Validates the given extension model for potential issues with equals and hashCode methods.
 * 
 * This method will only perform the validation if the extension model is not in AST mode and is not a compile-time model.
 * 
 * @param extensionModel the extension model to validate
 * @param problemsReporter the reporter to report any problems found during validation
 */
public void validate(ExtensionModel extensionModel, ProblemsReporter problemsReporter) {
    if (!isCompiletime(extensionModel) || isASTMode(extensionModel)) {
      return;
    }

    new ExtensionWalker() {

      /**
       * Called for each configuration model found in the extension model.
       * 
       * @param model the configuration model
       */
      @Override
      protected void onConfiguration(ConfigurationModel model) {
        model.getAllParameterModels().forEach(parameterModel -> parameterModel.getType().accept(new MetadataTypeVisitor() {

          /**
           * Called when an object type is visited.
           * 
           * @param objectType the object type
           */
          @Override
          public void visitObject(ObjectType objectType) {
            validateOverridesEqualsAndHashCode(objectType, problemsReporter, model);
          }
        }));
      }

      /**
       * Called for each connection provider model found in the extension model.
       * 
       * @param owner the owner of the connection provider model
       * @param model the connection provider model
       */
      @Override
      protected void onConnectionProvider(HasConnectionProviderModels owner, ConnectionProviderModel model) {
        model.getAllParameterModels().forEach(parameterModel -> parameterModel.getType().accept(new MetadataTypeVisitor() {

          /**
           * Called when an object type is visited.
           * 
           * @param objectType the object type
           */
          @Override
          public void visitObject(ObjectType objectType) {
            validateOverridesEqualsAndHashCode(objectType, problemsReporter, model);
          }
        }));
      }
    }.walk(extensionModel);
}
```

Note that I've added Javadoc comments for each method and class, as well as for the overridden methods. This will make it easier for other developers to understand how to use this code and what it does.","/**
 * Validates that POJOs parameter overrides Equals and HashCode
 *
 * @since 4.2
 */"
code_review,groq,v2_structured,doc_generation,mulesoft/mule,code_review:e64b28dc05,0.2128,0.2128,0.0293,0.4156,0.8429,0.5827,"java
/**
 * Validates the given extension model for overrides of equals and hashCode methods.
 * 
 * @param extensionModel the extension model to validate
 * @param problemsReporter the reporter to report any problems found
 */
public void validate(ExtensionModel extensionModel, ProblemsReporter problemsReporter) {
    ...
}","/**
 * Validates that POJOs parameter overrides Equals and HashCode
 *
 * @since 4.2
 */"
code_review,groq,v3_template,doc_generation,mulesoft/mule,code_review:e64b28dc05,0.2273,0.2273,0.0298,0.5156,0.8611,0.608,"/**
 * Validates the override of equals and hashCode methods for all object types in the given extension model.
 * @param extensionModel the extension model to validate
 * @param problemsReporter the reporter for problems found during validation
 */","/**
 * Validates that POJOs parameter overrides Equals and HashCode
 *
 * @since 4.2
 */"
code_review,groq,v4_persona,doc_generation,mulesoft/mule,code_review:e64b28dc05,0.2564,0.2564,0.0383,0.4402,0.8652,0.6177,"java
/**
 * Validates the extension model for overrides of equals and hashCode methods.
 * 
 * @param extensionModel the extension model to validate
 * @param problemsReporter the reporter for any validation problems encountered
 */","/**
 * Validates that POJOs parameter overrides Equals and HashCode
 *
 * @since 4.2
 */"
code_review,groq,v5_cognitive,doc_generation,mulesoft/mule,code_review:e64b28dc05,0.0966,0.069,0.0088,0.2832,0.8128,0.4971,"(1) The single responsibility of this method is to validate the configuration of an extension model for potential issues related to equals and hashCode methods.

(2) 
- `extensionModel`: This parameter represents the extension model to be validated.
- `problemsReporter`: This parameter is an object used to report any problems or issues found during the validation process.

(3)
- The method does not return any value (void).
- It does not throw any exceptions, but it may silently ignore certain configurations that do not meet the validation criteria.

```java
/**
 * Validates the configuration of the given extension model for potential issues related to equals and hashCode methods.
 * 
 * @param extensionModel the extension model to be validated
 * @param problemsReporter the object used to report any problems or issues found during the validation process
 */
public void validate(ExtensionModel extensionModel, ProblemsReporter problemsReporter) {
    // method implementation
}
```","/**
 * Validates that POJOs parameter overrides Equals and HashCode
 *
 * @since 4.2
 */"
