dataset,model,variant,task_type,repo,pair_id,rouge1,rougeL,bleu,meteor,bertscore_f1,cosine,generated,reference_doc
code_review,groq,v1_minimal+meta,doc_generation,apache/carbondata,code_review:a223f6ca97,0.0702,0.0702,0.0078,0.1866,0.8568,0.4084,"typescript
/**
 * Initializes a new instance of CarbonProperties by loading default properties.
 * 
 * This constructor is private to enforce the use of the factory method for instance creation.
 */
private constructor() {
    // Load default properties
    // This can be implemented based on the actual requirements
    // For example, it could load properties from a configuration file or database
}","  /**
   * Boolean type properties default value
   */"
code_review,groq,v2_structured+meta,doc_generation,apache/carbondata,code_review:a223f6ca97,0.075,0.075,0.0055,0.184,0.8321,0.3959,"javascript
/**
 * Initializes the CarbonProperties instance with default properties.
 * 
 * @throws {Error} if there is an error loading or validating properties.
 */
function initializeCarbonProperties() {
    try {
        // Initialize CarbonProperties instance with default properties
        const carbonProperties = new CarbonProperties({
            // Default properties go here
            property1: 'default value 1',
            property2: 'default value 2',
            // Add more properties as needed
        });

        // Return the initialized CarbonProperties instance
        return carbonProperties;
    } catch (error) {
        // Re-throw the error with a more informative message
        throw new Error('Error initializing CarbonProperties instance:', error);
    }
}","  /**
   * Boolean type properties default value
   */"
code_review,groq,v3_template+meta,doc_generation,apache/carbondata,code_review:a223f6ca97,0.0952,0.0952,0.0199,0.2083,0.8668,0.346,"javascript
/**
 * Initializes a new instance of the CarbonProperties class.
 * 
 * @returns {void}
 */
function CarbonProperties() {
    // Initialize properties here
}","  /**
   * Boolean type properties default value
   */"
code_review,groq,v4_persona+meta,doc_generation,apache/carbondata,code_review:a223f6ca97,0.0561,0.0561,0.0038,0.1463,0.8199,0.3604,"javascript
/**
 * Initializes the internal properties object with default values and merges any custom properties.
 *
 * @param {Object} [customProperties={}] - An object containing custom properties to merge with the default properties.
 * @returns {Object} The initialized properties object.
 */
function initProperties(customProperties = {}) {
  // Define the default properties object
  const defaultProperties = {
    // Add default properties here
    property1: 'default value 1',
    property2: 'default value 2',
    // ...
  };

  // Merge the custom properties with the default properties
  const properties = { ...defaultProperties, ...customProperties };

  return properties;
}

// Example usage:
const customProperties = {
  property1: 'custom value 1',
  property3: 'custom value 3',
};

const properties = initProperties(customProperties);
console.log(properties);
// Output:
// {
//   property1: 'custom value 1',
//   property2: 'default value 2',
//   property3: 'custom value 3',
// }","  /**
   * Boolean type properties default value
   */"
code_review,groq,v5_cognitive+meta,doc_generation,apache/carbondata,code_review:a223f6ca97,0.006,0.006,0.0012,0.0442,0.7934,0.2466,"Here's the Java method with a clear and concise Javadoc:

```java
/**
 * Initializes the CarbonProperties instance.
 * 
 * This method is responsible for loading and validating the properties.
 * It may throw an exception if an error occurs during property loading or validation.
 * 
 * @throws IOException if an I/O error occurs while loading properties
 * @throws ConfigurationException if a configuration error occurs during property validation
 */
public void init() throws IOException, ConfigurationException {
    // Method implementation here
}
```

However, if you want to make the method more robust and handle potential exceptions, you can modify it like this:

```java
/**
 * Initializes the CarbonProperties instance.
 * 
 * This method is responsible for loading and validating the properties.
 * It may throw an exception if an error occurs during property loading or validation.
 * 
 * @throws IOException if an I/O error occurs while loading properties
 * @throws ConfigurationException if a configuration error occurs during property validation
 */
public void init() {
    try {
        // Method implementation here
    } catch (IOException e) {
        // Handle IOException
        throw new IOException(""Error initializing CarbonProperties"", e);
    } catch (ConfigurationException e) {
        // Handle ConfigurationException
        throw new ConfigurationException(""Error validating CarbonProperties"", e);
    }
}
```

Or, you can use a more modern approach with Java 8's `try-with-resources` statement and `Optional` to handle potential exceptions:

```java
/**
 * Initializes the CarbonProperties instance.
 * 
 * This method is responsible for loading and validating the properties.
 * It may throw an exception if an error occurs during property loading or validation.
 * 
 * @throws IOException if an I/O error occurs while loading properties
 * @throws ConfigurationException if a configuration error occurs during property validation
 */
public void init() {
    try {
        // Method implementation here
    } catch (IOException | ConfigurationException e) {
        // Handle exceptions
        throw new RuntimeException(""Error initializing CarbonProperties"", e);
    }
}
```

Or, you can use a more functional programming approach with Java 8's `Optional`:

```java
/**
 * Initializes the CarbonProperties instance.
 * 
 * This method is responsible for loading and validating the properties.
 * It may throw an exception if an error occurs during property loading or validation.
 * 
 * @throws IOException if an I/O error occurs while loading properties
 * @throws ConfigurationException if a configuration error occurs during property validation
 */
public void init","  /**
   * Boolean type properties default value
   */"
code_review,groq,v1_minimal+meta,doc_generation,bndtools/bnd,code_review:cb14ce66b6,0.1964,0.1429,0.0122,0.1925,0.8079,0.1122,"javascript
/**
 * Retrieves the file extension from the given file name, or returns a specified default value if no extension is found.
 * 
 * @param {string} fileName The file name to extract the extension from.
 * @param {string} [deflt=''] The default value to return if no extension is found. Defaults to an empty string.
 * @returns {string} The file extension or the default value.
 */
function getFileExtension(fileName, deflt = '') {
  // Split the file name by '.' to separate the file name and the extension
  const fileParts = fileName.split('.');

  // If the file name does not contain a '.', return the default value
  if (fileParts.length < 2) {
    return deflt;
  }

  // Get the last part of the file name, which is the extension
  const extension = fileParts.pop();

  // Return the file extension
  return extension;
}

// Example usage:
console.log(getFileExtension('example.txt'));  // Output: txt
console.log(getFileExtension('example'));  // Output: (empty string)
console.log(getFileExtension('example.txt', 'unknown'));  // Output: txt
console.log(getFileExtension('example', 'unknown'));  // Output: unknown","	/**
	 * Creates a symbolic link from {@code link} to the {@code target}, or
	 * copies {@code target} to {@code link} if running on Windows.
	 * <p>
	 * Creating symbolic links on Windows requires administrator permissions, so
	 * copying is a safer fallback.
	 *
	 * @param link the location of the symbolic link, or destination of the
	 *            copy.
	 * @param target the target of the symbolic link, or source of the copy.
	 * @return {@code true} if the operation succeeds, {@code false} otherwise.
	 */"
code_review,groq,v2_structured+meta,doc_generation,bndtools/bnd,code_review:cb14ce66b6,0.1925,0.1506,0.0122,0.1946,0.8054,0.1132,"javascript
/**
 * Retrieves the file extension from a given file name, or returns a specified default value if no extension is found.
 * 
 * @param {string} fileName The name of the file to extract the extension from.
 * @param {string} [defaultValue] The default value to return if the file name does not contain an extension.
 * @returns {string} The file extension, or the default value if the file name does not contain an extension.
 */
function getFileExtension(fileName, defaultValue = '') {
  // Check if the file name is a string
  if (typeof fileName !== 'string') {
    throw new Error('File name must be a string');
  }

  // Split the file name by the last occurrence of '.' to separate the file name and extension
  const lastDotIndex = fileName.lastIndexOf('.');

  // If '.' is not found, return the default value
  if (lastDotIndex === -1) {
    return defaultValue;
  }

  // Return the file extension
  return fileName.substring(lastDotIndex);
}

// Example usage:
console.log(getFileExtension('example.txt'));  // Output: .txt
console.log(getFileExtension('example'));  // Output: (empty string)
console.log(getFileExtension('example.txt', 'default'));  // Output: .txt
console.log(getFileExtension('example', 'default'));  // Output: default","	/**
	 * Creates a symbolic link from {@code link} to the {@code target}, or
	 * copies {@code target} to {@code link} if running on Windows.
	 * <p>
	 * Creating symbolic links on Windows requires administrator permissions, so
	 * copying is a safer fallback.
	 *
	 * @param link the location of the symbolic link, or destination of the
	 *            copy.
	 * @param target the target of the symbolic link, or source of the copy.
	 * @return {@code true} if the operation succeeds, {@code false} otherwise.
	 */"
code_review,groq,v3_template+meta,doc_generation,bndtools/bnd,code_review:cb14ce66b6,0.1758,0.1319,0.0098,0.1874,0.8063,0.121,"Here's how you can implement the method in Java:

```java
public class Main {

    /**
     * Retrieves the file extension from the provided file name, falling back to a specified default value if no extension is present.
     * 
     * @param fileName the file name to extract the extension from
     * @param defaultValue the default value to return if no extension is found
     * @return the file extension, or the specified default value if no extension is found
     */
    public static String getFileExtension(String fileName, String defaultValue) {
        // Find the last occurrence of a dot in the file name
        int lastDotIndex = fileName.lastIndexOf('.');

        // If no dot is found, return the default value
        if (lastDotIndex == -1) {
            return defaultValue;
        }

        // Extract the file extension
        String extension = fileName.substring(lastDotIndex + 1);

        // Return the file extension
        return extension;
    }

    public static void main(String[] args) {
        // Example usage:
        System.out.println(getFileExtension(""example.txt"", ""unknown""));  // Outputs: txt
        System.out.println(getFileExtension(""example"", ""unknown""));  // Outputs: unknown
    }
}
```

This method works by finding the last occurrence of a dot in the file name using the `lastIndexOf` method. If no dot is found, it returns the default value. Otherwise, it extracts the file extension by taking the substring of the file name starting from the index after the last dot.","	/**
	 * Creates a symbolic link from {@code link} to the {@code target}, or
	 * copies {@code target} to {@code link} if running on Windows.
	 * <p>
	 * Creating symbolic links on Windows requires administrator permissions, so
	 * copying is a safer fallback.
	 *
	 * @param link the location of the symbolic link, or destination of the
	 *            copy.
	 * @param target the target of the symbolic link, or source of the copy.
	 * @return {@code true} if the operation succeeds, {@code false} otherwise.
	 */"
code_review,groq,v4_persona+meta,doc_generation,bndtools/bnd,code_review:cb14ce66b6,0.1842,0.1404,0.0119,0.1864,0.8085,0.1218,"javascript
/**
 * Extracts the file extension from the given file name, returning the default value if the file name does not contain an extension.
 *
 * @param {string} fileName The file name to extract the extension from.
 * @param {string} [defaultExtension=''] The default file extension to return if the file name does not contain an extension.
 * @returns {string} The file extension, or the default value if the file name does not contain an extension.
 */
function getFileExtension(fileName, defaultExtension = '') {
  // Find the last occurrence of a dot in the file name
  const lastDotIndex = fileName.lastIndexOf('.');

  // If a dot is found, return the file extension
  if (lastDotIndex !== -1) {
    // Return the file extension, including the dot
    return fileName.substring(lastDotIndex);
  } else {
    // If no dot is found, return the default extension
    return defaultExtension;
  }
}

// Example usage:
console.log(getFileExtension('example.txt'));  // Output: .txt
console.log(getFileExtension('example'));  // Output: (empty string)
console.log(getFileExtension('example.txt', '.default'));  // Output: .txt
console.log(getFileExtension('example', '.default'));  // Output: .default","	/**
	 * Creates a symbolic link from {@code link} to the {@code target}, or
	 * copies {@code target} to {@code link} if running on Windows.
	 * <p>
	 * Creating symbolic links on Windows requires administrator permissions, so
	 * copying is a safer fallback.
	 *
	 * @param link the location of the symbolic link, or destination of the
	 *            copy.
	 * @param target the target of the symbolic link, or source of the copy.
	 * @return {@code true} if the operation succeeds, {@code false} otherwise.
	 */"
code_review,groq,v5_cognitive+meta,doc_generation,bndtools/bnd,code_review:cb14ce66b6,0.1841,0.1423,0.0117,0.1874,0.8087,0.169,"java
/**
 * Extracts the file extension from a given file name, returning a specified default value if the file name does not contain an extension.
 *
 * @param fileName the name of the file from which to extract the extension
 * @param default  the default value to return if the file name does not contain an extension
 * @return the extracted file extension as a string, or the specified default value if no extension is found
 * @throws NullPointerException if the default parameter is null
 */
public String extractFileExtension(String fileName, String defaultExtension) {
    // Check if the default parameter is null and throw a NullPointerException if it is
    if (defaultExtension == null) {
        throw new NullPointerException(""Default extension cannot be null"");
    }

    // Find the last occurrence of a dot in the file name
    int extensionIndex = fileName.lastIndexOf('.');

    // If no dot is found, return the default extension
    if (extensionIndex == -1) {
        return defaultExtension;
    }

    // Extract the file extension by taking the substring starting from the last dot
    String fileExtension = fileName.substring(extensionIndex + 1);

    // Return the extracted file extension
    return fileExtension;
}","	/**
	 * Creates a symbolic link from {@code link} to the {@code target}, or
	 * copies {@code target} to {@code link} if running on Windows.
	 * <p>
	 * Creating symbolic links on Windows requires administrator permissions, so
	 * copying is a safer fallback.
	 *
	 * @param link the location of the symbolic link, or destination of the
	 *            copy.
	 * @param target the target of the symbolic link, or source of the copy.
	 * @return {@code true} if the operation succeeds, {@code false} otherwise.
	 */"
code_review,groq,v1_minimal+meta,doc_generation,testcontainers/testcontainers-java,code_review:965b6511fd,0.0375,0.0375,0.0035,0.183,0.7946,0.3181,"It appears to be a Javadoc comment in Java. Here's a breakdown of the comment:

- `/**`: This is the start of a Javadoc comment.
- `Creates a new instance of JdbcDatabaseContainer, specifying the Docker image name for the database container.`: This is a brief description of the method.
- `*`: This is a Javadoc comment separator.
- `@param {string} dockerImageName The name of the Docker image to use for the database container.`: This is a parameter description. The `@param` tag is used to describe a method parameter.

However, there are a few issues with the comment:

- The parameter type should be in the format of `@param paramName description`, not `@param {type} paramName description`.
- The parameter type should be enclosed in angle brackets `<>`, not curly brackets `{}`.

Here's the corrected comment:

```markdown
/**
 * Creates a new instance of JdbcDatabaseContainer, specifying the Docker image name for the database container.
 * 
 * @param dockerImageName The name of the Docker image to use for the database container.
 */
```","    /**
     * @return the database name
     */"
code_review,groq,v2_structured+meta,doc_generation,testcontainers/testcontainers-java,code_review:965b6511fd,0.0414,0.0414,0.0034,0.1777,0.8371,0.3205,"javascript
/**
 * Initializes a new JdbcDatabaseContainer instance with the specified Docker image name.
 * 
 * @param {string} dockerImageName The name of the Docker image to use for the database container.
 */
function JdbcDatabaseContainer(dockerImageName) {
    /**
     * The name of the Docker image used for the database container.
     * @type {string}
     */
    this.dockerImageName = dockerImageName;

    /**
     * Initializes the database container.
     */
    this.init = function() {
        // Initialize the database container using the specified Docker image.
        // This can involve creating a new container, starting it, and configuring it as needed.
    };

    /**
     * Starts the database container.
     */
    this.start = function() {
        // Start the database container.
        // This can involve starting the container if it's not already running.
    };

    /**
     * Stops the database container.
     */
    this.stop = function() {
        // Stop the database container.
        // This can involve stopping the container if it's running.
    };

    /**
     * Deletes the database container.
     */
    this.delete = function() {
        // Delete the database container.
        // This can involve removing the container from the Docker host.
    };
}","    /**
     * @return the database name
     */"
code_review,groq,v3_template+meta,doc_generation,testcontainers/testcontainers-java,code_review:965b6511fd,0.0488,0.0488,0.0047,0.2232,0.8387,0.3171,"javascript
/**
 * Initializes a new instance of the JdbcDatabaseContainer class.
 * 
 * @param {string} dockerImageName The name of the Docker image to use for the database container.
 */
function JdbcDatabaseContainer(dockerImageName) {
    /**
     * The name of the Docker image to use for the database container.
     * @type {string}
     */
    this.dockerImageName = dockerImageName;

    // Initialize the database container
    this.init();
}

/**
 * Initializes the database container.
 */
JdbcDatabaseContainer.prototype.init = function() {
    // Create a new Docker container from the specified image
    // This is a placeholder for the actual Docker container creation logic
    // You would need to use a library like Dockerode or Dockerode-Node to interact with Docker
    console.log(`Creating a new Docker container from image ${this.dockerImageName}`);
};

// Example usage:
const container = new JdbcDatabaseContainer('mysql:latest');
console.log(container.dockerImageName);
container.init();","    /**
     * @return the database name
     */"
code_review,groq,v4_persona+meta,doc_generation,testcontainers/testcontainers-java,code_review:965b6511fd,0.0976,0.0732,0.0066,0.1948,0.8485,0.3354,"javascript
/**
 * Initializes a new JdbcDatabaseContainer instance with the specified Docker image.
 * 
 * @param {string} dockerImageName The Docker image name to use for the database container.
 */
function createJdbcDatabaseContainer(dockerImageName) {
    // Check if the provided Docker image name is valid
    if (typeof dockerImageName !== 'string' || dockerImageName.trim() === '') {
        throw new Error('Invalid Docker image name');
    }

    // Create a new JdbcDatabaseContainer instance
    const jdbcDatabaseContainer = {
        dockerImageName,
        // Initialize other properties as needed
    };

    return jdbcDatabaseContainer;
}

// Example usage:
const databaseContainer = createJdbcDatabaseContainer('mysql:latest');
console.log(databaseContainer.dockerImageName); // Output: mysql:latest","    /**
     * @return the database name
     */"
code_review,groq,v5_cognitive+meta,doc_generation,testcontainers/testcontainers-java,code_review:965b6511fd,0.0265,0.0265,0.0065,0.1059,0.8349,-0.0471,"java
/**
 * Calculates the greatest common divisor (GCD) of two integers using the Euclidean algorithm.
 * 
 * This method takes two integers as input and returns their GCD. It uses the Euclidean algorithm
 * to efficiently calculate the GCD, which is the largest number that divides both input integers
 * without leaving a remainder.
 * 
 * @param a the first integer
 * @param b the second integer
 * @return the greatest common divisor of a and b
 * @throws IllegalArgumentException if either a or b is not a positive integer
 */
public class Main {
    public static int calculateGcd(int a, int b) {
        // Check if both inputs are positive integers
        if (a <= 0 || b <= 0) {
            throw new IllegalArgumentException(""Both inputs must be positive integers"");
        }

        // Use the Euclidean algorithm to calculate the GCD
        while (b != 0) {
            int temp = b;
            b = a % b;
            a = temp;
        }

        return a;
    }

    public static void main(String[] args) {
        System.out.println(calculateGcd(48, 18));  // Output: 6
    }
}","    /**
     * @return the database name
     */"
code_review,groq,v1_minimal+meta,doc_generation,GoogleCloudPlatform/java-docs-samples,code_review:588397bd08,0.0245,0.0245,0.0012,0.0805,0.7984,0.5139,"**tearDown Method Purpose and Behavior in Java**

The `tearDown` method is a crucial part of the Test-Driven Development (TDD) cycle in Java. It is typically called after each test method has completed its execution. The primary purpose of the `tearDown` method is to perform any necessary cleanup tasks to ensure that the test environment is restored to its original state.

**Interaction with Stackdriver Trace Exporter**

In the context of the Stackdriver Trace Exporter, the `tearDown` method is responsible for exporting any collected traces to Stackdriver after the test has completed. This ensures that the traces are properly recorded and can be analyzed for debugging and performance optimization purposes.

**Javadoc Comments for the tearDown Method**

Here is an example of Javadoc comments that clearly outline the responsibilities of the `tearDown` method:
```java
/**
 * Performs any necessary cleanup tasks after the test has completed.
 * This includes closing any open resources, resetting the test state,
 * and exporting any collected traces to Stackdriver.
 *
 * @throws Exception if an error occurs during cleanup
 */
public void tearDown() throws Exception {
    // Close any open resources
    closeResources();

    // Reset the test state
    resetState();

    // Export any collected traces to Stackdriver
    exportTracesToStackdriver();
}

/**
 * Closes any open resources, such as database connections or file handles.
 */
private void closeResources() {
    // Implementation details
}

/**
 * Resets the test state to its original configuration.
 */
private void resetState() {
    // Implementation details
}

/**
 * Exports any collected traces to Stackdriver.
 *
 * @throws Exception if an error occurs during export
 */
private void exportTracesToStackdriver() throws Exception {
    // Implementation details
}
```
**Example Use Case**

Here is an example of how the `tearDown` method might be used in a test class:
```java
public class MyTest {
    private StackdriverTraceExporter exporter;

    @Before
    public void setUp() {
        exporter = new StackdriverTraceExporter();
    }

    @Test
    public void testMyMethod() {
        // Test code here
    }

    @After
    public void tearDown() throws Exception {
        super.tearDown();
        exporter.exportTracesToStackdriver();
    }
}
```
In this example, the `tearDown` method is called after each test method has completed its execution. It first calls the `tearDown` method of the superclass to perform any additional cleanup tasks, and then","/**
 * Tests for stackdriver tracing sample.
 */"
code_review,groq,v2_structured+meta,doc_generation,GoogleCloudPlatform/java-docs-samples,code_review:588397bd08,0.1905,0.1905,0.0214,0.4,0.8844,0.5075,"/**
 * Unregisters the Stackdriver Trace Exporter after use.
 * 
 * @throws IllegalStateException if the exporter has not been registered
 */","/**
 * Tests for stackdriver tracing sample.
 */"
code_review,groq,v3_template+meta,doc_generation,GoogleCloudPlatform/java-docs-samples,code_review:588397bd08,0.0656,0.0656,0.0064,0.1799,0.8324,0.4303,"javascript
/**
 * Unregisters the Stackdriver Trace Exporter instance.
 * 
 * This method removes the exporter instance, effectively disabling Stackdriver Trace export.
 * 
 * @throws {Error} If the exporter instance is not registered.
 */
function unregisterStackdriverTraceExporter() {
    // Check if the exporter instance is registered
    if (!this._stackdriverTraceExporter) {
        throw new Error('Stackdriver Trace Exporter instance is not registered');
    }

    // Unregister the exporter instance
    this._stackdriverTraceExporter = null;
}","/**
 * Tests for stackdriver tracing sample.
 */"
code_review,groq,v4_persona+meta,doc_generation,GoogleCloudPlatform/java-docs-samples,code_review:588397bd08,0.0571,0.0571,0.0061,0.262,0.8342,0.3613,"javascript
/**
 * Unregisters the Stackdriver Trace Exporter, enabling its reinitialization or replacement.
 */
export function unregisterStackdriverTraceExporter() {
  // Check if the exporter is registered
  if (globalThis.console && globalThis.console.log) {
    globalThis.console.log(""Unregistering Stackdriver Trace Exporter..."");
  }

  // Unregister the exporter
  // Assuming the exporter is registered with a function like this:
  // globalThis.stackdriverTraceExporter = function() { ... };
  delete globalThis.stackdriverTraceExporter;

  if (globalThis.console && globalThis.console.log) {
    globalThis.console.log(""Stackdriver Trace Exporter unregistered."");
  }
}","/**
 * Tests for stackdriver tracing sample.
 */"
code_review,groq,v5_cognitive+meta,doc_generation,GoogleCloudPlatform/java-docs-samples,code_review:588397bd08,0.0,0.0,0.0081,0.12,0.851,0.4135,"java
/**
 * Unregisters the StackdriverTraceExporter instance, effectively tearing down the setup process.
 * This method is the counterpart to the setup process, ensuring that all resources are released when the exporter is no longer needed.
 * 
 * @see #setUp()
 */
public void tearDown() {
    // implementation to unregister the StackdriverTraceExporter instance
}","/**
 * Tests for stackdriver tracing sample.
 */"
code_review,groq,v1_minimal+meta,doc_generation,ReactiveX/RxJava,code_review:b9f97b4a40,0.1268,0.0986,0.0082,0.1089,0.7927,0.0565,"java
/**
 * Creates a new CompletableSubject instance.
 *
 * This method returns a CompletableSubject that can be used to emit a single
 * completion signal, which can be used to represent the completion of an asynchronous
 * computation, such as a network request or a database query.
 *
 * @return a new CompletableSubject instance
 */
public CompletableSubject create() {
    // method implementation
}","/**
 * Copyright 2016 Netflix, Inc.
 *
 * Licensed under the Apache License, Version 2.0 (the ""License""); you may not use this file except in
 * compliance with the License. You may obtain a copy of the License at
 *
 * http://www.apache.org/licenses/LICENSE-2.0
 *
 * Unless required by applicable law or agreed to in writing, software distributed under the License is
 * distributed on an ""AS IS"" BASIS, WITHOUT WARRANTIES OR CONDITIONS OF ANY KIND, either express or implied. See
 * the License for the specific language governing permissions and limitations under the License.
 */"
code_review,groq,v2_structured+meta,doc_generation,ReactiveX/RxJava,code_review:b9f97b4a40,0.058,0.0435,0.006,0.0498,0.7672,0.0017,"typescript
import { Subject } from 'rxjs';

/**
 * Creates and returns a new CompletableSubject instance.
 * 
 * @return a new CompletableSubject instance, ready to be subscribed to and completed.
 */
function createCompletableSubject(): Subject<any> {
    return new Subject();
}

// Example usage:
const completableSubject = createCompletableSubject();
completableSubject.subscribe({
    complete: () => console.log('Completed!'),
    error: (error) => console.log('Error:', error),
});","/**
 * Copyright 2016 Netflix, Inc.
 *
 * Licensed under the Apache License, Version 2.0 (the ""License""); you may not use this file except in
 * compliance with the License. You may obtain a copy of the License at
 *
 * http://www.apache.org/licenses/LICENSE-2.0
 *
 * Unless required by applicable law or agreed to in writing, software distributed under the License is
 * distributed on an ""AS IS"" BASIS, WITHOUT WARRANTIES OR CONDITIONS OF ANY KIND, either express or implied. See
 * the License for the specific language governing permissions and limitations under the License.
 */"
code_review,groq,v3_template+meta,doc_generation,ReactiveX/RxJava,code_review:b9f97b4a40,0.1185,0.0889,0.0053,0.0664,0.7685,0.0222,"javascript
/**
 * Creates and returns a new instance of CompletableSubject.
 * @returns {CompletableSubject} A new CompletableSubject instance.
 */
function createCompletableSubject() {
    // Import the CompletableSubject class from the rxjs library
    const { CompletableSubject } = require('rxjs');

    // Create a new instance of CompletableSubject
    const subject = new CompletableSubject();

    // Return the new instance
    return subject;
}","/**
 * Copyright 2016 Netflix, Inc.
 *
 * Licensed under the Apache License, Version 2.0 (the ""License""); you may not use this file except in
 * compliance with the License. You may obtain a copy of the License at
 *
 * http://www.apache.org/licenses/LICENSE-2.0
 *
 * Unless required by applicable law or agreed to in writing, software distributed under the License is
 * distributed on an ""AS IS"" BASIS, WITHOUT WARRANTIES OR CONDITIONS OF ANY KIND, either express or implied. See
 * the License for the specific language governing permissions and limitations under the License.
 */"
code_review,groq,v4_persona+meta,doc_generation,ReactiveX/RxJava,code_review:b9f97b4a40,0.0339,0.0339,0.0027,0.0456,0.7782,-0.0353,"typescript
/**
 * Creates a new CompletableSubject instance, allowing emission of a single completion signal.
 * 
 * @returns A new CompletableSubject instance.
 */
function createCompletableSubject(): import('rxjs').CompletableSubject {
    return new import('rxjs').CompletableSubject();
}","/**
 * Copyright 2016 Netflix, Inc.
 *
 * Licensed under the Apache License, Version 2.0 (the ""License""); you may not use this file except in
 * compliance with the License. You may obtain a copy of the License at
 *
 * http://www.apache.org/licenses/LICENSE-2.0
 *
 * Unless required by applicable law or agreed to in writing, software distributed under the License is
 * distributed on an ""AS IS"" BASIS, WITHOUT WARRANTIES OR CONDITIONS OF ANY KIND, either express or implied. See
 * the License for the specific language governing permissions and limitations under the License.
 */"
code_review,groq,v5_cognitive+meta,doc_generation,ReactiveX/RxJava,code_review:b9f97b4a40,0.1583,0.1079,0.0053,0.1659,0.7715,0.0449,"Here's the documented Java method with a clear and concise Javadoc:

```java
/**
 * Creates a new instance of {@link CompletableSubject} that can be used to create a {@link Completable} instance.
 * 
 * This method does not require any input parameters and returns a new instance of {@link CompletableSubject}.
 * It does not throw any exceptions under normal circumstances.
 * 
 * @return a new instance of {@link CompletableSubject}
 */
public static CompletableSubject create() {
    return new CompletableSubject();
}
```

However, to make the Javadoc even more informative, we can add a brief description of the purpose of the method and its return value:

```java
/**
 * Creates a new instance of {@link CompletableSubject} that can be used to create a {@link Completable} instance.
 * 
 * This method provides a factory for creating new instances of {@link CompletableSubject}, which can be used to create
 * {@link Completable} instances that can be subscribed to and observed for completion or error notifications.
 * 
 * @return a new instance of {@link CompletableSubject}
 */
public static CompletableSubject create() {
    return new CompletableSubject();
}
```

This updated Javadoc provides a clear understanding of the purpose of the `create` method and its return value, making it easier for other developers to use and understand the method.","/**
 * Copyright 2016 Netflix, Inc.
 *
 * Licensed under the Apache License, Version 2.0 (the ""License""); you may not use this file except in
 * compliance with the License. You may obtain a copy of the License at
 *
 * http://www.apache.org/licenses/LICENSE-2.0
 *
 * Unless required by applicable law or agreed to in writing, software distributed under the License is
 * distributed on an ""AS IS"" BASIS, WITHOUT WARRANTIES OR CONDITIONS OF ANY KIND, either express or implied. See
 * the License for the specific language governing permissions and limitations under the License.
 */"
code_review,groq,v1_minimal+meta,doc_generation,vaticle/typedb,code_review:0eae1ce0ac,0.0,0.0,0.0036,0.0872,0.7862,-0.0905,"javascript
/**
 * Creates a new instance of UndefineQueryImpl.
 *
 * @param {Array<string|Pattern>} varPatterns Variable patterns to be undefined.
 * @param {Transaction} tx The transaction in which the query will be executed, or null for a transactionless context.
 * @returns {UndefineQueryImpl} A new instance of UndefineQueryImpl.
 */
function createUndefineQueryImpl(varPatterns, tx) {
  // Check if varPatterns is an array and tx is a valid transaction or null
  if (!Array.isArray(varPatterns) || (tx !== null && !(tx instanceof Transaction))) {
    throw new Error('Invalid input parameters');
  }

  // Create a new instance of UndefineQueryImpl
  const undefineQueryImpl = new UndefineQueryImpl();

  // Initialize the variable patterns and transaction
  undefineQueryImpl.varPatterns = varPatterns;
  undefineQueryImpl.tx = tx;

  // Return the new instance of UndefineQueryImpl
  return undefineQueryImpl;
}","/**
 * @author Felix Chapman
 */"
code_review,groq,v2_structured+meta,doc_generation,vaticle/typedb,code_review:0eae1ce0ac,0.0,0.0,0.0025,0.0673,0.7679,-0.0801,"javascript
/**
 * Creates a new instance of UndefineQueryImpl.
 * 
 * @param {Array<string|Pattern>} varPatterns List of variable patterns to be undefined.
 * @param {Transaction} tx Transaction in which the query will be executed, or null if not applicable.
 * @returns {UndefineQueryImpl} A new instance of UndefineQueryImpl.
 */
function createUndefineQueryImpl(varPatterns, tx) {
    // Check if varPatterns is an array and tx is a valid Transaction object
    if (!Array.isArray(varPatterns)) {
        throw new Error('varPatterns must be an array');
    }
    
    if (tx !== null && !(tx instanceof Transaction)) {
        throw new Error('tx must be a valid Transaction object or null');
    }

    // Create a new instance of UndefineQueryImpl
    const undefineQueryImpl = new UndefineQueryImpl();

    // Initialize the varPatterns property of the UndefineQueryImpl instance
    undefineQueryImpl.varPatterns = varPatterns;

    // Initialize the tx property of the UndefineQueryImpl instance
    undefineQueryImpl.tx = tx;

    return undefineQueryImpl;
}

// Define the UndefineQueryImpl class
class UndefineQueryImpl {
    constructor() {
        this.varPatterns = [];
        this.tx = null;
    }
}

// Define the Transaction class
class Transaction {
    constructor() {
        // Transaction implementation
    }
}","/**
 * @author Felix Chapman
 */"
code_review,groq,v3_template+meta,doc_generation,vaticle/typedb,code_review:0eae1ce0ac,0.0,0.0,0.0013,0.0702,0.7633,-0.1318,"Here's a Java class `UndefineQueryImpl` that implements the described functionality:

```java
import java.util.List;

/**
 * Represents a query to undefine variable patterns within a transaction.
 */
public class UndefineQueryImpl {

    private List<String> varPatterns;
    private Transaction tx;

    /**
     * Creates a new instance of UndefineQueryImpl to undefine the given variable patterns within the specified transaction.
     * 
     * @param varPatterns List of variable patterns to be undefined.
     * @param tx Transaction in which the query will be executed, or null for a query without transactional requirements.
     */
    public UndefineQueryImpl(List<String> varPatterns, Transaction tx) {
        this.varPatterns = varPatterns;
        this.tx = tx;
    }

    // Getters and setters for varPatterns and tx

    public List<String> getVarPatterns() {
        return varPatterns;
    }

    public void setVarPatterns(List<String> varPatterns) {
        this.varPatterns = varPatterns;
    }

    public Transaction getTx() {
        return tx;
    }

    public void setTx(Transaction tx) {
        this.tx = tx;
    }

    /**
     * Executes the query to undefine the variable patterns within the transaction.
     * 
     * @return true if the query was executed successfully, false otherwise.
     */
    public boolean execute() {
        // Implement the logic to undefine the variable patterns within the transaction
        // For example:
        if (tx != null) {
            // Execute the query within the transaction
            tx.execute(() -> {
                // Undefine the variable patterns
                for (String pattern : varPatterns) {
                    // Implement the logic to undefine the pattern
                    // For example:
                    System.out.println(""Undefining variable pattern: "" + pattern);
                }
                return true;
            });
        } else {
            // Execute the query without transactional requirements
            for (String pattern : varPatterns) {
                // Implement the logic to undefine the pattern
                // For example:
                System.out.println(""Undefining variable pattern: "" + pattern);
            }
        }
        return true;
    }
}

/**
 * Represents a transaction in which a query can be executed.
 */
interface Transaction {
    boolean execute(Runnable action);
}
```

This implementation provides a basic structure for the `UndefineQueryImpl` class and the `Transaction` interface. You can extend and modify it","/**
 * @author Felix Chapman
 */"
code_review,groq,v4_persona+meta,doc_generation,vaticle/typedb,code_review:0eae1ce0ac,0.0,0.0,0.0029,0.0761,0.7731,-0.0577,"javascript
/**
 * Creates a new instance of UndefineQueryImpl.
 * 
 * @param {Array<string>|string} varPatterns Variable patterns to be undefined.
 * @param {Transaction|null} tx The transaction in which the query will be executed, or null if not applicable.
 * @returns {UndefineQueryImpl} A new instance of UndefineQueryImpl.
 */
function createUndefineQueryImpl(varPatterns, tx) {
    // Check if varPatterns is an array or a string
    if (!Array.isArray(varPatterns) && typeof varPatterns !== 'string') {
        throw new Error('varPatterns must be an array or a string');
    }

    // Check if tx is a valid transaction object or null
    if (tx !== null && typeof tx !== 'object') {
        throw new Error('tx must be a valid transaction object or null');
    }

    // Create a new instance of UndefineQueryImpl
    return new UndefineQueryImpl(varPatterns, tx);
}

// Define the UndefineQueryImpl class
class UndefineQueryImpl {
    constructor(varPatterns, tx) {
        this.varPatterns = varPatterns;
        this.tx = tx;
    }
}","/**
 * @author Felix Chapman
 */"
code_review,groq,v5_cognitive+meta,doc_generation,vaticle/typedb,code_review:0eae1ce0ac,0.0,0.0,0.0014,0.0426,0.7766,0.0011,"Here's an example of how you could document the Java method using Javadoc:

```java
/**
 * This method calculates the sum of two numbers.
 * 
 * @param num1 The first number to add.
 * @param num2 The second number to add.
 * @return The sum of num1 and num2.
 * @throws NullPointerException If either num1 or num2 is null.
 * @throws NumberFormatException If either num1 or num2 is not a valid number.
 * @throws ArithmeticException If the sum of num1 and num2 overflows.
 */
public double calculateSum(double num1, double num2) {
    // Method implementation here
}
```

However, since you haven't provided the Java method, I'll create a simple example method for demonstration purposes. Here's an example of a Java method that calculates the area of a rectangle:

```java
/**
 * Calculates the area of a rectangle.
 * 
 * @param length The length of the rectangle.
 * @param width  The width of the rectangle.
 * @return The area of the rectangle.
 * @throws NullPointerException If either length or width is null.
 * @throws NumberFormatException If either length or width is not a valid number.
 * @throws ArithmeticException If the length or width is negative.
 */
public double calculateRectangleArea(double length, double width) {
    if (length < 0 || width < 0) {
        throw new ArithmeticException(""Length and width cannot be negative."");
    }
    return length * width;
}
```

In this example, the Javadoc comments provide a brief summary of the method's purpose and responsibilities. The detailed description of each parameter includes its purpose, data type, and any constraints or requirements. The return value is clearly stated, including its data type and any conditions under which it may be null or empty. The comprehensive list of exceptions that may be thrown includes their cause, description, and any related conditions or constraints.","/**
 * @author Felix Chapman
 */"
code_review,groq,v1_minimal+meta,doc_generation,apache/pulsar,code_review:6062bcb471,0.25,0.1923,0.0575,0.3402,0.8599,0.6012,"java
/**
 * Deserializes a value of type T from the specified byte array.
 * 
 * @param <T> the type of the deserialized value
 * @param bytes the byte array containing the serialized value
 * @return the deserialized value of type T
 * @throws Exception if deserialization fails
 */
public class Deserializer<T> {
    public T deserialize(byte[] bytes) throws Exception {
        // Implement deserialization logic here
        // For example, using Java's built-in serialization:
        ObjectInputStream ois = new ObjectInputStream(new ByteArrayInputStream(bytes));
        T value = (T) ois.readObject();
        ois.close();
        return value;
    }
}","    /**
     * serialize bytes convert pojo
     *
     * @param bytes the data
     * @param offset the byte[] initial position
     * @param length the byte[] read length
     * @return the serialized object
     */"
code_review,groq,v2_structured+meta,doc_generation,apache/pulsar,code_review:6062bcb471,0.0833,0.0705,0.0197,0.2106,0.8392,0.4893,"### Reading a Value of Type T from a Byte Array

Here's an example implementation in Java that reads a value of type `T` from a byte array. This implementation uses Java's built-in `ByteBuffer` class to efficiently read the value.

```java
import java.nio.ByteBuffer;
import java.nio.ByteOrder;
import java.io.IOException;

public class ValueReader<T> {

    /**
     * Reads a value of type T from the specified byte array.
     * 
     * @param bytes the byte array containing the value to read
     * @return the read value of type T
     * @throws IOException if an I/O error occurs during the read operation
     * @throws IllegalArgumentException if the byte array is invalid or incomplete
     */
    public T readValue(byte[] bytes) throws IOException {
        if (bytes == null || bytes.length == 0) {
            throw new IllegalArgumentException(""Invalid or empty byte array"");
        }

        ByteBuffer buffer = ByteBuffer.wrap(bytes);
        buffer.order(ByteOrder.BIG_ENDIAN); // Use big-endian byte order by default

        // Determine the type of the value based on the byte array length
        switch (bytes.length) {
            case 1:
                return (T) readByte(buffer);
            case 2:
                return (T) readShort(buffer);
            case 4:
                return (T) readInt(buffer);
            case 8:
                return (T) readLong(buffer);
            default:
                throw new IllegalArgumentException(""Unsupported byte array length"");
        }
    }

    private byte readByte(ByteBuffer buffer) {
        return buffer.get();
    }

    private short readShort(ByteBuffer buffer) {
        return buffer.getShort();
    }

    private int readInt(ByteBuffer buffer) {
        return buffer.getInt();
    }

    private long readLong(ByteBuffer buffer) {
        return buffer.getLong();
    }
}
```

### Example Usage

```java
public class Main {
    public static void main(String[] args) {
        ValueReader<Integer> reader = new ValueReader<>();

        byte[] bytes = {0x00, 0x00, 0x00, 0x04};
        try {
            Integer value = reader.readValue(bytes);
            System.out.println(""Read value: "" + value);
        } catch (IOException e) {
            System.err.println(""Error reading value: "" + e.getMessage());
        }
    }
}
```

This implementation provides a flexible way to read values of different types from a byte array.","    /**
     * serialize bytes convert pojo
     *
     * @param bytes the data
     * @param offset the byte[] initial position
     * @param length the byte[] read length
     * @return the serialized object
     */"
code_review,groq,v3_template+meta,doc_generation,apache/pulsar,code_review:6062bcb471,0.1635,0.1538,0.008,0.3557,0.829,0.5228,"javascript
/**
 * Reads a value from the specified byte array.
 * 
 * @param {Uint8Array} bytes The input byte array to read from.
 * @param {number} [offset=0] The starting position in the byte array.
 * @param {number} [length=bytes.length] The number of bytes to read.
 * @returns {*} The read value.
 */
function readValue(bytes, offset = 0, length = bytes.length) {
    // Determine the type of the value based on the length
    if (length === 1) {
        // Read a single byte as an unsigned integer
        return bytes[offset];
    } else if (length === 2) {
        // Read two bytes as an unsigned short integer
        return (bytes[offset] << 8) | bytes[offset + 1];
    } else if (length === 4) {
        // Read four bytes as an unsigned integer
        return (bytes[offset] << 24) | (bytes[offset + 1] << 16) | (bytes[offset + 2] << 8) | bytes[offset + 3];
    } else if (length === 8) {
        // Read eight bytes as a big-endian unsigned long long integer
        return (bytes[offset] << 56) | (bytes[offset + 1] << 48) | (bytes[offset + 2] << 40) | (bytes[offset + 3] << 32) | (bytes[offset + 4] << 24) | (bytes[offset + 5] << 16) | (bytes[offset + 6] << 8) | bytes[offset + 7];
    } else {
        // If the length is not supported, throw an error
        throw new Error(`Unsupported length: ${length}`);
    }
}","    /**
     * serialize bytes convert pojo
     *
     * @param bytes the data
     * @param offset the byte[] initial position
     * @param length the byte[] read length
     * @return the serialized object
     */"
code_review,groq,v4_persona+meta,doc_generation,apache/pulsar,code_review:6062bcb471,0.2593,0.2222,0.0631,0.2632,0.8488,0.5801,"java
/**
 * Reads a value of type T from the given byte array.
 * 
 * This method is equivalent to calling {@link #read(byte[], int, int)} with the offset set to 0 and the length set to the full length of the byte array.
 * 
 * @param bytes the byte array to read from
 * @return the read value
 * @throws IndexOutOfBoundsException if the byte array is empty
 */
public <T> T read(byte[] bytes) {
    if (bytes.length == 0) {
        throw new IndexOutOfBoundsException(""Byte array is empty"");
    }
    return read(bytes, 0, bytes.length);
}","    /**
     * serialize bytes convert pojo
     *
     * @param bytes the data
     * @param offset the byte[] initial position
     * @param length the byte[] read length
     * @return the serialized object
     */"
code_review,groq,v5_cognitive+meta,doc_generation,apache/pulsar,code_review:6062bcb471,0.1951,0.1789,0.0341,0.2267,0.8427,0.4854,"java
/**
 * Reads data from the input stream into a byte array.
 * 
 * This method is responsible for reading a specified number of bytes from the underlying input stream into the provided byte array.
 * 
 * @param bytes The byte array to store the read data. The array should be large enough to hold the requested number of bytes.
 * @return The number of bytes read from the input stream, or -1 if the end of the stream has been reached.
 * @throws IOException If an I/O error occurs while reading from the input stream.
 */
public int read(byte[] bytes) throws IOException {
    // method implementation
}","    /**
     * serialize bytes convert pojo
     *
     * @param bytes the data
     * @param offset the byte[] initial position
     * @param length the byte[] read length
     * @return the serialized object
     */"
code_review,groq,v1_minimal+meta,doc_generation,googleapis/google-cloud-java,code_review:fbd32ba2f2,0.2013,0.1887,0.0123,0.2587,0.8396,0.6255,"javascript
/**
 * Creates a new RowMutation instance.
 * 
 * @param {string} tableId The ID of the table where the mutation will be applied.
 * @param {string} key The key of the row to be mutated.
 * @param {object} mutation The mutation to be applied to the row.
 */
class RowMutation {
  constructor(tableId, key, mutation) {
    /**
     * The ID of the table where the mutation will be applied.
     * @type {string}
     */
    this.tableId = tableId;

    /**
     * The key of the row to be mutated.
     * @type {string}
     */
    this.key = key;

    /**
     * The mutation to be applied to the row.
     * @type {object}
     */
    this.mutation = mutation;
  }
}

// Example usage:
const rowMutation = new RowMutation('table-123', 'row-456', { foo: 'bar' });
console.log(rowMutation.tableId); // Output: table-123
console.log(rowMutation.key); // Output: row-456
console.log(rowMutation.mutation); // Output: { foo: 'bar' }","  /**
   * Creates new instance of mutation builder by wrapping existing mutation builder.
   *
   * <p>Sample code:
   *
   * <pre><code>
   * Mutation mutation = Mutation.create()
   *     .setCell(""[FAMILY_NAME]"", ""[QUALIFIER]"", [TIMESTAMP], ""[VALUE]"");
   * RowMutation rowMutation = RowMutation.create(""[TABLE]"", ""[ROW_KEY]"", mutation);
   * </code></pre>
   */"
code_review,groq,v2_structured+meta,doc_generation,googleapis/google-cloud-java,code_review:fbd32ba2f2,0.165,0.1456,0.0122,0.2426,0.8381,0.7039,"javascript
/**
 * Creates a new RowMutation instance.
 * 
 * @param {string} tableId The ID of the table to which the mutation applies.
 * @param {string} key The key of the row to be mutated.
 * @param {object} mutation The mutation to be applied to the row.
 */
class RowMutation {
  /**
   * Initializes a new instance of the RowMutation class.
   * 
   * @param {string} tableId The ID of the table to which the mutation applies.
   * @param {string} key The key of the row to be mutated.
   * @param {object} mutation The mutation to be applied to the row.
   */
  constructor(tableId, key, mutation) {
    /**
     * The ID of the table to which the mutation applies.
     * @type {string}
     */
    this.tableId = tableId;
    
    /**
     * The key of the row to be mutated.
     * @type {string}
     */
    this.key = key;
    
    /**
     * The mutation to be applied to the row.
     * @type {object}
     */
    this.mutation = mutation;
  }
}

// Example usage:
const rowMutation = new RowMutation('table-123', 'row-456', { name: 'John Doe', age: 30 });
console.log(rowMutation.tableId); // Output: table-123
console.log(rowMutation.key); // Output: row-456
console.log(rowMutation.mutation); // Output: { name: 'John Doe', age: 30 }","  /**
   * Creates new instance of mutation builder by wrapping existing mutation builder.
   *
   * <p>Sample code:
   *
   * <pre><code>
   * Mutation mutation = Mutation.create()
   *     .setCell(""[FAMILY_NAME]"", ""[QUALIFIER]"", [TIMESTAMP], ""[VALUE]"");
   * RowMutation rowMutation = RowMutation.create(""[TABLE]"", ""[ROW_KEY]"", mutation);
   * </code></pre>
   */"
code_review,groq,v3_template+meta,doc_generation,googleapis/google-cloud-java,code_review:fbd32ba2f2,0.1481,0.0905,0.0039,0.2111,0.828,0.6953,"Here's the code refactored with improved documentation and comments:

```java
/**
 * Represents a mutation operation on a specific row in a database table.
 */
public class RowMutation {
    
    /**
     * Constructs a new RowMutation instance with the specified table ID, key, and mutation.
     * 
     * @param tableId the unique identifier of the table to mutate
     * @param key the primary key of the row to be modified
     * @param mutation the changes to be applied to the specified row
     */
    public RowMutation(int tableId, Object key, Object mutation) {
        // Initialize the table ID, key, and mutation properties
        this.tableId = tableId;
        this.key = key;
        this.mutation = mutation;
    }

    // Properties
    private int tableId;
    private Object key;
    private Object mutation;

    // Getters (consider using getters instead of direct field access)
    public int getTableId() {
        return tableId;
    }

    public Object getKey() {
        return key;
    }

    public Object getMutation() {
        return mutation;
    }
}
```

In this refactored code:

*   I added a class-level Javadoc comment to describe the purpose of the `RowMutation` class.
*   I improved the constructor Javadoc comment to provide more context about the parameters.
*   I added property-level Javadoc comments to describe the purpose of each field.
*   I made the properties private to encapsulate the data and added getter methods to provide controlled access to the data.
*   I used more descriptive variable names and followed standard Java naming conventions.","  /**
   * Creates new instance of mutation builder by wrapping existing mutation builder.
   *
   * <p>Sample code:
   *
   * <pre><code>
   * Mutation mutation = Mutation.create()
   *     .setCell(""[FAMILY_NAME]"", ""[QUALIFIER]"", [TIMESTAMP], ""[VALUE]"");
   * RowMutation rowMutation = RowMutation.create(""[TABLE]"", ""[ROW_KEY]"", mutation);
   * </code></pre>
   */"
code_review,groq,v4_persona+meta,doc_generation,googleapis/google-cloud-java,code_review:fbd32ba2f2,0.1829,0.1714,0.0104,0.255,0.8353,0.6546,"javascript
/**
 * Creates a new RowMutation instance for the specified table ID, key, and mutation.
 *
 * @param {string} tableId The unique ID of the table to which the mutation applies.
 * @param {*} key The key to which the mutation is applied.
 * @param {*} mutation The mutation to be applied to the specified key.
 * @returns {RowMutation} A new RowMutation instance.
 */
class RowMutation {
  constructor(tableId, key, mutation) {
    /**
     * The unique ID of the table to which the mutation applies.
     * @type {string}
     */
    this.tableId = tableId;

    /**
     * The key to which the mutation is applied.
     * @type {*}
     */
    this.key = key;

    /**
     * The mutation to be applied to the specified key.
     * @type {*}
     */
    this.mutation = mutation;
  }
}

// Example usage:
const rowMutation = new RowMutation('table-123', { id: 1, name: 'John' }, { name: 'Jane' });
console.log(rowMutation.tableId); // Output: table-123
console.log(rowMutation.key); // Output: { id: 1, name: 'John' }
console.log(rowMutation.mutation); // Output: { name: 'Jane' }","  /**
   * Creates new instance of mutation builder by wrapping existing mutation builder.
   *
   * <p>Sample code:
   *
   * <pre><code>
   * Mutation mutation = Mutation.create()
   *     .setCell(""[FAMILY_NAME]"", ""[QUALIFIER]"", [TIMESTAMP], ""[VALUE]"");
   * RowMutation rowMutation = RowMutation.create(""[TABLE]"", ""[ROW_KEY]"", mutation);
   * </code></pre>
   */"
code_review,groq,v5_cognitive+meta,doc_generation,googleapis/google-cloud-java,code_review:fbd32ba2f2,0.0244,0.0163,0.0031,0.1102,0.7859,0.0596,"### Java Method Documentation

```java
/**
 * Calculates the greatest common divisor (GCD) of two integers using the Euclidean algorithm.
 * 
 * @param a the first integer
 * @param b the second integer
 * @return the greatest common divisor of a and b
 * @throws IllegalArgumentException if either a or b is less than 0
 * @throws ArithmeticException if either a or b is not an integer
 */
public int calculateGcd(int a, int b) {
    // method implementation
}
```

In this example, the `calculateGcd` method takes two `int` parameters, `a` and `b`, and returns the greatest common divisor of these two integers. The method throws an `IllegalArgumentException` if either `a` or `b` is less than 0, and an `ArithmeticException` if either `a` or `b` is not an integer.

### Explanation of Key Aspects:

*   **Primary Responsibility:** The main objective of this method is to calculate the greatest common divisor of two integers using the Euclidean algorithm.
*   **Parameters:**
    *   `a`: the first integer, of type `int`, which must be a non-negative integer.
    *   `b`: the second integer, of type `int`, which must be a non-negative integer.
*   **Return Values:** The method returns the greatest common divisor of `a` and `b`, of type `int`.
*   **Exceptions:**
    *   `IllegalArgumentException`: thrown if either `a` or `b` is less than 0.
    *   `ArithmeticException`: thrown if either `a` or `b` is not an integer.","  /**
   * Creates new instance of mutation builder by wrapping existing mutation builder.
   *
   * <p>Sample code:
   *
   * <pre><code>
   * Mutation mutation = Mutation.create()
   *     .setCell(""[FAMILY_NAME]"", ""[QUALIFIER]"", [TIMESTAMP], ""[VALUE]"");
   * RowMutation rowMutation = RowMutation.create(""[TABLE]"", ""[ROW_KEY]"", mutation);
   * </code></pre>
   */"
code_review,groq,v1_minimal+meta,doc_generation,VoltDB/voltdb,code_review:df61f7404e,0.0896,0.0616,0.0033,0.1358,0.8176,0.1876,"Here's a refactored version of the code with some improvements:

```java
/**
 * Verifies the provided credentials against the stored credentials.
 * 
 * This method checks if the provided username and hashed password match the stored values.
 * If no credentials are set, it initializes them and returns true.
 * 
 * @param username the username to verify
 * @param hashedPassword the hashed password to verify
 * @return true if the credentials match the stored values, false otherwise
 */
private boolean verifyCredentials(String username, byte[] hashedPassword) {
    // Check if credentials are already set
    if (storedUsername != null && storedHashedPassword != null) {
        // Compare provided credentials with stored credentials
        return username.equals(storedUsername) && Arrays.equals(hashedPassword, storedHashedPassword);
    } else {
        // Initialize credentials if not set
        storedUsername = username;
        storedHashedPassword = hashedPassword;
        return true;
    }
}
```

However, this code still has some issues. The variables `storedUsername` and `storedHashedPassword` are not declared anywhere in the method. They should be instance variables or class variables to store the credentials.

Here's a more complete version of the code:

```java
private String storedUsername;
private byte[] storedHashedPassword;

/**
 * Verifies the provided credentials against the stored credentials.
 * 
 * This method checks if the provided username and hashed password match the stored values.
 * If no credentials are set, it initializes them and returns true.
 * 
 * @param username the username to verify
 * @param hashedPassword the hashed password to verify
 * @return true if the credentials match the stored values, false otherwise
 */
private boolean verifyCredentials(String username, byte[] hashedPassword) {
    // Check if credentials are already set
    if (storedUsername != null && storedHashedPassword != null) {
        // Compare provided credentials with stored credentials
        return username.equals(storedUsername) && Arrays.equals(hashedPassword, storedHashedPassword);
    } else {
        // Initialize credentials if not set
        storedUsername = username;
        storedHashedPassword = hashedPassword;
        return true;
    }
}
```

But, this approach is not thread-safe. If multiple threads are accessing this method simultaneously, it may lead to inconsistent state. A better approach would be to use a thread-safe data structure to store the credentials.

Here's an example using `AtomicReference`:

```java
private","    /**
     * Synchronously invoke a procedure call blocking until a result is available.
     * @param batchTimeout procedure invocation batch timeout.
     * @param procName class name (not qualified by package) of the procedure to execute.
     * @param parameters vararg list of procedure's parameter values.
     * @return array of VoltTable results.
     * @throws org.voltdb.client.ProcCallException
     * @throws NoConnectionsException
     */"
code_review,groq,v2_structured+meta,doc_generation,VoltDB/voltdb,code_review:df61f7404e,0.1005,0.0704,0.0054,0.148,0.8333,0.1068,"typescript
/**
 * Verifies that the provided credentials match the stored credentials.
 * 
 * @param {string} username The username to verify.
 * @param {string|null} hashedPassword The hashed password to verify.
 * @returns {boolean} True if the credentials match, false otherwise.
 * @throws {Error} If the username is null.
 */
function verifyCredentials(username: string, hashedPassword: string | null): boolean {
    if (username === null) {
        throw new Error(""Username cannot be null"");
    }

    // Assuming we have a storedCredentials object with username and hashedPassword properties
    const storedCredentials = {
        username: ""exampleUser"",
        hashedPassword: ""$2b$10$92E4AEDFGE...hashedPassword""
    };

    // Check if the provided username matches the stored username
    if (username !== storedCredentials.username) {
        return false;
    }

    // Check if the provided hashed password matches the stored hashed password
    // For demonstration purposes, we'll use a simple string comparison
    // In a real-world scenario, you'd use a library like bcrypt to securely compare hashed passwords
    if (hashedPassword !== storedCredentials.hashedPassword) {
        return false;
    }

    // If both checks pass, the credentials match
    return true;
}","    /**
     * Synchronously invoke a procedure call blocking until a result is available.
     * @param batchTimeout procedure invocation batch timeout.
     * @param procName class name (not qualified by package) of the procedure to execute.
     * @param parameters vararg list of procedure's parameter values.
     * @return array of VoltTable results.
     * @throws org.voltdb.client.ProcCallException
     * @throws NoConnectionsException
     */"
code_review,groq,v3_template+meta,doc_generation,VoltDB/voltdb,code_review:df61f7404e,0.1134,0.0825,0.0064,0.1837,0.823,0.1099,"javascript
/**
 * Verifies that the provided credentials match the stored values.
 * 
 * @param {string} username The username to verify.
 * @param {string} hashedPassword The hashed password to verify.
 * @param {string} storedHashedPassword The stored hashed password.
 * @returns {boolean} True if the credentials match, false otherwise.
 * @throws {Error} If the username is null or undefined.
 */
function verifyCredentials(username, hashedPassword, storedHashedPassword) {
    if (username === null || username === undefined) {
        throw new Error(""Username cannot be null or undefined."");
    }

    // Implement your password verification logic here
    // For example, you can use a library like bcrypt to compare the hashed passwords
    const bcrypt = require('bcrypt');
    return bcrypt.compare(hashedPassword, storedHashedPassword);
}

// Example usage:
const storedHashedPassword = ""$2b$10$xxxyyyzzz""; // Replace with the stored hashed password
const username = ""johnDoe"";
const hashedPassword = ""password123""; // Replace with the hashed password to verify

try {
    const isValid = verifyCredentials(username, hashedPassword, storedHashedPassword);
    console.log(`Credentials are valid: ${isValid}`);
} catch (error) {
    console.error(error.message);
}","    /**
     * Synchronously invoke a procedure call blocking until a result is available.
     * @param batchTimeout procedure invocation batch timeout.
     * @param procName class name (not qualified by package) of the procedure to execute.
     * @param parameters vararg list of procedure's parameter values.
     * @return array of VoltTable results.
     * @throws org.voltdb.client.ProcCallException
     * @throws NoConnectionsException
     */"
code_review,groq,v4_persona+meta,doc_generation,VoltDB/voltdb,code_review:df61f7404e,0.1156,0.0809,0.0068,0.1393,0.8223,0.1689,"javascript
/**
 * Verifies the consistency of provided credentials with stored values.
 * 
 * Initializes credentials if not set and checks if the provided username and hashed password match stored values.
 * 
 * @param {string} username The username to verify.
 * @param {string} hashedPassword The hashed password to verify.
 * @param {object} credentials The stored credentials object.
 * @returns {boolean} True if credentials are consistent, false otherwise.
 */
function verifyCredentials(username, hashedPassword, credentials) {
    // Check if credentials object is not set, initialize it if necessary
    if (!credentials) {
        credentials = {};
    }

    // Check if username and hashed password match stored values
    return (username === credentials.username && hashedPassword === credentials.hashedPassword);
}

// Example usage:
let storedCredentials = {
    username: 'johnDoe',
    hashedPassword: 'hashedPassword123'
};

let isValid = verifyCredentials('johnDoe', 'hashedPassword123', storedCredentials);
console.log(isValid); // Output: true

isValid = verifyCredentials('wrongUsername', 'hashedPassword123', storedCredentials);
console.log(isValid); // Output: false","    /**
     * Synchronously invoke a procedure call blocking until a result is available.
     * @param batchTimeout procedure invocation batch timeout.
     * @param procName class name (not qualified by package) of the procedure to execute.
     * @param parameters vararg list of procedure's parameter values.
     * @return array of VoltTable results.
     * @throws org.voltdb.client.ProcCallException
     * @throws NoConnectionsException
     */"
code_review,groq,v5_cognitive+meta,doc_generation,VoltDB/voltdb,code_review:df61f7404e,0.1156,0.0711,0.0059,0.193,0.8265,0.2278,"java
/**
 * Authenticates a user by verifying whether the provided credentials (username and hashed password) match the stored credentials.
 *
 * @param username the username to be verified
 * @param hashedPassword the hashed password to be verified
 * @return true if the credentials match the stored credentials, false otherwise
 * @throws NullPointerException if the username or hashed password is null
 * @throws CredentialMismatchException if the provided credentials do not match the stored credentials
 * @throws AuthenticationException if an error occurs during the authentication process
 */
public boolean authenticateUser(String username, String hashedPassword) {
    // Check for null parameters
    if (username == null || hashedPassword == null) {
        throw new NullPointerException(""Username and hashed password cannot be null"");
    }

    // Assume storedCredentials is a data structure (e.g., a database or cache) that stores the user credentials
    // For demonstration purposes, we'll use a simple HashMap to store the credentials
    Map<String, String> storedCredentials = new HashMap<>();

    // Add some sample credentials to the storedCredentials map
    storedCredentials.put(""user1"", ""hashed_password1"");
    storedCredentials.put(""user2"", ""hashed_password2"");

    // Check if the provided credentials match the stored credentials
    return storedCredentials.containsKey(username) && storedCredentials.get(username).equals(hashedPassword);
}","    /**
     * Synchronously invoke a procedure call blocking until a result is available.
     * @param batchTimeout procedure invocation batch timeout.
     * @param procName class name (not qualified by package) of the procedure to execute.
     * @param parameters vararg list of procedure's parameter values.
     * @return array of VoltTable results.
     * @throws org.voltdb.client.ProcCallException
     * @throws NoConnectionsException
     */"
code_review,groq,v1_minimal+meta,doc_generation,realm/realm-java,code_review:6af8103326,0.0,0.0,0.0069,0.1196,0.8533,0.0958,"java
/**
 * Callback to handle schema changes in the shared Realm.
 * When the schema changes, it refreshes the current schema.
 */
private OsSharedRealm.SchemaChangedCallback schemaChangedCallback = new OsSharedRealm.SchemaChangedCallback() {
    /**
     * Called when the schema of the shared Realm has changed.
     * Refreshes the current schema.
     */
    @Override
    public void onSchemaChanged() {
        RealmSchema schema = getSchema();
        if (schema != null) {
            schema.refresh();
        }
    }
};","    /**
     * Thread pool executor used for write operations - only one thread is needed as writes cannot
     * be parallelized.
     */"
code_review,groq,v2_structured+meta,doc_generation,realm/realm-java,code_review:6af8103326,0.0444,0.0222,0.0056,0.1434,0.8443,-0.0447,"javascript
/**
 * Notifies the application that the Realm schema has changed.
 * 
 * @param {Object} realm The Realm instance that has been modified.
 */
function onRealmSchemaChange(realm) {
    // Perform any necessary actions when the Realm schema changes
    // For example, you might want to refresh your UI or update your data
    console.log('Realm schema has changed:', realm);
    
    // You can also use this opportunity to update your local cache
    // or notify other parts of your application about the change
}","    /**
     * Thread pool executor used for write operations - only one thread is needed as writes cannot
     * be parallelized.
     */"
code_review,groq,v3_template+meta,doc_generation,realm/realm-java,code_review:6af8103326,0.0294,0.0294,0.0079,0.1336,0.8535,-0.0006,"javascript
/**
 * Refreshes the schema if it exists in response to schema changes.
 * 
 * @returns {void} - This function does not return a value.
 * @throws {Error} - No exceptions are thrown, but any error that occurs during execution will be propagated.
 */
function refreshSchema() {
    // Check if the schema exists
    if (schema) {
        // Refresh the schema
        schema.refresh();
    }
}","    /**
     * Thread pool executor used for write operations - only one thread is needed as writes cannot
     * be parallelized.
     */"
code_review,groq,v4_persona+meta,doc_generation,realm/realm-java,code_review:6af8103326,0.0235,0.0235,0.006,0.1259,0.8293,-0.0246,"javascript
/**
 * Invoked when the schema of the underlying Realm changes.
 * Refreshes the schema if it is not null.
 * @param {Realm} realm The Realm instance that triggered the change.
 * @param {RealmSchema} schema The updated Realm schema.
 */
function onSchemaChanged(realm, schema) {
  // Check if the schema is not null
  if (schema !== null) {
    // Refresh the schema
    realm.refreshSchema();
  } else {
    // Handle the case when the schema is null
    console.error(""Schema is null"");
  }
}","    /**
     * Thread pool executor used for write operations - only one thread is needed as writes cannot
     * be parallelized.
     */"
code_review,groq,v5_cognitive+meta,doc_generation,realm/realm-java,code_review:6af8103326,0.1163,0.0698,0.0066,0.1625,0.842,0.0545,"java
/**
 * Refreshes the Realm schema when it changes.
 * This method is called automatically when the Realm schema changes, as part of an event-driven callback mechanism.
 * 
 * @author [Your Name]
 * @since [Version]
 */
public void onSchemaChanged() {
    // Refresh the Realm schema when it changes
    // Implementation details may vary based on the specific Realm library or framework being used
    // For example, in Realm Java, you might use the following code:
    // Realm.getInstance().refreshSchema();
}","    /**
     * Thread pool executor used for write operations - only one thread is needed as writes cannot
     * be parallelized.
     */"
code_review,groq,v1_minimal+meta,doc_generation,apache/flink,code_review:dc73155187,0.1989,0.125,0.0086,0.1905,0.7832,0.0114,"### Javadoc Comments for Java Code

Here's an example Java code snippet with Javadoc comments:

```java
/**
 * This class represents a simple calculator that performs basic arithmetic operations.
 * It includes methods for addition, subtraction, multiplication, and division.
 */
public class Calculator {

    /**
     * The first operand for the arithmetic operation.
     */
    private double operand1;

    /**
     * The second operand for the arithmetic operation.
     */
    private double operand2;

    /**
     * Creates a new Calculator instance with the given operands.
     * 
     * @param operand1 The first operand.
     * @param operand2 The second operand.
     */
    public Calculator(double operand1, double operand2) {
        this.operand1 = operand1;
        this.operand2 = operand2;
    }

    /**
     * Adds the two operands together.
     * 
     * @return The sum of the two operands.
     * @throws ArithmeticException If the second operand is zero.
     */
    public double add() {
        if (operand2 == 0) {
            throw new ArithmeticException(""Cannot divide by zero."");
        }
        return operand1 + operand2;
    }

    /**
     * Subtracts the second operand from the first operand.
     * 
     * @return The difference between the two operands.
     */
    public double subtract() {
        return operand1 - operand2;
    }

    /**
     * Multiplies the two operands together.
     * 
     * @return The product of the two operands.
     */
    public double multiply() {
        return operand1 * operand2;
    }

    /**
     * Divides the first operand by the second operand.
     * 
     * @return The quotient of the two operands.
     * @throws ArithmeticException If the second operand is zero.
     */
    public double divide() {
        if (operand2 == 0) {
            throw new ArithmeticException(""Cannot divide by zero."");
        }
        return operand1 / operand2;
    }

    /**
     * Main method to test the Calculator class.
     * 
     * @param args Command-line arguments (not used).
     */
    public static void main(String[] args) {
        // Create a new Calculator instance with operands 10 and 2.
        Calculator calculator = new Calculator(10, 2);

        // Perform arithmetic operations and print the results.
        System.out.println(""Addition: "" + calculator.add());
        System.out.println(""Subtraction","/**
 * This is an example showing how to use the HBaseSink in the Streaming API.
 *
 * To run the example you need a local HBase database that has a table ""flink-example"" with a column family ""cf"".
 * In the example, the HBase sink takes an input of type {@link Tuple3} and perform different operations based on the input.
 * The first field of a input value is used as the row key, the second field is treated as an opcode that
 * determines which type of HBase operation is performed and the third field is the value to written.
 */"
code_review,groq,v2_structured+meta,doc_generation,apache/flink,code_review:dc73155187,0.1462,0.0888,0.0041,0.0903,0.7847,0.6042,"java
import org.apache.flink.api.common.functions.MapFunction;
import org.apache.flink.api.common.functions.ReduceFunction;
import org.apache.flink.api.common.typeinfo.TypeInformation;
import org.apache.flink.api.java.tuple.Tuple2;
import org.apache.flink.api.java.tuple.Tuple3;
import org.apache.flink.configuration.Configuration;
import org.apache.flink.streaming.api.datastream.DataStream;
import org.apache.flink.streaming.api.environment.StreamExecutionEnvironment;
import org.apache.flink.table.api.Table;
import org.apache.flink.table.api.bridge.java.StreamTableEnvironment;
import org.apache.flink.types.Row;

import org.apache.hadoop.hbase.HBaseConfiguration;
import org.apache.hadoop.hbase.client.Put;
import org.apache.hadoop.hbase.client.Table;
import org.apache.hadoop.hbase.util.Bytes;

import java.util.ArrayList;
import java.util.List;

public class HBaseWriterJob {

    public static void main(String[] args) throws Exception {
        // Create a StreamExecutionEnvironment
        StreamExecutionEnvironment env = StreamExecutionEnvironment.getExecutionEnvironment();

        // Create a StreamTableEnvironment
        StreamTableEnvironment tableEnv = StreamTableEnvironment.create(env);

        // Create a table with a single column
        tableEnv.createTemporaryView(""input_table"", ""id INT, value STRING"");

        // Read data from the table
        Table inputTable = tableEnv.from(""input_table"");

        // Map the data to a new format (e.g., Tuple2)
        Table mappedTable = inputTable.map(new MapFunction<Row, Tuple2<Integer, String>>() {
            @Override
            public Tuple2<Integer, String> map(Row row) throws Exception {
                return new Tuple2<>(row.getField(0), row.getField(1));
            }
        });

        // Reduce the data (not necessary in this example)
        Table reducedTable = mappedTable.reduce(new ReduceFunction<Tuple2<Integer, String>>() {
            @Override
            public Tuple2<Integer, String> reduce(Tuple2<Integer, String> value1, Tuple2<Integer, String> value2) throws Exception {
                return new Tuple2<>(value1.f0, value1.f1 + value2.f1);
            }
        });

        // Convert the table to a DataStream
        DataStream<Tuple2<Integer, String>> dataStream = tableEnv.toDataStream(reducedTable);

        // Create a HBase configuration
        Configuration hbaseConf = HBaseConfiguration.create();

        // Create a HBase table
        Table hbaseTable = tableEnv.executeSql(""CREATE TABLE hbase_table (id","/**
 * This is an example showing how to use the HBaseSink in the Streaming API.
 *
 * To run the example you need a local HBase database that has a table ""flink-example"" with a column family ""cf"".
 * In the example, the HBase sink takes an input of type {@link Tuple3} and perform different operations based on the input.
 * The first field of a input value is used as the row key, the second field is treated as an opcode that
 * determines which type of HBase operation is performed and the third field is the value to written.
 */"
code_review,groq,v3_template+meta,doc_generation,apache/flink,code_review:dc73155187,0.1778,0.0988,0.0054,0.1367,0.799,0.6798,"### Flink HBase Job Executor

Below is a sample implementation of a Flink job that writes data to an HBase table.

```java
import org.apache.flink.api.common.functions.MapFunction;
import org.apache.flink.api.common.functions.ReduceFunction;
import org.apache.flink.api.common.typeinfo.TypeInformation;
import org.apache.flink.api.java.tuple.Tuple2;
import org.apache.flink.configuration.Configuration;
import org.apache.flink.streaming.api.datastream.DataStream;
import org.apache.flink.streaming.api.environment.StreamExecutionEnvironment;
import org.apache.flink.table.api.Table;
import org.apache.flink.table.api.bridge.java.StreamTableEnvironment;
import org.apache.flink.types.Row;
import org.apache.hadoop.hbase.HBaseConfiguration;
import org.apache.hadoop.hbase.client.Put;
import org.apache.hadoop.hbase.client.Table;
import org.apache.hadoop.hbase.util.Bytes;
import org.apache.hadoop.hbase.TableName;

import java.util.ArrayList;
import java.util.List;

/**
 * Executes a Flink job to write data to an HBase table.
 *
 * @param dataSource The collection of data to be written to HBase.
 * @throws Exception If an error occurs during job execution.
 */
public class HBaseJobExecutor {

    public static void main(String[] args) throws Exception {
        // Create a StreamExecutionEnvironment
        StreamExecutionEnvironment env = StreamExecutionEnvironment.getExecutionEnvironment();

        // Create a StreamTableEnvironment
        StreamTableEnvironment tableEnv = StreamTableEnvironment.create(env);

        // Create a data source (example: a list of tuples)
        List<Tuple2<String, String>> dataSource = new ArrayList<>();
        dataSource.add(Tuple2.of(""row1"", ""column1""));
        dataSource.add(Tuple2.of(""row2"", ""column2""));

        // Create a Flink table from the data source
        Table table = tableEnv.fromDataStream(env.fromCollection(dataSource));

        // Register the table with a name
        tableEnv.createTemporaryView(""hbase_table"", table);

        // Create a HBase configuration
        Configuration hbaseConf = HBaseConfiguration.create();

        // Create a HBase table (example: a table with a single column family)
        String tableName = ""example_table"";
        String columnFamily = ""cf"";
        String columnQualifier = ""cq"";

        // Create a HBase client
        org.apache.hadoop.hbase.client.Connection connection = org.apache.hadoop.hbase.client.ConnectionFactory.createConnection(hbaseConf);
        Table hbaseTable = connection.getTable(TableName.valueOf(tableName));

        // Create a Flink HBase sink","/**
 * This is an example showing how to use the HBaseSink in the Streaming API.
 *
 * To run the example you need a local HBase database that has a table ""flink-example"" with a column family ""cf"".
 * In the example, the HBase sink takes an input of type {@link Tuple3} and perform different operations based on the input.
 * The first field of a input value is used as the row key, the second field is treated as an opcode that
 * determines which type of HBase operation is performed and the third field is the value to written.
 */"
code_review,groq,v4_persona+meta,doc_generation,apache/flink,code_review:dc73155187,0.133,0.0837,0.004,0.1013,0.7784,0.4398,"java
import org.apache.flink.api.common.functions.MapFunction;
import org.apache.flink.api.common.functions.RichMapFunction;
import org.apache.flink.api.common.restartstrategy.RestartStrategies;
import org.apache.flink.api.common.time.Time;
import org.apache.flink.api.common.typeinfo.TypeInformation;
import org.apache.flink.api.java.tuple.Tuple2;
import org.apache.flink.configuration.Configuration;
import org.apache.flink.configuration.CoreOptions;
import org.apache.flink.configuration.JobManagerOptions;
import org.apache.flink.runtime.state.filesystem.FsStateBackend;
import org.apache.flink.runtime.state.filesystem.FsStateBackendOptions;
import org.apache.flink.streaming.api.datastream.DataStream;
import org.apache.flink.streaming.api.environment.StreamExecutionEnvironment;
import org.apache.flink.streaming.api.functions.source.SourceFunction;
import org.apache.flink.streaming.api.functions.source.SourceOperator;
import org.apache.hadoop.conf.Configuration as HadoopConf;
import org.apache.hadoop.hbase.HBaseConfiguration;
import org.apache.hadoop.hbase.TableName;
import org.apache.hadoop.hbase.client.Connection;
import org.apache.hadoop.hbase.client.ConnectionFactory;
import org.apache.hadoop.hbase.client.Put;
import org.apache.hadoop.hbase.client.Table;
import org.apache.hadoop.hbase.util.Bytes;

import java.io.IOException;
import java.util.Properties;

public class HBaseWriterJob {

    public static void main(String[] args) throws Exception {
        // Create a StreamExecutionEnvironment
        StreamExecutionEnvironment env = StreamExecutionEnvironment.getExecutionEnvironment();

        // Set the parallelism of the job
        env.setParallelism(4);

        // Set the restart strategy
        env.setRestartStrategy(RestartStrategies.failureRateRestart(3, Time.of(10, TimeUnit.MINUTES), Time.of(1, TimeUnit.MINUTES)));

        // Create a data source
        DataStream<String> dataSource = env.addSource(new MyDataSource());

        // Map the data to HBase rows
        DataStream<Tuple2<String, String>> hbaseRows = dataSource.map(new HBaseRowMapper());

        // Create an HBase client
        Connection connection = ConnectionFactory.createConnection(HBaseConfiguration.create());

        // Write the data to the HBase table
        hbaseRows.map(new HBaseRowWriter(connection, ""my_table"")).print();

        // Execute the job
        env.execute(""HBase Writer Job"");
    }

    // A simple data source that generates random data
    public static class MyDataSource implements SourceFunction<String> {
        private boolean running = true;

        @Override
        public void run(SourceContext<String> ctx)","/**
 * This is an example showing how to use the HBaseSink in the Streaming API.
 *
 * To run the example you need a local HBase database that has a table ""flink-example"" with a column family ""cf"".
 * In the example, the HBase sink takes an input of type {@link Tuple3} and perform different operations based on the input.
 * The first field of a input value is used as the row key, the second field is treated as an opcode that
 * determines which type of HBase operation is performed and the third field is the value to written.
 */"
code_review,groq,v5_cognitive+meta,doc_generation,apache/flink,code_review:dc73155187,0.2277,0.1436,0.004,0.2238,0.81,0.5948,"java
/**
 * The main entry point of this HBase data processing application.
 * 
 * This method is responsible for setting up the data processing pipeline, 
 * reading data from HBase, and writing the processed data back to HBase.
 * 
 * @param args Command-line arguments (not used in this example).
 * @param env The environment variables, which are not used in this example.
 * @throws Exception If there is an error reading or writing data to HBase.
 */
public class HBaseDataProcessor {
    public static final String TABLE_NAME = ""my_table""; // The name of the HBase table to process.

    public static void main(String[] args, Map<String, String> env) {
        // The primary responsibility of this method is to set up the data processing pipeline.
        // The 'args' parameter is not used in this example, but it would typically be used to 
        // pass command-line arguments to the application. The 'env' variable is also not used, 
        // but it would typically be used to access environment variables.

        // The 'dataSource' variable represents the source of the data to be processed.
        // In this case, it is assumed to be an HBase table.
        HBaseDataSource dataSource = new HBaseDataSource(TABLE_NAME);

        // The 'FAMILY', 'COLUMN1', and 'COLUMN2' variables represent the HBase table family and 
        // column names that will be used to read and write data.
        String FAMILY = ""my_family"";
        String COLUMN1 = ""column1"";
        String COLUMN2 = ""column2"";

        // The 'HBaseSink' class is responsible for writing the processed data back to HBase.
        HBaseSink sink = new HBaseSink(dataSource, FAMILY, COLUMN1, COLUMN2);

        // The 'HBaseMapperExample' class is responsible for processing the data read from HBase.
        HBaseMapperExample mapper = new HBaseMapperExample();

        try {
            // Read data from HBase and process it using the 'mapper' object.
            // The processed data is then written back to HBase using the 'sink' object.
            dataSource.readData(mapper);
            sink.writeData(mapper.getProcessedData());
        } catch (Exception e) {
            // If there is an error reading or writing data to HBase, an exception is thrown.
            throw new Exception(""Error processing data: "" + e.getMessage());
        }
    }
}","/**
 * This is an example showing how to use the HBaseSink in the Streaming API.
 *
 * To run the example you need a local HBase database that has a table ""flink-example"" with a column family ""cf"".
 * In the example, the HBase sink takes an input of type {@link Tuple3} and perform different operations based on the input.
 * The first field of a input value is used as the row key, the second field is treated as an opcode that
 * determines which type of HBase operation is performed and the third field is the value to written.
 */"
code_review,groq,v1_minimal+meta,doc_generation,vaadin/flow,code_review:4207ea3963,0.2,0.1333,0.0091,0.1584,0.8428,0.562,"javascript
/**
 * Creates a new VaadinSession instance, initializing the VaadinService and establishing a resource registry.
 *
 * @param {VaadinService} service The VaadinService instance to be associated with this session.
 * @returns {VaadinSession} A new VaadinSession instance.
 */
function createVaadinSession(service) {
    // Initialize the VaadinSession instance
    let vaadinSession = new VaadinSession();

    // Initialize the VaadinService instance
    vaadinSession.service = service;

    // Establish a resource registry
    vaadinSession.resourceRegistry = new ResourceRegistry();

    // Return the new VaadinSession instance
    return vaadinSession;
}","    /**
     * Checks whether the session is properly initialized/in use.
     * <p>
     * The session is initialized if
     * {@link #refreshTransients(WrappedSession, VaadinService)} has been called
     * for it. If the session is just created or deserialized but not yet in
     * real use then it's not initialized and it's state is incomplete.
     * 
     * @return whether the session is initialized
     */"
code_review,groq,v2_structured+meta,doc_generation,vaadin/flow,code_review:4207ea3963,0.1593,0.1062,0.0101,0.1194,0.8567,0.5611,"java
/**
 * Initializes a new Vaadin session instance, associating it with the given Vaadin service.
 * 
 * @param service the Vaadin service instance to associate with this session
 */
public class VaadinSession {
    private VaadinService service;

    public VaadinSession(VaadinService service) {
        if (service == null) {
            throw new NullPointerException(""Vaadin service instance cannot be null"");
        }
        this.service = service;
    }

    // Additional methods and properties can be added here...
}","    /**
     * Checks whether the session is properly initialized/in use.
     * <p>
     * The session is initialized if
     * {@link #refreshTransients(WrappedSession, VaadinService)} has been called
     * for it. If the session is just created or deserialized but not yet in
     * real use then it's not initialized and it's state is incomplete.
     * 
     * @return whether the session is initialized
     */"
code_review,groq,v3_template+meta,doc_generation,vaadin/flow,code_review:4207ea3963,0.1505,0.129,0.0119,0.1156,0.8487,0.5709,"java
/**
 * Initializes a new VaadinSession instance with the specified VaadinService.
 * 
 * @param service The VaadinService instance to associate with this session.
 * @return This VaadinSession instance, allowing for method chaining.
 */
public VaadinSession withVaadinService(VaadinService service) {
    this.service = service;
    return this;
}","    /**
     * Checks whether the session is properly initialized/in use.
     * <p>
     * The session is initialized if
     * {@link #refreshTransients(WrappedSession, VaadinService)} has been called
     * for it. If the session is just created or deserialized but not yet in
     * real use then it's not initialized and it's state is incomplete.
     * 
     * @return whether the session is initialized
     */"
code_review,groq,v4_persona+meta,doc_generation,vaadin/flow,code_review:4207ea3963,0.1905,0.1524,0.0118,0.1318,0.8457,0.564,"java
/**
 * Initializes a new VaadinSession instance with the specified VaadinService.
 * 
 * @param service the VaadinService instance associated with this session
 * @since 8.0.0 (Vaadin 8)
 * @see VaadinService, VaadinSession
 */
public VaadinSession(VaadinService service) {
    // Initialize the VaadinSession instance with the provided VaadinService
    this.service = service;
    // Initialize other necessary fields and variables here
}","    /**
     * Checks whether the session is properly initialized/in use.
     * <p>
     * The session is initialized if
     * {@link #refreshTransients(WrappedSession, VaadinService)} has been called
     * for it. If the session is just created or deserialized but not yet in
     * real use then it's not initialized and it's state is incomplete.
     * 
     * @return whether the session is initialized
     */"
code_review,groq,v5_cognitive+meta,doc_generation,vaadin/flow,code_review:4207ea3963,0.1083,0.0741,0.0025,0.1717,0.7885,0.171,"### Java Method Documentation

#### Method: `calculateTotalCost`

**Single Responsibility:** This method calculates the total cost of a purchase based on the item's price, quantity, and any applicable discounts.

**Role within the System:** This method is part of a larger system responsible for managing purchases and calculating costs.

### Javadoc

```java
/**
 * Calculates the total cost of a purchase based on the item's price, quantity, and any applicable discounts.
 *
 * @param itemPrice the price of the item
 * @param quantity the number of items being purchased
 * @param discount the discount percentage (optional)
 * @return the total cost of the purchase
 * @throws IllegalArgumentException if the item price or quantity is invalid
 * @throws NullPointerException if the item price or quantity is null
 */
public double calculateTotalCost(double itemPrice, int quantity, Double discount) {
    // Method implementation
}
```

### Parameter Documentation

| Parameter Name | Type | Description | Constraints/Requirements |
| --- | --- | --- | --- |
| `itemPrice` | `double` | The price of the item being purchased | Must be a positive number |
| `quantity` | `int` | The number of items being purchased | Must be a positive integer |
| `discount` | `Double` | The discount percentage (optional) | Can be null, but if provided, must be a number between 0 and 100 |

### Return Value Documentation

| Return Value | Type | Description | Conditions for Null/Empty |
| --- | --- | --- | --- |
| `totalCost` | `double` | The total cost of the purchase | Will be null if the input parameters are invalid, otherwise will be a positive number |

### Exception Documentation

| Exception Type | Cause | Description |
| --- | --- | --- |
| `IllegalArgumentException` | Invalid item price or quantity | Thrown if the item price or quantity is invalid (e.g., negative or non-numeric) |
| `NullPointerException` | Null item price or quantity | Thrown if the item price or quantity is null |

### Example Use Cases

```java
double itemPrice = 19.99;
int quantity = 2;
Double discount = 10.0;

double totalCost = calculateTotalCost(itemPrice, quantity, discount);
System.out.println(""Total Cost: "" + totalCost);

// Example with invalid input
try {
    double invalidPrice = -1.0;
    int invalidQuantity = 0;
    Double","    /**
     * Checks whether the session is properly initialized/in use.
     * <p>
     * The session is initialized if
     * {@link #refreshTransients(WrappedSession, VaadinService)} has been called
     * for it. If the session is just created or deserialized but not yet in
     * real use then it's not initialized and it's state is incomplete.
     * 
     * @return whether the session is initialized
     */"
code_review,groq,v1_minimal+meta,doc_generation,Alluxio/alluxio,code_review:2b55a8bac3,0.0645,0.0645,0.005,0.1623,0.7932,0.5575,"java
import org.junit.Test;
import static org.junit.Assert.assertTrue;

public class DeleteLineageOptionsBuilderTest {

    /**
     * Verifies the builder pattern for DeleteLineageOptions by ensuring the cascade option is properly set.
     * 
     * This test case checks that the cascade option is correctly set to true when using the DeleteLineageOptions.Builder.
     */
    @Test
    public void testCascadeOptionIsSetToTrue() {
        // Create a new instance of DeleteLineageOptions.Builder
        DeleteLineageOptions.Builder builder = new DeleteLineageOptions.Builder();

        // Use the builder to create a new instance of DeleteLineageOptions
        DeleteLineageOptions options = builder.build();

        // Verify that the cascade option is set to true
        assertTrue(options.isCascade());
    }
}","/**
 * Tests for {@link DeleteLineageOptions}.
 */"
code_review,groq,v2_structured+meta,doc_generation,Alluxio/alluxio,code_review:2b55a8bac3,0.032,0.032,0.0032,0.0985,0.8135,0.4967,"javascript
/**
 * Validates the cascade option in DeleteLineageOptions.
 * 
 * @param {Object} tachyonConf - The Tachyon configuration to use for the DeleteLineageOptions.
 * @param {boolean} cascade - Flag indicating whether to delete the entire lineage or just the specified entity.
 * @throws {Error} If there is an issue with the Tachyon configuration or the DeleteLineageOptions.
 */
function validateDeleteLineageOptions(tachyonConf, cascade) {
  // Check if the Tachyon configuration is valid
  if (!tachyonConf || typeof tachyonConf !== 'object') {
    throw new Error('Invalid Tachyon configuration');
  }

  // Check if the cascade option is valid
  if (typeof cascade !== 'boolean') {
    throw new Error('Invalid cascade option. It should be a boolean value.');
  }

  // Check if the cascade option is enabled and the Tachyon configuration is valid
  if (cascade && !tachyonConf.lineageEnabled) {
    throw new Error('Lineage is not enabled in the Tachyon configuration');
  }
}","/**
 * Tests for {@link DeleteLineageOptions}.
 */"
code_review,groq,v3_template+meta,doc_generation,Alluxio/alluxio,code_review:2b55a8bac3,0.0,0.0,0.0021,0.0568,0.7985,0.3626,"Here's an improved version of the Java method documentation:

```java
/**
 * Deletes a lineage with the specified options.
 * 
 * @param options The options to use when deleting the lineage, such as the lineage ID or a filter to select the lineage to delete.
 * @return void indicating successful deletion.
 * @throws Exception if an error occurs during lineage deletion, such as a network connection issue or a permission problem.
 * @throws IllegalArgumentException if the provided options are invalid or incomplete.
 * @throws IllegalStateException if the lineage is not in a deletable state.
 */
```

However, if you're using Java 8 or later, you can use the `@throws` annotation to document the exceptions that can be thrown by the method. Here's an example:

```java
/**
 * Deletes a lineage with the specified options.
 * 
 * @param options The options to use when deleting the lineage, such as the lineage ID or a filter to select the lineage to delete.
 * @return void indicating successful deletion.
 * @throws Exception if an error occurs during lineage deletion.
 * @throws {IllegalArgumentException} if the provided options are invalid or incomplete.
 * @throws {IllegalStateException} if the lineage is not in a deletable state.
 */
```","/**
 * Tests for {@link DeleteLineageOptions}.
 */"
code_review,groq,v4_persona+meta,doc_generation,Alluxio/alluxio,code_review:2b55a8bac3,0.04,0.04,0.0,0.0,0.7925,0.4389,"typescript
import { DeleteLineageOptions } from '@google-cloud/bigquery';

describe('DeleteLineageOptions', () => {
  it('should create a DeleteLineageOptions instance with cascade deletion enabled', () => {
    // Create a DeleteLineageOptions instance with cascade deletion enabled
    const options = new DeleteLineageOptions({
      cascade: true,
    });

    // Verify the cascade option is set to true
    expect(options.cascade).toBe(true);
  });
});","/**
 * Tests for {@link DeleteLineageOptions}.
 */"
code_review,groq,v5_cognitive+meta,doc_generation,Alluxio/alluxio,code_review:2b55a8bac3,0.0303,0.0303,0.0062,0.1136,0.8136,0.4445,"java
/**
 * Deletes lineage options with cascade enabled.
 *
 * @param conf The configuration object used to initialize the DeleteLineageOptions builder.
 * @return void, indicating no return value.
 */
public void deleteLineageOptionsWithCascadeEnabled(TachyonConf conf) {
    // Initialize a DeleteLineageOptions object with cascade enabled
    DeleteLineageOptions options = new DeleteLineageOptions(conf);
    options.setCascade(true);

    // Verify the cascade option is correctly set
    if (!options.isCascade()) {
        throw new IllegalStateException(""Cascade option is not enabled"");
    }
}","/**
 * Tests for {@link DeleteLineageOptions}.
 */"
code_review,groq,v1_minimal+meta,doc_generation,apache/skywalking,code_review:055c0b3248,0.0,0.0,0.0044,0.1064,0.7619,-0.0385,"java
/**
 * Verifies the serialization of a ServiceResetCommand instance, ensuring correct serialization of the command name and arguments.
 * 
 * @throws Exception if serialization fails
 */
public void testServiceResetCommandSerialization() throws Exception {
    // Create a new ServiceResetCommand instance
    ServiceResetCommand command = new ServiceResetCommand(""service_name"", ""arg1"", ""arg2"");

    // Serialize the command
    ByteArrayOutputStream bos = new ByteArrayOutputStream();
    ObjectOutputStream oos = new ObjectOutputStream(bos);
    oos.writeObject(command);
    oos.close();

    // Deserialize the command
    ByteArrayInputStream bis = new ByteArrayInputStream(bos.toByteArray());
    ObjectInputStream ois = new ObjectInputStream(bis);
    ServiceResetCommand deserializedCommand = (ServiceResetCommand) ois.readObject();
    ois.close();

    // Verify the deserialized command matches the original command
    assertEquals(command.getCommandName(), deserializedCommand.getCommandName());
    assertEquals(command.getArguments(), deserializedCommand.getArguments());
}","/**
 * @author jsbxyyx
 */"
code_review,groq,v2_structured+meta,doc_generation,apache/skywalking,code_review:055c0b3248,0.0,0.0,0.0041,0.1007,0.7697,-0.02,"javascript
/**
 * Verifies the serialization of a ServiceResetCommand instance.
 * 
 * @param {ServiceResetCommand} command the instance to serialize
 * @throws {Error} if an error occurs during serialization
 */
function verifySerialization(command) {
  try {
    // Attempt to serialize the command instance
    const serializedCommand = JSON.stringify(command);
    
    // Perform some basic validation on the serialized command
    if (!serializedCommand) {
      throw new Error(""Failed to serialize ServiceResetCommand instance"");
    }
    
    // If no exceptions were thrown, the serialization was successful
    console.log(""Serialization successful"");
  } catch (error) {
    // If an exception was thrown, rethrow it with a more informative message
    throw new Error(`Failed to serialize ServiceResetCommand instance: ${error.message}`);
  }
}","/**
 * @author jsbxyyx
 */"
code_review,groq,v3_template+meta,doc_generation,apache/skywalking,code_review:055c0b3248,0.0,0.0,0.0026,0.0728,0.7539,-0.0073,"java
/**
 * Serializes the given command into a builder, allowing for further configuration and customization.
 * 
 * @param command the command to be serialized
 * @return a builder instance representing the serialized command
 */
public Builder serializeCommand(Command command) {
    // Initialize the builder with the given command
    return new Builder(command);
}

/**
 * A builder class for creating and customizing commands.
 */
public static class Builder {
    private Command command;

    /**
     * Constructs a new builder instance with the given command.
     * 
     * @param command the command to be built
     */
    public Builder(Command command) {
        this.command = command;
    }

    // Add methods for further configuration and customization
    public Builder setParameter(String parameter, Object value) {
        // Set the parameter value in the command
        command.setParameter(parameter, value);
        return this;
    }

    public Builder setOption(String option, boolean value) {
        // Set the option value in the command
        command.setOption(option, value);
        return this;
    }

    public Command build() {
        // Return the built command
        return command;
    }
}","/**
 * @author jsbxyyx
 */"
code_review,groq,v4_persona+meta,doc_generation,apache/skywalking,code_review:055c0b3248,0.0,0.0,0.0,0.0,0.7196,0.0166,"java
import org.junit.jupiter.api.Test;
import static org.junit.jupiter.api.Assertions.assertThrows;

import java.io.ByteArrayOutputStream;
import java.io.ObjectOutputStream;

import com.example.ServiceResetCommand;
import com.example.Command;

public class ServiceResetCommandSerializationTest {

    @Test
    public void testServiceResetCommandSerialization() throws Exception {
        // Create a new ServiceResetCommand instance
        ServiceResetCommand serviceResetCommand = new ServiceResetCommand();

        // Attempt to serialize the command into a byte array
        ByteArrayOutputStream bos = new ByteArrayOutputStream();
        ObjectOutputStream oos = new ObjectOutputStream(bos);
        oos.writeObject(serviceResetCommand);
        oos.close();

        // Deserialize the byte array back into a Command.Builder
        Command.Builder builder = new Command.Builder();
        oos = new ObjectOutputStream(bos);
        Object obj = oos.readObject();
        oos.close();

        // Verify that the deserialized object is a Command.Builder
        assert obj instanceof Command.Builder;

        // Verify that the deserialized Command.Builder is equivalent to the original ServiceResetCommand
        // This may require implementing a custom equals method in the Command.Builder class
        // assert builder.equals(serviceResetCommand);
    }

    @Test
    public void testServiceResetCommandSerializationFailure() {
        // Create a new ServiceResetCommand instance
        ServiceResetCommand serviceResetCommand = null;

        // Attempt to serialize the null command into a byte array
        ByteArrayOutputStream bos = new ByteArrayOutputStream();
        try (ObjectOutputStream oos = new ObjectOutputStream(bos)) {
            oos.writeObject(serviceResetCommand);
        } catch (Exception e) {
            // Expected exception
        }

        // Verify that serialization failed
        assert bos.size() == 0;
    }
}","/**
 * @author jsbxyyx
 */"
code_review,groq,v5_cognitive+meta,doc_generation,apache/skywalking,code_review:055c0b3248,0.0,0.0,0.0029,0.0798,0.7764,-0.0225,"Here's the corrected and improved Javadoc for the `test_serialize` method in the `Command` class:

```java
/**
 * Serializes a ServiceResetCommand instance into a Command.Builder object.
 * 
 * @return void
 * @throws Exception if serialization fails
 */
public void test_serialize() {
    // Method implementation
}
```

However, I noticed that the method name is `test_serialize` but the description is referring to a `ServiceResetCommand` instance. It seems like there might be a naming inconsistency. If this method is intended to serialize a `ServiceResetCommand` instance, it should be named accordingly. 

Here's an updated version with a more descriptive method name:

```java
/**
 * Serializes a ServiceResetCommand instance into a Command.Builder object.
 * 
 * @return void
 * @throws Exception if serialization fails
 */
public void serializeServiceResetCommand() {
    // Method implementation
}
```

This updated method name clearly indicates its purpose and the type of command being serialized.","/**
 * @author jsbxyyx
 */"
code_review,groq,v1_minimal+meta,doc_generation,jenkinsci/jenkins,code_review:3cdf45c517,0.0469,0.0469,0.0086,0.1408,0.8132,0.0791,"javascript
/**
 * Returns a cached or lazily computed ExtensionList instance for the given Class and Jenkins instance.
 *
 * @param {Class} clazz The class to retrieve the ExtensionList for.
 * @param {Jenkins} jenkins The Jenkins instance to retrieve the ExtensionList for.
 * @returns {ExtensionList} The cached or lazily computed ExtensionList instance.
 */
function getExtensionList(clazz, jenkins) {
  // Create a cache to store the ExtensionList instances
  const cache = new Map();

  // Check if the ExtensionList instance is already cached
  if (cache.has(`${clazz.name}_${jenkins.id}`)) {
    // If cached, return the cached instance
    return cache.get(`${clazz.name}_${jenkins.id}`);
  }

  // If not cached, compute the ExtensionList instance lazily
  const extensionList = new ExtensionList(clazz, jenkins);

  // Cache the computed instance
  cache.set(`${clazz.name}_${jenkins.id}`, extensionList);

  // Return the computed instance
  return extensionList;
}","    /**
     * Returns the enabled and activated administrative monitors.
     */"
code_review,groq,v2_structured+meta,doc_generation,jenkinsci/jenkins,code_review:3cdf45c517,0.0667,0.0444,0.0055,0.1685,0.8302,0.0551,"java
import java.util.concurrent.ConcurrentHashMap;
import java.util.concurrent.ConcurrentMap;

/**
 * Creates and memoizes an ExtensionList for a given Jenkins instance and class.
 * 
 * @param key The class for which to create an ExtensionList.
 * @return The ExtensionList instance for the given class.
 * @throws NullPointerException if the key is null.
 */
public class ExtensionListFactory {
    
    private static final ConcurrentMap<Class<?>, ExtensionList> memoizedLists = new ConcurrentHashMap<>();

    public static ExtensionList getExtensionList(Class<?> key) {
        if (key == null) {
            throw new NullPointerException(""Key cannot be null"");
        }

        return memoizedLists.computeIfAbsent(key, k -> new ExtensionList());
    }
}","    /**
     * Returns the enabled and activated administrative monitors.
     */"
code_review,groq,v3_template+meta,doc_generation,jenkinsci/jenkins,code_review:3cdf45c517,0.0219,0.0219,0.0017,0.0817,0.8216,0.0962,"Here's a Java implementation for the given method:

```java
import java.util.concurrent.ConcurrentHashMap;
import java.util.Set;

/**
 * A utility class to cache and retrieve extension lists for classes.
 */
public class ExtensionListCache {

    private static final ConcurrentHashMap<Class<?>, Set<Class<?>>> cache = new ConcurrentHashMap<>();

    /**
     * Retrieves the extension list for the specified class, caching the result to prevent redundant computations.
     *
     * @param key the class for which to obtain the extension list
     * @return the extension list associated with the given class
     * @throws Exception if an error occurs during extension list retrieval
     */
    public static Set<Class<?>> getExtensionList(Class<?> key) throws Exception {
        // Check if the cache already contains the extension list for the given class
        if (!cache.containsKey(key)) {
            // If not, retrieve the extension list and cache it
            cache.put(key, getExtensionListFromSource(key));
        }
        return cache.get(key);
    }

    /**
     * Retrieves the extension list for the specified class from the source.
     *
     * @param key the class for which to obtain the extension list
     * @return the extension list associated with the given class
     * @throws Exception if an error occurs during extension list retrieval
     */
    protected static Set<Class<?>> getExtensionListFromSource(Class<?> key) throws Exception {
        // This method should be implemented to retrieve the extension list from the source
        // For demonstration purposes, it returns an empty set
        return Set.of();
    }
}
```

You can use this class as follows:

```java
public class Main {
    public static void main(String[] args) throws Exception {
        Class<?> key = String.class;
        Set<Class<?>> extensionList = ExtensionListCache.getExtensionList(key);
        System.out.println(extensionList);
    }
}
```

This implementation uses a `ConcurrentHashMap` to cache the extension lists, ensuring thread safety. The `getExtensionListFromSource` method should be implemented to retrieve the extension list from the actual source.","    /**
     * Returns the enabled and activated administrative monitors.
     */"
code_review,groq,v4_persona+meta,doc_generation,jenkinsci/jenkins,code_review:3cdf45c517,0.0397,0.0397,0.003,0.12,0.827,0.0758,"javascript
/**
 * Memoizes extension list creation for a given class, caching results to prevent redundant computations.
 * 
 * @param {Class} key The class for which to generate an extension list.
 * @returns {Array} The cached extension list for the specified class.
 */
const extensionListCache = new Map();

function getExtensionList(key) {
    if (extensionListCache.has(key)) {
        // If the extension list is already cached, return it directly
        return extensionListCache.get(key);
    } else {
        // If not cached, compute the extension list and cache it
        const extensionList = computeExtensionList(key);
        extensionListCache.set(key, extensionList);
        return extensionList;
    }
}

/**
 * Computes the extension list for a given class.
 * 
 * @param {Class} key The class for which to generate an extension list.
 * @returns {Array} The computed extension list for the specified class.
 */
function computeExtensionList(key) {
    // TO DO: implement the logic to compute the extension list for the given class
    // For demonstration purposes, assume we're returning a hardcoded list
    return ['Extension1', 'Extension2', 'Extension3'];
}","    /**
     * Returns the enabled and activated administrative monitors.
     */"
code_review,groq,v5_cognitive+meta,doc_generation,jenkinsci/jenkins,code_review:3cdf45c517,0.0193,0.0193,0.0014,0.0691,0.8254,-0.01,"### Java Method Documentation

```java
/**
 * Calculates the total cost of a purchase based on the given items and their prices.
 * 
 * This method takes a list of items, each with a name and a price, and returns the total cost of the purchase.
 * It also throws exceptions for invalid input, such as null or empty lists, or items with negative prices.
 * 
 * @param items the list of items to calculate the total cost for
 * @return the total cost of the purchase, or null if the input list is empty
 * @throws NullPointerException if the input list is null
 * @throws IllegalArgumentException if the input list is empty or contains items with negative prices
 */
public double calculateTotalCost(List<Item> items) {
    // Method implementation goes here
}

/**
 * Represents an item with a name and a price.
 */
class Item {
    private String name;
    private double price;

    /**
     * Constructs a new item with the given name and price.
     * 
     * @param name the name of the item
     * @param price the price of the item
     */
    public Item(String name, double price) {
        this.name = name;
        this.price = price;
    }

    /**
     * Gets the name of the item.
     * 
     * @return the name of the item
     */
    public String getName() {
        return name;
    }

    /**
     * Gets the price of the item.
     * 
     * @return the price of the item
     */
    public double getPrice() {
        return price;
    }
}
```

In this example, the `calculateTotalCost` method takes a list of `Item` objects as input and returns the total cost of the purchase. The method throws a `NullPointerException` if the input list is null, and an `IllegalArgumentException` if the input list is empty or contains items with negative prices. The return value is a `double` representing the total cost, which may be null if the input list is empty.

The `Item` class represents an item with a name and a price, and provides getter methods for these properties. The `Item` class is used as a parameter in the `calculateTotalCost` method.","    /**
     * Returns the enabled and activated administrative monitors.
     */"
code_review,groq,v1_minimal+meta,doc_generation,apache/pulsar,code_review:31ce4e8b2f,0.2174,0.118,0.0059,0.1599,0.7824,0.0257,"Here's the updated Javadoc comment for the DelayInjectionMetadataStore constructor:

```java
/**
 * Initializes a DelayInjectionMetadataStore instance, linking it to an extended metadata store and configuring a single-threaded scheduler for delayed metadata operations.
 *
 * @param store the extended metadata store instance to be used for data storage and retrieval.
 * This store is used to store and retrieve metadata, and is expected to be an instance of {@link MetadataStoreExtended}.
 * @param schedulerConfiguration optional configuration for the scheduler thread.
 * If not provided, a default thread factory with the name ""metadata-store-delay-injection"" is used.
 * This configuration is used to customize the behavior of the scheduler thread, such as its name, priority, and thread group.
 * @see SchedulerConfiguration for more information on how to configure the scheduler thread.
 */
public DelayInjectionMetadataStore(MetadataStoreExtended store, SchedulerConfiguration schedulerConfiguration) {
        this.store = store;
        this.delays = new CopyOnWriteArrayList<>();
        this.scheduler = Executors.newSingleThreadScheduledExecutor(schedulerConfiguration != null ? schedulerConfiguration : new DefaultThreadFactory(""metadata-store-delay-injection""));
}
```

Note that I've added a link to `MetadataStoreExtended` and `SchedulerConfiguration` to provide more context and help users understand the dependencies and requirements of the constructor. I've also added a reference to the `DefaultThreadFactory` class to provide more information on how the default thread factory is used when no custom configuration is provided.","/**
 * Licensed to the Apache Software Foundation (ASF) under one
 * or more contributor license agreements.  See the NOTICE file
 * distributed with this work for additional information
 * regarding copyright ownership.  The ASF licenses this file
 * to you under the Apache License, Version 2.0 (the
 * ""License""); you may not use this file except in compliance
 * with the License.  You may obtain a copy of the License at
 *
 *   http://www.apache.org/licenses/LICENSE-2.0
 *
 * Unless required by applicable law or agreed to in writing,
 * software distributed under the License is distributed on an
 * ""AS IS"" BASIS, WITHOUT WARRANTIES OR CONDITIONS OF ANY
 * KIND, either express or implied.  See the License for the
 * specific language governing permissions and limitations
 * under the License.
 */"
code_review,groq,v2_structured+meta,doc_generation,apache/pulsar,code_review:31ce4e8b2f,0.1679,0.1103,0.004,0.1599,0.7685,0.0911,"Here's an example of how you could improve the documentation using Javadoc style:

```java
/**
 * Constructs a new instance of the DelayInjectionMetadataStore, initializing the underlying metadata store and scheduling thread.
 *
 * @param store the extended metadata store to use for data storage. This store is used to persist metadata across different operations.
 * @param schedulerThreadName the name of the thread used for scheduling. This thread is responsible for executing scheduled tasks.
 * @throws NullPointerException if the provided store is null.
 * @see java.util.concurrent.Executors#newSingleThreadScheduledExecutor(java.util.concurrent.ThreadFactory)
 * @see java.util.concurrent.ThreadFactory
 * @since 1.0
 */
public DelayInjectionMetadataStore(MetadataStoreExtended store, String schedulerThreadName) {
    if (store == null) {
        throw new NullPointerException(""Store cannot be null"");
    }
    this.store = store;
    this.delays = new CopyOnWriteArrayList<>();
    this.scheduler = Executors.newSingleThreadScheduledExecutor(
            new DefaultThreadFactory(schedulerThreadName));
}
```

However, if you want to follow the standard Javadoc guidelines, you should use the `@param` tag to describe each parameter, like so:

```java
/**
 * Constructs a new instance of the DelayInjectionMetadataStore, initializing the underlying metadata store and scheduling thread.
 *
 * @param store the extended metadata store to use for data storage. This store is used to persist metadata across different operations.
 * @param schedulerThreadName the name of the thread used for scheduling. This thread is responsible for executing scheduled tasks.
 * @throws NullPointerException if the provided store is null.
 * @see java.util.concurrent.Executors#newSingleThreadScheduledExecutor(java.util.concurrent.ThreadFactory)
 * @see java.util.concurrent.ThreadFactory
 * @since 1.0
 */
public DelayInjectionMetadataStore(MetadataStoreExtended store, String schedulerThreadName) {
    if (store == null) {
        throw new NullPointerException(""Store cannot be null"");
    }
    this.store = store;
    this.delays = new CopyOnWriteArrayList<>();
    this.scheduler = Executors.newSingleThreadScheduledExecutor(
            new DefaultThreadFactory(schedulerThreadName));
}
```

But if you want to follow the Doxygen style, you should use the `@param` tag with the `@brief` tag, like so:

```java
/**
 * @brief Constructs a new instance of the DelayInjectionMetadataStore, initializing the underlying metadata store and scheduling thread.
 *
 * @param","/**
 * Licensed to the Apache Software Foundation (ASF) under one
 * or more contributor license agreements.  See the NOTICE file
 * distributed with this work for additional information
 * regarding copyright ownership.  The ASF licenses this file
 * to you under the Apache License, Version 2.0 (the
 * ""License""); you may not use this file except in compliance
 * with the License.  You may obtain a copy of the License at
 *
 *   http://www.apache.org/licenses/LICENSE-2.0
 *
 * Unless required by applicable law or agreed to in writing,
 * software distributed under the License is distributed on an
 * ""AS IS"" BASIS, WITHOUT WARRANTIES OR CONDITIONS OF ANY
 * KIND, either express or implied.  See the License for the
 * specific language governing permissions and limitations
 * under the License.
 */"
code_review,groq,v3_template+meta,doc_generation,apache/pulsar,code_review:31ce4e8b2f,0.1514,0.1081,0.0061,0.0762,0.775,-0.0719,"typescript
/**
 * Initializes a new instance of the DelayInjectionMetadataStore class.
 * 
 * @param {MetadataStoreExtended} store The metadata store to use for storage.
 * @returns {DelayInjectionMetadataStore} A new instance of the DelayInjectionMetadataStore class.
 * @throws {Error} If an error occurs during initialization.
 */
class DelayInjectionMetadataStore {
  private store: MetadataStoreExtended;

  constructor(store: MetadataStoreExtended) {
    if (!(store instanceof MetadataStoreExtended)) {
      throw new Error('Invalid metadata store provided');
    }

    this.store = store;
  }

  // Add methods to the class as needed
}","/**
 * Licensed to the Apache Software Foundation (ASF) under one
 * or more contributor license agreements.  See the NOTICE file
 * distributed with this work for additional information
 * regarding copyright ownership.  The ASF licenses this file
 * to you under the Apache License, Version 2.0 (the
 * ""License""); you may not use this file except in compliance
 * with the License.  You may obtain a copy of the License at
 *
 *   http://www.apache.org/licenses/LICENSE-2.0
 *
 * Unless required by applicable law or agreed to in writing,
 * software distributed under the License is distributed on an
 * ""AS IS"" BASIS, WITHOUT WARRANTIES OR CONDITIONS OF ANY
 * KIND, either express or implied.  See the License for the
 * specific language governing permissions and limitations
 * under the License.
 */"
code_review,groq,v4_persona+meta,doc_generation,apache/pulsar,code_review:31ce4e8b2f,0.1753,0.1237,0.0068,0.0956,0.7792,-0.0271,"typescript
/**
 * Initializes a new instance of the metadata store with the specified extended metadata store.
 * 
 * @param {ExtendedMetadataStore} store - The extended metadata store to use for storing metadata.
 */
function initializeMetadataStore(store: ExtendedMetadataStore): MetadataStore {
    // Check if the store is null or undefined
    if (!store) {
        throw new Error(""Extended metadata store cannot be null or undefined."");
    }

    // Initialize the metadata store with the extended metadata store
    const metadataStore = new MetadataStore(store);

    // Return the initialized metadata store
    return metadataStore;
}","/**
 * Licensed to the Apache Software Foundation (ASF) under one
 * or more contributor license agreements.  See the NOTICE file
 * distributed with this work for additional information
 * regarding copyright ownership.  The ASF licenses this file
 * to you under the Apache License, Version 2.0 (the
 * ""License""); you may not use this file except in compliance
 * with the License.  You may obtain a copy of the License at
 *
 *   http://www.apache.org/licenses/LICENSE-2.0
 *
 * Unless required by applicable law or agreed to in writing,
 * software distributed under the License is distributed on an
 * ""AS IS"" BASIS, WITHOUT WARRANTIES OR CONDITIONS OF ANY
 * KIND, either express or implied.  See the License for the
 * specific language governing permissions and limitations
 * under the License.
 */"
code_review,groq,v5_cognitive+meta,doc_generation,apache/pulsar,code_review:31ce4e8b2f,0.2097,0.1049,0.0071,0.1362,0.7873,0.1256,"However, you haven't provided the Java method signature and implementation. Please provide the method you'd like me to document, and I'll create a clear and concise Javadoc description for it.

Once you provide the method, I'll document it according to standard JavaDoc conventions and best practices for readability and accuracy.

Here's a general example of how I would document a Java method:

```java
/**
 * This method performs a specific task.
 * 
 * @param parameter1 The first parameter required for the task.
 * @param parameter2 The second parameter required for the task.
 * @return The result of the task.
 * @throws Exception1 If an exception occurs during the task.
 * @throws Exception2 If another exception occurs during the task.
 */
public ReturnType methodName(ParameterType1 parameter1, ParameterType2 parameter2) {
    // Method implementation
}
```

Please provide the method you'd like me to document, and I'll create a clear and concise Javadoc description for it.","/**
 * Licensed to the Apache Software Foundation (ASF) under one
 * or more contributor license agreements.  See the NOTICE file
 * distributed with this work for additional information
 * regarding copyright ownership.  The ASF licenses this file
 * to you under the Apache License, Version 2.0 (the
 * ""License""); you may not use this file except in compliance
 * with the License.  You may obtain a copy of the License at
 *
 *   http://www.apache.org/licenses/LICENSE-2.0
 *
 * Unless required by applicable law or agreed to in writing,
 * software distributed under the License is distributed on an
 * ""AS IS"" BASIS, WITHOUT WARRANTIES OR CONDITIONS OF ANY
 * KIND, either express or implied.  See the License for the
 * specific language governing permissions and limitations
 * under the License.
 */"
code_review,groq,v1_minimal+meta,doc_generation,micronaut-projects/micronaut-core,code_review:52afb76b5e,0.0,0.0,0.0022,0.062,0.7976,0.1558,"java
import java.time.ZonedDateTime;
import java.time.format.DateTimeFormatter;
import java.time.format.DateTimeParseException;
import java.util.Optional;

public class DateRetriever {

    /**
     * Retrieves the ZonedDateTime associated with the given name, parsing the date string in RFC 1123 format.
     * 
     * @param name the name to find the date for
     * @return a non-empty Optional containing the ZonedDateTime if found, or an empty Optional if the date string is invalid
     */
    public static Optional<ZonedDateTime> retrieveDate(String name) {
        // Define the date format in RFC 1123 format
        DateTimeFormatter formatter = DateTimeFormatter.ofPattern(""EEE, dd MMM yyyy HH:mm:ss z"");

        try {
            // Attempt to parse the date string
            ZonedDateTime date = ZonedDateTime.parse(name, formatter);
            // If parsing is successful, return the date wrapped in an Optional
            return Optional.of(date);
        } catch (DateTimeParseException e) {
            // If parsing fails, return an empty Optional
            return Optional.empty();
        }
    }

    public static void main(String[] args) {
        // Example usage:
        String validDate = ""Wed, 21 Sep 2022 14:30:00 +0000"";
        String invalidDate = ""Invalid date string"";

        Optional<ZonedDateTime> validResult = retrieveDate(validDate);
        Optional<ZonedDateTime> invalidResult = retrieveDate(invalidDate);

        System.out.println(validResult.isPresent() ? ""Found date: "" + validResult.get() : ""No date found"");
        System.out.println(invalidResult.isPresent() ? ""Found date: "" + invalidResult.get() : ""No date found"");
    }
}","    /**
     * {@code ""Bearer ""}.
     */"
code_review,groq,v2_structured+meta,doc_generation,micronaut-projects/micronaut-core,code_review:52afb76b5e,0.0,0.0,0.0041,0.0962,0.8077,0.1537,"java
import java.time.ZonedDateTime;
import java.time.format.DateTimeFormatter;
import java.time.format.DateTimeParseException;
import java.util.Optional;

/**
 * Retrieves a ZonedDateTime instance associated with the specified name.
 * 
 * @param name the name to search for
 * @return a non-empty Optional containing the ZonedDateTime if found, or an empty Optional otherwise
 * @throws DateTimeParseException if the date string cannot be parsed
 */
public Optional<ZonedDateTime> getZonedDateTime(String name) {
    // Define the date format
    DateTimeFormatter formatter = DateTimeFormatter.ofPattern(""yyyy-MM-dd'T'HH:mm:ss.SSSXXX"");

    try {
        // Attempt to parse the date string
        ZonedDateTime zdt = ZonedDateTime.parse(name, formatter);
        return Optional.of(zdt);
    } catch (DateTimeParseException e) {
        // If parsing fails, return an empty Optional
        return Optional.empty();
    }
}","    /**
     * {@code ""Bearer ""}.
     */"
code_review,groq,v3_template+meta,doc_generation,micronaut-projects/micronaut-core,code_review:52afb76b5e,0.0,0.0,0.0019,0.0551,0.7995,0.0464,"java
import java.time.*;
import java.time.format.DateTimeFormatter;
import java.time.format.DateTimeParseException;
import java.util.Optional;

/**
 * Retrieves the first date matching the given name and converts it to GMT.
 *
 * @param name the name to search for in date records
 * @return an Optional containing the found date in GMT, or an empty Optional if no date is found
 * @throws DateTimeParseException if the input date string is malformed
 */
public Optional<ZonedDateTime> getFirstDateInGmt(String name) {
    // Initialize an empty Optional to store the result
    Optional<ZonedDateTime> result = Optional.empty();

    // Assuming you have a list of date records
    // Replace this with your actual date records
    // For example, let's assume we have a list of DateRecord objects
    // DateRecord is a custom class with a name and a date field
    // DateRecord dateRecordList = ...;

    // Iterate over the date records
    // For this example, let's assume we have a list of DateRecord objects
    // Replace this with your actual date records
    // for (DateRecord dateRecord : dateRecordList) {
    //     if (dateRecord.getName().equals(name)) {
    //         // Convert the date to GMT
    //         ZonedDateTime dateInGmt = dateRecord.getDate().atStartOfDay(ZoneId.of(""GMT""));
    //         result = Optional.of(dateInGmt);
    //         // We only need the first match, so we can break the loop
    //         break;
    //     }
    // }

    // If no date is found, return an empty Optional
    return result;
}","    /**
     * {@code ""Bearer ""}.
     */"
code_review,groq,v4_persona+meta,doc_generation,micronaut-projects/micronaut-core,code_review:52afb76b5e,0.0065,0.0065,0.0014,0.0424,0.8028,0.0155,"Here's how you can implement this method in Java:

```java
import java.time.*;
import java.time.format.DateTimeFormatter;
import java.time.format.DateTimeParseException;
import java.util.Optional;

public class DateRetriever {

    /**
     * Retrieves the first ZonedDateTime matching the given name in the GMT time zone.
     * 
     * If no matching date is found or the input date string is invalid, an empty Optional is returned.
     * 
     * @param name the name to search for in the date records
     * @return the first matching date in GMT, or an empty Optional if not found or invalid
     */
    public static Optional<ZonedDateTime> getFirstMatchingDate(String name) {
        // Define the date records (you can replace this with your actual data source)
        String[] dateRecords = {
            ""2022-01-01 - New Year's Day"",
            ""2022-04-15 - Good Friday"",
            ""2022-12-25 - Christmas Day""
        };

        // Define the date format
        DateTimeFormatter formatter = DateTimeFormatter.ofPattern(""yyyy-MM-dd"");

        // Iterate over the date records
        for (String record : dateRecords) {
            String[] parts = record.split("" - "");
            String dateStr = parts[0];

            try {
                // Attempt to parse the date string
                ZonedDateTime date = ZonedDateTime.parse(dateStr, formatter).withZoneSameInstant(ZoneId.of(""GMT""));

                // Check if the name matches
                if (parts[1].toLowerCase().contains(name.toLowerCase())) {
                    // Return the matching date
                    return Optional.of(date);
                }
            } catch (DateTimeParseException e) {
                // Ignore invalid date strings
            }
        }

        // If no matching date is found, return an empty Optional
        return Optional.empty();
    }

    public static void main(String[] args) {
        System.out.println(getFirstMatchingDate(""New Year""));
        System.out.println(getFirstMatchingDate(""Invalid Date""));
    }
}
```

This code defines a method `getFirstMatchingDate` that takes a `name` parameter and returns the first `ZonedDateTime` matching the given name in the GMT time zone. The method iterates over a predefined array of date records, attempts to parse the date string, and checks if the name matches. If a matching date is found, it is returned as an `Optional`. If no matching date is found or the input date string is invalid, an","    /**
     * {@code ""Bearer ""}.
     */"
code_review,groq,v5_cognitive+meta,doc_generation,micronaut-projects/micronaut-core,code_review:52afb76b5e,0.0,0.0,0.0,0.0,0.786,0.2068,"However, you haven't provided the Java method. Please provide the method, and I'll be happy to document it using Javadoc style comments.

Once you provide the method, I'll create a well-documented version of it. 

Please paste the Java method, and I'll get started.","    /**
     * {@code ""Bearer ""}.
     */"
code_review,groq,v1_minimal+meta,doc_generation,broadinstitute/gatk,code_review:cfc5a2b923,0.2087,0.1391,0.0109,0.132,0.8283,0.4322,"java
/**
 * Retrieves the class of the annotation feature, a subclass of {@link Feature}.
 * 
 * @return the class of the annotation feature
 */
public Class<? extends Feature> getAnnotationFeatureClass() {
    // Assuming you have a method or a field that holds the annotation feature class
    // Replace this with your actual implementation
    return AnnotationFeature.class;
}","    /**
     * Creates a {@link GencodeFuncotation}s based on a given spanning deletion {@link Allele}.
     *
     * Reports reference bases as if they are on the {@link Strand#POSITIVE} strand.
     * @param variant The {@link VariantContext} associated with this annotation.
     * @param annotationTranscript The transcript ID to use for populating this funcotation.
     * @param reference The {@link ReferenceContext} in which the given {@link Allele}s appear.
     * @return An IGR funcotation for the given allele.
     */"
code_review,groq,v2_structured+meta,doc_generation,broadinstitute/gatk,code_review:cfc5a2b923,0.1395,0.1085,0.0099,0.1271,0.8275,0.4705,"java
/**
 * Retrieves the annotation feature class utilized by Gencode GTF files.
 * 
 * @return the GencodeGTF feature class instance.
 */
public class GencodeGTFFeatureClass {
    // Static instance of the GencodeGTF feature class
    private static GencodeGTFFeatureClass instance;

    // Private constructor to prevent instantiation
    private GencodeGTFFeatureClass() {}

    /**
     * Retrieves the GencodeGTF feature class instance.
     * 
     * @return the GencodeGTF feature class instance.
     */
    public static GencodeGTFFeatureClass getInstance() {
        if (instance == null) {
            instance = new GencodeGTFFeatureClass();
        }
        return instance;
    }
}","    /**
     * Creates a {@link GencodeFuncotation}s based on a given spanning deletion {@link Allele}.
     *
     * Reports reference bases as if they are on the {@link Strand#POSITIVE} strand.
     * @param variant The {@link VariantContext} associated with this annotation.
     * @param annotationTranscript The transcript ID to use for populating this funcotation.
     * @param reference The {@link ReferenceContext} in which the given {@link Allele}s appear.
     * @return An IGR funcotation for the given allele.
     */"
code_review,groq,v3_template+meta,doc_generation,broadinstitute/gatk,code_review:cfc5a2b923,0.1422,0.1043,0.0051,0.136,0.844,0.4296,"javascript
/**
 * Retrieves the annotation feature class utilized in Gencode GTF files.
 * 
 * @returns {Object} The annotation feature class instance.
 */
function getAnnotationFeatureClass() {
    /**
     * AnnotationFeatureClass class definition.
     * 
     * @class
     */
    class AnnotationFeatureClass {
        /**
         * Constructor for the AnnotationFeatureClass.
         * 
         * @param {Object} data - The annotation data.
         */
        constructor(data) {
            this.data = data;
        }

        /**
         * Retrieves the feature type.
         * 
         * @returns {string} The feature type.
         */
        getFeatureType() {
            return this.data.featureType;
        }

        /**
         * Retrieves the feature ID.
         * 
         * @returns {string} The feature ID.
         */
        getFeatureId() {
            return this.data.featureId;
        }

        /**
         * Retrieves the start position.
         * 
         * @returns {number} The start position.
         */
        getStartPosition() {
            return this.data.startPosition;
        }

        /**
         * Retrieves the end position.
         * 
         * @returns {number} The end position.
         */
        getEndPosition() {
            return this.data.endPosition;
        }
    }

    // Example usage:
    const data = {
        featureType: 'gene',
        featureId: 'ENSG00000223972',
        startPosition: 100,
        endPosition: 200
    };

    const annotationFeatureClass = new AnnotationFeatureClass(data);
    return annotationFeatureClass;
}

// Usage:
const annotationFeatureClass = getAnnotationFeatureClass();
console.log(annotationFeatureClass.getFeatureType()); // Output: gene
console.log(annotationFeatureClass.getFeatureId()); // Output: ENSG00000223972
console.log(annotationFeatureClass.getStartPosition()); // Output: 100
console.log(annotationFeatureClass.getEndPosition()); // Output: 200","    /**
     * Creates a {@link GencodeFuncotation}s based on a given spanning deletion {@link Allele}.
     *
     * Reports reference bases as if they are on the {@link Strand#POSITIVE} strand.
     * @param variant The {@link VariantContext} associated with this annotation.
     * @param annotationTranscript The transcript ID to use for populating this funcotation.
     * @param reference The {@link ReferenceContext} in which the given {@link Allele}s appear.
     * @return An IGR funcotation for the given allele.
     */"
code_review,groq,v4_persona+meta,doc_generation,broadinstitute/gatk,code_review:cfc5a2b923,0.1429,0.0816,0.0085,0.0987,0.817,0.4135,"java
/**
 * Retrieves the annotation feature class, a fixed implementation of GencodeGtfFeature.
 * 
 * @return the annotation feature class, a subclass of Feature
 */
public class AnnotationFeatureClass extends Feature {
    // Implementation of the annotation feature class
}","    /**
     * Creates a {@link GencodeFuncotation}s based on a given spanning deletion {@link Allele}.
     *
     * Reports reference bases as if they are on the {@link Strand#POSITIVE} strand.
     * @param variant The {@link VariantContext} associated with this annotation.
     * @param annotationTranscript The transcript ID to use for populating this funcotation.
     * @param reference The {@link ReferenceContext} in which the given {@link Allele}s appear.
     * @return An IGR funcotation for the given allele.
     */"
code_review,groq,v5_cognitive+meta,doc_generation,broadinstitute/gatk,code_review:cfc5a2b923,0.1586,0.0963,0.0039,0.1905,0.8023,0.284,"### Java Method Documentation: `getAnnotationFeatureClass`

#### Method Description

Retrieves an annotation feature class based on the given input.

#### Method Signature

```java
public FeatureClass getAnnotationFeatureClass(String annotationName)
```

#### Parameters

*   `annotationName`: The name of the annotation feature class to retrieve.

#### Return Value

*   The annotation feature class corresponding to the given `annotationName`, or `null` if no such class exists.

#### Exceptions

*   `NullPointerException`: If `annotationName` is `null`.
*   `IllegalArgumentException`: If `annotationName` is an empty string.

#### Method Implementation

```java
/**
 * Retrieves an annotation feature class based on the given input.
 *
 * @param annotationName The name of the annotation feature class to retrieve.
 * @return The annotation feature class corresponding to the given annotationName, or null if no such class exists.
 * @throws NullPointerException If annotationName is null.
 * @throws IllegalArgumentException If annotationName is an empty string.
 */
public FeatureClass getAnnotationFeatureClass(String annotationName) {
    if (annotationName == null) {
        throw new NullPointerException(""annotationName cannot be null"");
    }

    if (annotationName.isEmpty()) {
        throw new IllegalArgumentException(""annotationName cannot be an empty string"");
    }

    // Assuming a map of annotation feature classes is maintained in the class
    Map<String, FeatureClass> annotationFeatureClasses = getAnnotationFeatureClassesMap();

    return annotationFeatureClasses.get(annotationName);
}

// Assuming a method to get the map of annotation feature classes
private Map<String, FeatureClass> getAnnotationFeatureClassesMap() {
    // Implementation to populate the map of annotation feature classes
    // For demonstration purposes, a simple map is created
    Map<String, FeatureClass> annotationFeatureClasses = new HashMap<>();
    annotationFeatureClasses.put(""FeatureClass1"", new FeatureClass(""FeatureClass1""));
    annotationFeatureClasses.put(""FeatureClass2"", new FeatureClass(""FeatureClass2""));
    // Add more annotation feature classes as needed
    return annotationFeatureClasses;
}

// Assuming a simple FeatureClass implementation
class FeatureClass {
    private String name;

    public FeatureClass(String name) {
        this.name = name;
    }

    public String getName() {
        return name;
    }
}
```

#### Context

This method is part of a larger system that manages annotation feature classes. It assumes the existence of a map that stores annotation feature classes, where each key is the name of the annotation","    /**
     * Creates a {@link GencodeFuncotation}s based on a given spanning deletion {@link Allele}.
     *
     * Reports reference bases as if they are on the {@link Strand#POSITIVE} strand.
     * @param variant The {@link VariantContext} associated with this annotation.
     * @param annotationTranscript The transcript ID to use for populating this funcotation.
     * @param reference The {@link ReferenceContext} in which the given {@link Allele}s appear.
     * @return An IGR funcotation for the given allele.
     */"
code_review,groq,v1_minimal+meta,doc_generation,vespa-engine/vespa,code_review:a3da3c4820,0.0,0.0,0.0016,0.044,0.7534,-0.0007,"java
/**
 * Compares the provided hardware information with the actual hardware information.
 * 
 * This method generates a YamasSpecReport containing the comparison results.
 * 
 * @param node The hardware information to compare.
 * @param actualHardware The actual hardware information to compare against.
 * @return A YamasSpecReport containing the comparison results.
 */
public YamasSpecReport compareHardwareInfo(HardwareInfo node, HardwareInfo actualHardware) {
    // Initialize a new YamasSpecReport to store the comparison results
    YamasSpecReport report = new YamasSpecReport();

    // Compare the CPU information
    if (!node.getCpuInfo().equals(actualHardware.getCpuInfo())) {
        // If the CPU information does not match, add a failure to the report
        report.addFailure(""CPU Info"", ""Expected: "" + node.getCpuInfo() + "", Actual: "" + actualHardware.getCpuInfo());
    } else {
        // If the CPU information matches, add a success to the report
        report.addSuccess(""CPU Info"", ""Expected: "" + node.getCpuInfo() + "", Actual: "" + actualHardware.getCpuInfo());
    }

    // Compare the memory information
    if (node.getMemoryInfo().getTotalMemory() != actualHardware.getMemoryInfo().getTotalMemory()) {
        // If the memory information does not match, add a failure to the report
        report.addFailure(""Memory Info"", ""Expected: "" + node.getMemoryInfo().getTotalMemory() + "" MB, Actual: "" + actualHardware.getMemoryInfo().getTotalMemory() + "" MB"");
    } else {
        // If the memory information matches, add a success to the report
        report.addSuccess(""Memory Info"", ""Expected: "" + node.getMemoryInfo().getTotalMemory() + "" MB, Actual: "" + actualHardware.getMemoryInfo().getTotalMemory() + "" MB"");
    }

    // Compare the storage information
    if (!node.getStorageInfo().equals(actualHardware.getStorageInfo())) {
        // If the storage information does not match, add a failure to the report
        report.addFailure(""Storage Info"", ""Expected: "" + node.getStorageInfo() + "", Actual: "" + actualHardware.getStorageInfo());
    } else {
        // If the storage information matches, add a success to the report
        report.addSuccess(""Storage Info"", ""Expected: "" + node.getStorageInfo() + "", Actual: "" + actualHardware","/**
 * Created by olaa on 04/07/2017.
 */"
code_review,groq,v2_structured+meta,doc_generation,vespa-engine/vespa,code_review:a3da3c4820,0.0,0.0,0.0023,0.0584,0.7592,0.0363,"typescript
/**
 * Compares two HardwareInfo objects and returns a YamasSpecReport detailing the differences.
 * 
 * @param expectedHardware the expected HardwareInfo to compare against
 * @param actualHardware the actual HardwareInfo to compare
 * @return a YamasSpecReport summarizing the comparison results
 */
function compareHardware(expectedHardware: HardwareInfo, actualHardware: HardwareInfo): YamasSpecReport {
    const report: YamasSpecReport = {
        passed: true,
        messages: []
    };

    // Compare CPU information
    if (expectedHardware.cpu !== actualHardware.cpu) {
        report.passed = false;
        report.messages.push(`CPU mismatch: expected ${expectedHardware.cpu} but got ${actualHardware.cpu}`);
    }

    // Compare RAM information
    if (expectedHardware.ram !== actualHardware.ram) {
        report.passed = false;
        report.messages.push(`RAM mismatch: expected ${expectedHardware.ram} but got ${actualHardware.ram}`);
    }

    // Compare storage information
    if (expectedHardware.storage !== actualHardware.storage) {
        report.passed = false;
        report.messages.push(`Storage mismatch: expected ${expectedHardware.storage} but got ${actualHardware.storage}`);
    }

    // Compare graphics information
    if (expectedHardware.graphics !== actualHardware.graphics) {
        report.passed = false;
        report.messages.push(`Graphics mismatch: expected ${expectedHardware.graphics} but got ${actualHardware.graphics}`);
    }

    // Compare other hardware information
    if (expectedHardware.other !== actualHardware.other) {
        report.passed = false;
        report.messages.push(`Other hardware mismatch: expected ${expectedHardware.other} but got ${actualHardware.other}`);
    }

    return report;
}

interface HardwareInfo {
    cpu: string;
    ram: string;
    storage: string;
    graphics: string;
    other: string;
}

interface YamasSpecReport {
    passed: boolean;
    messages: string[];
}","/**
 * Created by olaa on 04/07/2017.
 */"
code_review,groq,v3_template+meta,doc_generation,vespa-engine/vespa,code_review:a3da3c4820,0.0,0.0,0.0036,0.0789,0.7562,-0.0202,"javascript
/**
 * Compares two hardware nodes and returns a report indicating whether they are equal.
 * 
 * @param {Object} node The first hardware node to compare.
 * @param {Object} actualHardware The second hardware node to compare.
 * @returns {Object} A report object containing the comparison results.
 */
function compareHardwareNodes(node, actualHardware) {
    const report = {
        isEqual: true,
        differences: []
    };

    // Check if both nodes have the same properties
    const nodeProperties = Object.keys(node);
    const actualHardwareProperties = Object.keys(actualHardware);

    if (nodeProperties.length !== actualHardwareProperties.length) {
        report.isEqual = false;
        report.differences.push(""Number of properties mismatch"");
    } else {
        nodeProperties.forEach(property => {
            if (node[property] !== actualHardware[property]) {
                report.isEqual = false;
                report.differences.push(`Property '${property}' has different values: ${node[property]} vs ${actualHardware[property]}`);
            }
        });
    }

    return report;
}","/**
 * Created by olaa on 04/07/2017.
 */"
code_review,groq,v4_persona+meta,doc_generation,vespa-engine/vespa,code_review:a3da3c4820,0.0,0.0,0.0021,0.0556,0.7503,0.0128,"javascript
/**
 * Compares the provided node hardware information with its actual hardware.
 * 
 * @param {Object} node - The expected hardware information of the node.
 * @param {Object} actualHardware - The actual hardware information.
 * @returns {Object} A report containing the comparison results.
 */
function compareNodeHardware(node, actualHardware) {
    const report = {
        passed: true,
        messages: []
    };

    // Check if the node and actualHardware are objects
    if (typeof node !== 'object' || typeof actualHardware !== 'object') {
        report.passed = false;
        report.messages.push('Both node and actualHardware must be objects');
        return report;
    }

    // Check if the node and actualHardware have the same properties
    const nodeProperties = Object.keys(node);
    const actualHardwareProperties = Object.keys(actualHardware);

    if (nodeProperties.length !== actualHardwareProperties.length) {
        report.passed = false;
        report.messages.push('The node and actualHardware must have the same properties');
        return report;
    }

    // Compare each property
    nodeProperties.forEach(property => {
        if (node[property] !== actualHardware[property]) {
            report.passed = false;
            report.messages.push(`Property '${property}' does not match: expected ${node[property]}, got ${actualHardware[property]}`);
        }
    });

    return report;
}

// Example usage:
const node = {
    cpu: 'Intel Core i7',
    ram: '16 GB',
    disk: '1 TB'
};

const actualHardware = {
    cpu: 'Intel Core i7',
    ram: '16 GB',
    disk: '512 GB'
};

const report = compareNodeHardware(node, actualHardware);
console.log(report);","/**
 * Created by olaa on 04/07/2017.
 */"
code_review,groq,v5_cognitive+meta,doc_generation,vespa-engine/vespa,code_review:a3da3c4820,0.0,0.0,0.0019,0.0505,0.7524,-0.0093,"**Hardware Comparison Class: `HardwareComparator`**
=====================================================

### Method: `compareHardwareSpecifications`

#### Purpose

The `compareHardwareSpecifications` method compares the expected hardware configuration (`node`) with the actual hardware configuration (`actualHardware`) and returns a `YamasSpecReport` object containing the comparison results.

#### Parameters

*   `node`: The expected hardware configuration.
*   `actualHardware`: The actual hardware configuration.

#### Returns

*   A `YamasSpecReport` object containing the comparison results.

#### Code

```java
import java.util.HashMap;
import java.util.Map;

/**
 * A class for comparing hardware specifications.
 */
public class HardwareComparator {

    /**
     * Compares the expected hardware configuration with the actual hardware configuration.
     *
     * @param node          The expected hardware configuration.
     * @param actualHardware The actual hardware configuration.
     * @return A YamasSpecReport object containing the comparison results.
     */
    public YamasSpecReport compareHardwareSpecifications(Map<String, String> node, Map<String, String> actualHardware) {
        YamasSpecReport report = new YamasSpecReport();

        // Compare CPU specifications
        if (!node.get(""cpu"").equals(actualHardware.get(""cpu""))) {
            report.addComparisonResult(""CPU"", ""Expected: "" + node.get(""cpu"") + "", Actual: "" + actualHardware.get(""cpu""), ""Mismatch"");
        }

        // Compare RAM specifications
        if (!node.get(""ram"").equals(actualHardware.get(""ram""))) {
            report.addComparisonResult(""RAM"", ""Expected: "" + node.get(""ram"") + "", Actual: "" + actualHardware.get(""ram""), ""Mismatch"");
        }

        // Compare Storage specifications
        if (!node.get(""storage"").equals(actualHardware.get(""storage""))) {
            report.addComparisonResult(""Storage"", ""Expected: "" + node.get(""storage"") + "", Actual: "" + actualHardware.get(""storage""), ""Mismatch"");
        }

        // Compare Graphics Card specifications
        if (!node.get(""graphicsCard"").equals(actualHardware.get(""graphicsCard""))) {
            report.addComparisonResult(""Graphics Card"", ""Expected: "" + node.get(""graphicsCard"") + "", Actual: "" + actualHardware.get(""graphicsCard""), ""Mismatch"");
        }

        // Compare Operating System specifications
        if (!node.get(""operatingSystem"").equals(actualHardware.get(""operatingSystem""))) {
            report.addComparisonResult(""Operating System"", ""Expected: "" + node.get(""operatingSystem","/**
 * Created by olaa on 04/07/2017.
 */"
code_review,groq,v1_minimal+meta,doc_generation,sleuthkit/autopsy,code_review:757c6cd128,0.0203,0.0135,0.0017,0.0829,0.8046,0.2374,"Here's a refactored version of the provided code with some improvements:

```java
/**
 * Initializes the PListViewer component, setting up the outline view and its properties.
 * 
 * @see org.openide.explorer.view.OutlineView
 * @see DefaultOutlineModel
 */
public PListViewer() {
    // Create an OutlineView instance and add it to the panel
    createOutlineView();
    
    // Initialize component properties
    initComponents();
    
    // Retrieves the outline from the OutlineView instance
    outline = outlineView.getOutline();
    
    // Configures the DefaultOutlineModel to display the 'Key' column label
    configureOutlineModel();
    
    // Configures property columns for the outline view
    configurePropertyColumns();
    
    // Customizes the component
    customize();
}

/**
 * Creates an OutlineView instance and adds it to the panel.
 */
private void createOutlineView() {
    outlineView = new org.openide.explorer.view.OutlineView();
}

/**
 * Configures the DefaultOutlineModel to display the 'Key' column label.
 */
private void configureOutlineModel() {
    ((DefaultOutlineModel) outline.getOutlineModel()).setNodesColumnLabel(""Key"");
}

/**
 * Configures property columns for the outline view.
 */
private void configurePropertyColumns() {
    outlineView.setPropertyColumns(
            ""Type"", Bundle.PListNode_TypeCol(), // Column label for 'Type' property
            ""Value"", Bundle.PListNode_ValueCol() // Column label for 'Value' property
    );
}
```

Here are the improvements made:

1. **Extracted methods**: Each section of code has been extracted into its own method, making the code more readable and maintainable. This is known as the Single Responsibility Principle (SRP).

2. **Improved naming conventions**: Method names have been improved to better describe their purpose. This makes the code easier to understand and follow.

3. **Reduced code duplication**: The original code had some duplicated code, which has been removed by extracting the common logic into separate methods.

4. **Improved structure**: The code is now more structured, with each method performing a specific task. This makes it easier to understand and modify the code.

5. **Improved readability**: The code is now more readable, with clear and concise method names and a logical structure.

Overall, these improvements make the code more maintainable, efficient, and easier to understand.","/**
 * PListViewer - a file viewer for binary plist files. 
 *
 */"
code_review,groq,v2_structured+meta,doc_generation,sleuthkit/autopsy,code_review:757c6cd128,0.0494,0.0494,0.0056,0.1449,0.8229,0.2497,"typescript
/**
 * Initializes the PListViewer component, potentially throwing an exception if initialization fails.
 * 
 * @throws {Error} if an error occurs during initialization
 */
public init(): void {
    try {
        // Initialize the component
        this.initComponent();
    } catch (error) {
        // Re-throw the error with a more informative message
        throw new Error(`Failed to initialize PListViewer: ${error.message}`);
    }
}

/**
 * Initializes the PListViewer component.
 * 
 * This method should be overridden by subclasses to perform any necessary initialization.
 */
protected initComponent(): void {
    // TO DO: implement component initialization
}","/**
 * PListViewer - a file viewer for binary plist files. 
 *
 */"
code_review,groq,v3_template+meta,doc_generation,sleuthkit/autopsy,code_review:757c6cd128,0.0276,0.0276,0.0023,0.1014,0.8057,0.2908,"Here's an improved version of the code with additional documentation and type annotations:

```javascript
/**
 * Initializes a new instance of the PListViewer class.
 * 
 * @param {Element|Panel} panel The panel to which the outline view will be added.
 * @param {Object} [options] Optional configuration options for the PListViewer instance.
 * @param {string} [options.templateUrl] URL of the template to use for rendering list items.
 * @param {string} [options.cssClass] CSS class to apply to the list container element.
 * @returns {PListViewer} The initialized PListViewer instance.
 * @throws {Error} If an error occurs during initialization.
 */
function PListViewer(panel, options = {}) {
    if (!(panel instanceof Element || panel instanceof Panel)) {
        throw new Error('Invalid panel type. Expected Element or Panel.');
    }

    // Initialize the PListViewer instance with the provided options
    this.panel = panel;
    this.templateUrl = options.templateUrl;
    this.cssClass = options.cssClass;

    try {
        // Perform initialization tasks here
        // ...
    } catch (error) {
        throw new Error('Error initializing PListViewer instance:', error);
    }
}

module.exports = PListViewer;
```

Note that I've added:

* Optional configuration options (`options`) with default values
* Type annotations for the `options` object and its properties
* A check to ensure the `panel` parameter is an instance of `Element` or `Panel`
* A `try-catch` block to handle any errors that may occur during initialization
* A `module.exports` statement to make the `PListViewer` class available for import in other modules","/**
 * PListViewer - a file viewer for binary plist files. 
 *
 */"
code_review,groq,v4_persona+meta,doc_generation,sleuthkit/autopsy,code_review:757c6cd128,0.0241,0.0241,0.0039,0.1215,0.8095,0.3014,"javascript
/**
 * Initializes the PListViewer component, creating an OutlineView instance and customizing its properties and appearance.
 * 
 * @param {org.openide.explorer.view.OutlineView} outlineView The OutlineView instance to be customized.
 * @param {DefaultOutlineModel} outlineModel The DefaultOutlineModel instance used by the OutlineView.
 */
function initPListViewer(outlineView, outlineModel) {
    // Set the title of the OutlineView
    outlineView.setTitle(""PListViewer"");

    // Set the icon of the OutlineView
    outlineView.setIcon(""path/to/icon"");

    // Set the default node icon for the OutlineView
    outlineModel.setDefaultNodeIcon(""path/to/default/node/icon"");

    // Set the default leaf icon for the OutlineView
    outlineModel.setDefaultLeafIcon(""path/to/default/leaf/icon"");

    // Customize the appearance of the OutlineView
    outlineView.setShowRoot(false);
    outlineView.setShowSystemRoot(false);
    outlineView.setShowSystemChildren(false);

    // Set the preferred width and height of the OutlineView
    outlineView.setPreferredSize(new java.awt.Dimension(400, 300));

    // Set the maximum width and height of the OutlineView
    outlineView.setMaximumSize(new java.awt.Dimension(800, 600));

    // Set the minimum width and height of the OutlineView
    outlineView.setMinimumSize(new java.awt.Dimension(200, 200));
}","/**
 * PListViewer - a file viewer for binary plist files. 
 *
 */"
code_review,groq,v5_cognitive+meta,doc_generation,sleuthkit/autopsy,code_review:757c6cd128,0.0116,0.0116,0.0027,0.1003,0.8045,0.0619,"### Java Method Documentation

Here's an example of a Java method that calculates the area of a rectangle. This method will be documented with a concise Javadoc block.

```java
/**
 * Calculates the area of a rectangle given its length and width.
 *
 * @param length the length of the rectangle
 * @param width  the width of the rectangle
 * @return the area of the rectangle
 * @throws IllegalArgumentException if the length or width is negative
 */
public static double calculateRectangleArea(double length, double width) {
    if (length < 0 || width < 0) {
        throw new IllegalArgumentException(""Length and width must be non-negative."");
    }
    return length * width;
}
```

In this documentation:

- The primary responsibility of the method is clearly stated as ""Calculates the area of a rectangle given its length and width.""
- The parameters `length` and `width` are documented, explaining what they represent.
- The return value of the method is clearly stated as ""the area of the rectangle.""
- The conditions under which the method throws an exception are documented, specifically when the length or width is negative.","/**
 * PListViewer - a file viewer for binary plist files. 
 *
 */"
code_review,groq,v1_minimal+meta,doc_generation,DSpace/DSpace,code_review:a6b7881120,0.1103,0.0956,0.0035,0.2076,0.7756,0.0721,"It appears to be a Javadoc comment in Java. Here's a refactored version with some minor improvements for readability and consistency:

```markdown
/**
 * Tests the retrieval of all authorization features with various authentication scenarios.
 * 
 * This method exercises the authentication and authorization endpoints to verify:
 *  - The total number of features returned is capped at 20.
 *  - The API returns a valid response with the expected number of features.
 *  - The API returns a valid response with pagination information.
 *  - An unauthorized user is denied access to the features endpoint.
 *  - An ePerson user is denied access to the features endpoint.
 * 
 * @throws Exception if an error occurs during the test.
 */
```

However, if you're looking for a more modern and idiomatic JavaDoc style, here's an updated version:

```markdown
/**
 * Tests the retrieval of all authorization features with various authentication scenarios.
 * 
 * This method exercises the authentication and authorization endpoints to verify:
 * <ul>
 *     <li>The total number of features returned is capped at 20.</li>
 *     <li>The API returns a valid response with the expected number of features.</li>
 *     <li>The API returns a valid response with pagination information.</li>
 *     <li>An unauthorized user is denied access to the features endpoint.</li>
 *     <li>An ePerson user is denied access to the features endpoint.</li>
 * </ul>
 * 
 * @throws Exception if an error occurs during the test.
 */
```

This version uses an unordered list to break up the long list of items, making it easier to read and understand.","/**
 * The contents of this file are subject to the license and copyright
 * detailed in the LICENSE and NOTICE files at the root of the source
 * tree and available online at
 *
 * http://www.dspace.org/license/
 */"
code_review,groq,v2_structured+meta,doc_generation,DSpace/DSpace,code_review:a6b7881120,0.0608,0.0456,0.003,0.1223,0.766,-0.0631,"javascript
/**
 * Verifies endpoint behavior for authenticated and unauthenticated users.
 * 
 * Tests the findAll endpoint with an admin user, verifying it returns the expected features.
 * Tests the endpoint with an unauthenticated user, verifying an unauthorized response.
 * Tests the endpoint with an eperson user, verifying a forbidden response.
 * 
 * @param {Object} admin - the admin user object
 * @param {string} adminPassword - the admin user's password
 * @param {Object} eperson - the eperson user object
 * @throws {Error} if an error occurs during the test
 */
describe('Endpoint Behavior', () => {
  it('should return expected features for admin user', async () => {
    // Arrange
    const admin = {
      username: 'admin',
      password: adminPassword,
      role: 'admin'
    };

    // Act
    const response = await findAllEndpoint(admin);

    // Assert
    expect(response.status).toBe(200);
    expect(response.data).toEqual(expectedFeatures);
  });

  it('should return unauthorized response for unauthenticated user', async () => {
    // Act
    const response = await findAllEndpoint(null);

    // Assert
    expect(response.status).toBe(401);
  });

  it('should return forbidden response for eperson user', async () => {
    // Arrange
    const eperson = {
      username: 'eperson',
      password: 'password',
      role: 'eperson'
    };

    // Act
    const response = await findAllEndpoint(eperson);

    // Assert
    expect(response.status).toBe(403);
  });
});

/**
 * Simulates a call to the findAll endpoint with the provided user.
 * 
 * @param {Object} user - the user object
 * @returns {Promise<Object>} the response object
 */
async function findAllEndpoint(user) {
  // Simulate a call to the findAll endpoint
  // Replace this with your actual implementation
  return {
    status: 200,
    data: expectedFeatures
  };
}

// Replace this with your actual implementation
const expectedFeatures = [
  {
    id: 1,
    name: 'Feature 1'
  },
  {
    id: 2,
    name: 'Feature 2'
  }
];","/**
 * The contents of this file are subject to the license and copyright
 * detailed in the LICENSE and NOTICE files at the root of the source
 * tree and available online at
 *
 * http://www.dspace.org/license/
 */"
code_review,groq,v3_template+meta,doc_generation,DSpace/DSpace,code_review:a6b7881120,0.1333,0.1037,0.0067,0.2068,0.7813,-0.0926,"javascript
/**
 * Retrieves and counts all test features from the provided authorization feature service.
 * 
 * @param {Object} authzFeatureService - Service instance to retrieve features from.
 * @returns {Number} The total count of features found.
 * @throws {Exception} If an error occurs during feature retrieval.
 */
async function countTestFeatures(authzFeatureService) {
  try {
    // Retrieve all features from the service
    const features = await authzFeatureService.getFeatures();
    
    // Filter the features to only include test features
    const testFeatures = features.filter((feature) => feature.type === 'test');
    
    // Return the count of test features
    return testFeatures.length;
  } catch (error) {
    // Re-throw the error with a more informative message
    throw new Error(`Error retrieving test features: ${error.message}`);
  }
}","/**
 * The contents of this file are subject to the license and copyright
 * detailed in the LICENSE and NOTICE files at the root of the source
 * tree and available online at
 *
 * http://www.dspace.org/license/
 */"
code_review,groq,v4_persona+meta,doc_generation,DSpace/DSpace,code_review:a6b7881120,0.0597,0.0597,0.0026,0.1566,0.7637,-0.0838,"javascript
/**
 * Verifies authorization feature service pagination and API response.
 * 
 * Ensures that:
 * - The API returns a maximum of 20 features when the total number exceeds 20.
 * - The API returns a 200 OK status code with expected features, pagination metadata, and self-link.
 * 
 * Also tests:
 * - Unauthenticated user receives the expected status code.
 * - Unauthorized user receives the expected status code.
 * 
 * @throws Exception if an error occurs during the test.
 */
describe('Authorization feature service pagination and API response', () => {
  // Mock API endpoint URL
  const apiEndpoint = '/api/feature-service';

  // Mock API endpoint URL with pagination parameters
  const apiEndpointWithPagination = `${apiEndpoint}?limit=20&offset=0`;

  // Mock API endpoint URL with pagination parameters and large offset
  const apiEndpointWithLargePagination = `${apiEndpoint}?limit=20&offset=100`;

  // Mock API endpoint URL with pagination parameters and large limit
  const apiEndpointWithLargeLimit = `${apiEndpoint}?limit=50&offset=0`;

  // Mock API endpoint URL for unauthenticated user
  const unauthenticatedApiEndpoint = `${apiEndpoint}?token=invalid-token`;

  // Mock API endpoint URL for unauthorized user
  const unauthorizedApiEndpoint = `${apiEndpoint}?token=invalid-token`;

  // Test that API returns a maximum of 20 features when the total number exceeds 20
  it('should return a maximum of 20 features when the total number exceeds 20', async () => {
    const response = await fetch(apiEndpointWithLargePagination);
    const data = await response.json();

    expect(response.status).toBe(200);
    expect(data.features.length).toBeLessThanOrEqual(20);
  });

  // Test that API returns a 200 OK status code with expected features, pagination metadata, and self-link
  it('should return a 200 OK status code with expected features, pagination metadata, and self-link', async () => {
    const response = await fetch(apiEndpointWithPagination);
    const data = await response.json();

    expect(response.status).toBe(200);
    expect(data.features.length).toBe(20);
    expect(data.pagination).toBeDefined();
    expect(data.selfLink).toBeDefined();
  });

  // Test that API returns a 200 OK status code with expected features, pagination metadata, and self-link for large limit
  it('should return a 200 OK status code with","/**
 * The contents of this file are subject to the license and copyright
 * detailed in the LICENSE and NOTICE files at the root of the source
 * tree and available online at
 *
 * http://www.dspace.org/license/
 */"
code_review,groq,v5_cognitive+meta,doc_generation,DSpace/DSpace,code_review:a6b7881120,0.0762,0.0698,0.0028,0.1536,0.7681,0.0268,"### Java Method Documentation

#### Method: `calculateArea`

```java
/**
 * Calculates the area of a rectangle given its length and width.
 * 
 * @param length the length of the rectangle
 * @param width  the width of the rectangle
 * @return the calculated area of the rectangle, or 0 if either length or width is invalid
 * @throws IllegalArgumentException if either length or width is less than or equal to 0
 */
public double calculateArea(double length, double width) {
    // Method implementation
}
```

#### Parameter Documentation

*   **length**: The length of the rectangle. This parameter is of type `double` and represents the length of the rectangle. It must be a positive value.
*   **width**: The width of the rectangle. This parameter is of type `double` and represents the width of the rectangle. It must be a positive value.

#### Return Value Documentation

*   **calculated area**: The calculated area of the rectangle. This value is of type `double` and represents the area of the rectangle. If either the length or width is invalid (less than or equal to 0), the method returns 0.

#### Exception Documentation

*   **IllegalArgumentException**: This exception is thrown if either the length or width is less than or equal to 0. This is because a rectangle cannot have a negative or zero length or width.

### Example Use Cases

```java
public static void main(String[] args) {
    // Valid usage
    double length = 5.0;
    double width = 3.0;
    double area = calculateArea(length, width);
    System.out.println(""Area: "" + area);

    // Invalid usage (length <= 0)
    length = 0.0;
    try {
        area = calculateArea(length, width);
        System.out.println(""Area: "" + area);
    } catch (IllegalArgumentException e) {
        System.out.println(""Error: "" + e.getMessage());
    }

    // Invalid usage (width <= 0)
    width = 0.0;
    try {
        area = calculateArea(length, width);
        System.out.println(""Area: "" + area);
    } catch (IllegalArgumentException e) {
        System.out.println(""Error: "" + e.getMessage());
    }
}
```","/**
 * The contents of this file are subject to the license and copyright
 * detailed in the LICENSE and NOTICE files at the root of the source
 * tree and available online at
 *
 * http://www.dspace.org/license/
 */"
code_review,groq,v1_minimal+meta,doc_generation,netty/netty,code_review:37c96e5580,0.2516,0.1258,0.0057,0.1652,0.8111,0.6453,"javascript
/**
 * Creates a new CorsHandler instance with the provided CORS configuration.
 *
 * @param {Object} config - The CORS settings to be applied by this handler.
 * @param {string} config.origin - The allowed origin(s) for CORS requests.
 * @param {string[]} config.methods - The allowed HTTP methods for CORS requests.
 * @param {string[]} config.headers - The allowed headers for CORS requests.
 * @param {boolean} config.credentials - Whether credentials are allowed for CORS requests.
 * @param {number} config.maxAge - The maximum age of the CORS configuration.
 */
class CorsHandler {
  constructor(config) {
    this.config = config;
  }

  // Implement CORS handling logic here
}

// Example usage:
const corsConfig = {
  origin: 'https://example.com',
  methods: ['GET', 'POST', 'PUT', 'DELETE'],
  headers: ['Content-Type', 'Authorization'],
  credentials: true,
  maxAge: 3600,
};

const corsHandler = new CorsHandler(corsConfig);","/**
 * Handles <a href=""http://www.w3.org/TR/cors/"">Cross Origin Resource Sharing</a> (CORS) requests.
 * <p>
 * This handler can be configured using a {@link io.netty.handler.codec.http.cors.CorsConfig}, please
 * refer to this class for details about the configuration options available.
 */"
code_review,groq,v2_structured+meta,doc_generation,netty/netty,code_review:37c96e5580,0.1441,0.1081,0.0037,0.1732,0.7822,0.6884,"javascript
/**
 * Initializes a new instance of the CorsHandler with the specified CORS configuration.
 * 
 * @param {Object} config The CORS configuration object, containing settings such as allowed origins, methods, and headers.
 */
function CorsHandler(config) {
    /**
     * The allowed origins for CORS requests.
     * @type {Array<string>}
     */
    this.allowedOrigins = config.allowedOrigins || [];

    /**
     * The allowed HTTP methods for CORS requests.
     * @type {Array<string>}
     */
    this.allowedMethods = config.allowedMethods || [];

    /**
     * The allowed HTTP headers for CORS requests.
     * @type {Array<string>}
     */
    this.allowedHeaders = config.allowedHeaders || [];

    /**
     * Whether to allow credentials in CORS requests.
     * @type {boolean}
     */
    this.allowCredentials = config.allowCredentials || false;

    /**
     * The maximum age of the CORS configuration in seconds.
     * @type {number}
     */
    this.maxAge = config.maxAge || 3600; // default to 1 hour
}

// Example usage:
const corsConfig = {
    allowedOrigins: ['http://example.com', 'http://localhost:3000'],
    allowedMethods: ['GET', 'POST', 'PUT', 'DELETE'],
    allowedHeaders: ['Content-Type', 'Authorization'],
    allowCredentials: true,
    maxAge: 86400 // 1 day
};

const corsHandler = new CorsHandler(corsConfig);
console.log(corsHandler.allowedOrigins); // Output: ['http://example.com', 'http://localhost:3000']
console.log(corsHandler.allowedMethods); // Output: ['GET', 'POST', 'PUT', 'DELETE']
console.log(corsHandler.allowedHeaders); // Output: ['Content-Type', 'Authorization']
console.log(corsHandler.allowCredentials); // Output: true
console.log(corsHandler.maxAge); // Output: 86400","/**
 * Handles <a href=""http://www.w3.org/TR/cors/"">Cross Origin Resource Sharing</a> (CORS) requests.
 * <p>
 * This handler can be configured using a {@link io.netty.handler.codec.http.cors.CorsConfig}, please
 * refer to this class for details about the configuration options available.
 */"
code_review,groq,v3_template+meta,doc_generation,netty/netty,code_review:37c96e5580,0.1616,0.1077,0.0033,0.1977,0.7975,0.7422,"### CorsHandler Class Initialization

#### Overview

The `CorsHandler` class is designed to handle Cross-Origin Resource Sharing (CORS) requests. It initializes a new instance with a specified CORS configuration.

#### Code

```javascript
/**
 * Initializes a new instance of the CorsHandler class with the specified CORS configuration.
 * @param {Object} config - The CORS configuration to use.
 * @param {string} [config.allowedOrigins] - The allowed origins for CORS requests.
 * @param {string[]} [config.allowedMethods] - The allowed HTTP methods for CORS requests.
 * @param {string[]} [config.allowedHeaders] - The allowed HTTP headers for CORS requests.
 * @param {string} [config.exposedHeaders] - The exposed HTTP headers for CORS requests.
 * @param {number} [config.maxAge] - The maximum age of the CORS configuration.
 * @param {boolean} [config.credentials] - Whether to include credentials in CORS requests.
 */
class CorsHandler {
  constructor(config = {}) {
    this.allowedOrigins = config.allowedOrigins || [];
    this.allowedMethods = config.allowedMethods || ['GET', 'POST', 'PUT', 'DELETE'];
    this.allowedHeaders = config.allowedHeaders || ['Content-Type', 'Authorization'];
    this.exposedHeaders = config.exposedHeaders || 'Content-Type';
    this.maxAge = config.maxAge || 3600; // 1 hour
    this.credentials = config.credentials || false;
  }
}
```

#### Example Usage

```javascript
const corsConfig = {
  allowedOrigins: ['http://example.com', 'https://example.com'],
  allowedMethods: ['GET', 'POST'],
  allowedHeaders: ['Content-Type', 'Authorization'],
  exposedHeaders: 'Content-Type',
  maxAge: 7200, // 2 hours
  credentials: true,
};

const corsHandler = new CorsHandler(corsConfig);
console.log(corsHandler.allowedOrigins); // Output: ['http://example.com', 'https://example.com']
console.log(corsHandler.allowedMethods); // Output: ['GET', 'POST']
console.log(corsHandler.allowedHeaders); // Output: ['Content-Type', 'Authorization']
console.log(corsHandler.exposedHeaders); // Output: 'Content-Type'
console.log(corsHandler.maxAge); // Output: 7200
console.log(corsHandler.credentials); // Output: true
```

This code defines a `CorsHandler` class that initializes a new instance with a specified CORS configuration. The configuration object","/**
 * Handles <a href=""http://www.w3.org/TR/cors/"">Cross Origin Resource Sharing</a> (CORS) requests.
 * <p>
 * This handler can be configured using a {@link io.netty.handler.codec.http.cors.CorsConfig}, please
 * refer to this class for details about the configuration options available.
 */"
code_review,groq,v4_persona+meta,doc_generation,netty/netty,code_review:37c96e5580,0.1661,0.1022,0.0032,0.1736,0.7985,0.7553,"### CorsHandler Class

#### Overview

The `CorsHandler` class is responsible for handling Cross-Origin Resource Sharing (CORS) requests. It takes a CORS configuration object as a parameter and uses it to determine the allowed origins, methods, headers, and other settings for CORS requests.

#### Constructor

```javascript
/**
 * Initializes a new instance of the CorsHandler with the specified CORS configuration.
 *
 * @param {Object} config - The CORS configuration to use.
 * @param {string} [config.allowedOrigins] - The allowed origins for CORS requests.
 * @param {string[]} [config.allowedMethods] - The allowed HTTP methods for CORS requests.
 * @param {string[]} [config.allowedHeaders] - The allowed HTTP headers for CORS requests.
 * @param {string} [config.exposedHeaders] - The exposed HTTP headers for CORS requests.
 * @param {number} [config.maxAge] - The maximum age for CORS requests.
 * @param {boolean} [config.credentials] - Whether to include credentials in CORS requests.
 */
function CorsHandler(config) {
  this.config = config;
  this.allowedOrigins = config.allowedOrigins;
  this.allowedMethods = config.allowedMethods || ['GET', 'POST', 'PUT', 'DELETE'];
  this.allowedHeaders = config.allowedHeaders || ['Content-Type', 'Authorization'];
  this.exposedHeaders = config.exposedHeaders || 'Content-Type';
  this.maxAge = config.maxAge || 3600; // 1 hour
  this.credentials = config.credentials || false;
}
```

#### Usage Example

```javascript
const corsConfig = {
  allowedOrigins: 'http://example.com',
  allowedMethods: ['GET', 'POST'],
  allowedHeaders: ['Content-Type', 'Authorization'],
  exposedHeaders: 'Content-Type',
  maxAge: 7200, // 2 hours
  credentials: true
};

const corsHandler = new CorsHandler(corsConfig);
```

#### Methods

The `CorsHandler` class does not have any methods. It is designed to be used as a constructor to create a CORS configuration object.

#### CORS Response Headers

The `CorsHandler` class can be used to generate CORS response headers. You can use the following code to get the CORS response headers:

```javascript
function getCorsResponseHeaders(corsHandler) {
  const headers = {
    'Access-Control-Allow-Origin': corsHandler.allowedOrigins,
    'Access-Control-Allow-Methods': corsHandler.allowedMethods.join(', '),","/**
 * Handles <a href=""http://www.w3.org/TR/cors/"">Cross Origin Resource Sharing</a> (CORS) requests.
 * <p>
 * This handler can be configured using a {@link io.netty.handler.codec.http.cors.CorsConfig}, please
 * refer to this class for details about the configuration options available.
 */"
code_review,groq,v5_cognitive+meta,doc_generation,netty/netty,code_review:37c96e5580,0.0633,0.0452,0.003,0.1158,0.7898,0.0131,"Here's an example of a Java method with a concise Javadoc comment:

```java
/**
 * Calculates the area of a rectangle given its length and width.
 *
 * @param length the length of the rectangle
 * @param width  the width of the rectangle
 * @return the area of the rectangle
 * @throws IllegalArgumentException if the length or width is negative
 */
public static double calculateRectangleArea(double length, double width) {
    if (length < 0 || width < 0) {
        throw new IllegalArgumentException(""Length and width must be non-negative"");
    }
    return length * width;
}
```

In this example, the Javadoc comment includes:

- A brief description of the method's single responsibility.
- Parameter descriptions with their names, types, and a brief description of their purpose.
- A description of the return value, including its type and a brief description of its meaning.
- A description of any exceptions thrown, including the type of exception and a brief description of the conditions under which it is thrown.

The Javadoc comment is formatted according to standard Javadoc syntax, with each line starting with an asterisk (*) and each parameter, return value, and exception listed on a separate line.","/**
 * Handles <a href=""http://www.w3.org/TR/cors/"">Cross Origin Resource Sharing</a> (CORS) requests.
 * <p>
 * This handler can be configured using a {@link io.netty.handler.codec.http.cors.CorsConfig}, please
 * refer to this class for details about the configuration options available.
 */"
code_review,groq,v1_minimal+meta,doc_generation,cdapio/cdap,code_review:932f0f7414,0.1702,0.1702,0.0096,0.2128,0.8437,0.6916,"javascript
/**
 * Constructs a new instance of ServiceWorkerTwillRunnable, linking it to a specified ServiceWorker.
 *
 * @param {ServiceWorker} worker - The ServiceWorker instance associated with this twill runnable.
 */
function ServiceWorkerTwillRunnable(worker) {
  /**
   * The ServiceWorker instance associated with this twill runnable.
   * @type {ServiceWorker}
   */
  this.worker = worker;
}","/**
 * {@link TwillRunnable} to run a {@link ServiceWorker}.
 */"
code_review,groq,v2_structured+meta,doc_generation,cdapio/cdap,code_review:932f0f7414,0.0923,0.0615,0.0071,0.1582,0.828,0.543,"typescript
/**
 * Initializes a new instance of the ServiceWorkerTwillRunnable, associating it with the specified ServiceWorker.
 * 
 * @param {ServiceWorker} worker The ServiceWorker instance to associate with this runnable.
 */
class ServiceWorkerTwillRunnable {
  private worker: ServiceWorker;

  constructor(worker: ServiceWorker) {
    if (!(worker instanceof ServiceWorker)) {
      throw new Error('The worker parameter must be an instance of ServiceWorker.');
    }
    this.worker = worker;
  }

  // Add methods and properties as needed
}","/**
 * {@link TwillRunnable} to run a {@link ServiceWorker}.
 */"
code_review,groq,v3_template+meta,doc_generation,cdapio/cdap,code_review:932f0f7414,0.1364,0.0909,0.0106,0.2206,0.839,0.5362,"javascript
/**
 * Initializes a new instance of the ServiceWorkerTwillRunnable class with the specified ServiceWorker.
 * @param {ServiceWorker} worker The ServiceWorker instance to be used.
 */
function ServiceWorkerTwillRunnable(worker) {
    /**
     * The ServiceWorker instance used by this ServiceWorkerTwillRunnable.
     * @type {ServiceWorker}
     */
    this.worker = worker;
}","/**
 * {@link TwillRunnable} to run a {@link ServiceWorker}.
 */"
code_review,groq,v4_persona+meta,doc_generation,cdapio/cdap,code_review:932f0f7414,0.1071,0.0714,0.0081,0.2,0.8319,0.5552,"javascript
/**
 * Initializes a new instance of the ServiceWorkerTwillRunnable, associating it with a given ServiceWorker instance.
 * 
 * @param {ServiceWorker} worker The ServiceWorker instance to associate with this runnable.
 */
function ServiceWorkerTwillRunnable(worker) {
    /**
     * The ServiceWorker instance associated with this runnable.
     * @type {ServiceWorker}
     */
    this.worker = worker;

    // Initialize any other properties or methods as needed
}","/**
 * {@link TwillRunnable} to run a {@link ServiceWorker}.
 */"
code_review,groq,v5_cognitive+meta,doc_generation,cdapio/cdap,code_review:932f0f7414,0.0099,0.0099,0.0019,0.0623,0.7641,0.0127,"### Java Method Documentation

#### Method: `calculateArea`

This method calculates the area of a rectangle given its length and width.

```java
/**
 * Calculates the area of a rectangle.
 *
 * @param length the length of the rectangle (must be a positive number)
 * @param width  the width of the rectangle (must be a positive number)
 * @return the calculated area of the rectangle
 * @throws IllegalArgumentException if either the length or width is not a positive number
 */
public double calculateArea(double length, double width) {
    // Method implementation
    if (length <= 0 || width <= 0) {
        throw new IllegalArgumentException(""Length and width must be positive numbers"");
    }
    return length * width;
}
```

#### Parameters:

* `length`: the length of the rectangle (must be a positive number)
	+ Data type: `double`
	+ Description: The length of the rectangle.
	+ Constraints: Must be a positive number.
* `width`: the width of the rectangle (must be a positive number)
	+ Data type: `double`
	+ Description: The width of the rectangle.
	+ Constraints: Must be a positive number.

#### Return Value:

* Return type: `double`
* Conditions: The method returns the calculated area of the rectangle.
* Potential null or empty values: None.

#### Exceptions:

* `IllegalArgumentException`: Thrown if either the length or width is not a positive number.
	+ Error code: None.
	+ Error message: ""Length and width must be positive numbers"".","/**
 * {@link TwillRunnable} to run a {@link ServiceWorker}.
 */"
code_review,groq,v1_minimal+meta,doc_generation,line/armeria,code_review:13ca552a37,0.0482,0.0482,0.0065,0.1429,0.8455,0.3731,"typescript
/**
 * Retrieves and returns the underlying client request context.
 * 
 * @return The unwrapped client request context, providing access to the original request details.
 */
function getClientRequestContext(): any {
    // Assuming the request context is stored in a variable or property named 'requestContext'
    // Replace this with the actual property or variable name from your framework or library
    const requestContext = this.requestContext;

    // Return the unwrapped client request context
    return requestContext;
}","    /**
     * @param ctx used to parse http properties
     * @param headersBuilder receives headers injected by {@link HttpClientHandler#handleSend(brave.http.HttpClientRequest)}.
     */"
code_review,groq,v2_structured+meta,doc_generation,line/armeria,code_review:13ca552a37,0.0412,0.0412,0.0055,0.1158,0.845,0.3602,"javascript
/**
 * Retrieves the underlying client request context.
 * 
 * @return The client request context object.
 */
function getClientRequestContext() {
    // In a Node.js environment, we can use the 'req' object from the Express framework
    // or the 'request' object from the Koa framework to get the client request context.
    // For simplicity, let's assume we're using Express.
    const express = require('express');
    const app = express();

    // Get the client request context from the request object.
    const request = app.request;
    const clientRequestContext = request;

    return clientRequestContext;
}","    /**
     * @param ctx used to parse http properties
     * @param headersBuilder receives headers injected by {@link HttpClientHandler#handleSend(brave.http.HttpClientRequest)}.
     */"
code_review,groq,v3_template+meta,doc_generation,line/armeria,code_review:13ca552a37,0.0423,0.0302,0.0014,0.0756,0.8095,0.4367,"It appears you're documenting a method in Java that retrieves the client request context. Here's a more detailed and complete version of the documentation:

```java
/**
 * Retrieves the underlying client request context.
 *
 * This method provides access to information about the current HTTP request,
 * including request headers, query parameters, and other relevant details.
 *
 * @return the client request context, providing information about the current HTTP request.
 * @throws [ExceptionType] if an error occurs while retrieving the request context.
 */
public Object getRequestContext() {
    // implementation details
}
```

In this example, I've added:

* A more detailed description of what the method does.
* A note about the potential exception that may be thrown.
* A return type of `Object`, assuming the method returns an object that represents the client request context. You may need to adjust this based on your actual implementation.

You can also consider adding additional documentation, such as:

* A description of the properties and methods available on the returned object.
* Any specific requirements or constraints for using this method.
* Any relevant links to external documentation or resources.

Here's an example of how you might document the properties and methods available on the returned object:

```java
/**
 * Retrieves the underlying client request context.
 *
 * This method provides access to information about the current HTTP request,
 * including request headers, query parameters, and other relevant details.
 *
 * @return the client request context, providing information about the current HTTP request.
 * @throws [ExceptionType] if an error occurs while retrieving the request context.
 */
public Object getRequestContext() {
    // implementation details
}

/**
 * Represents the client request context.
 */
public class RequestContext {
    /**
     * Gets the HTTP request method (e.g. GET, POST, PUT, DELETE).
     *
     * @return the HTTP request method.
     */
    public String getMethod();

    /**
     * Gets the HTTP request headers.
     *
     * @return a map of HTTP request headers.
     */
    public Map<String, String> getHeaders();

    /**
     * Gets the HTTP request query parameters.
     *
     * @return a map of HTTP request query parameters.
     */
    public Map<String, String> getQueryParams();

    // additional properties and methods...
}
```","    /**
     * @param ctx used to parse http properties
     * @param headersBuilder receives headers injected by {@link HttpClientHandler#handleSend(brave.http.HttpClientRequest)}.
     */"
code_review,groq,v4_persona+meta,doc_generation,line/armeria,code_review:13ca552a37,0.0222,0.0222,0.0059,0.1186,0.8311,0.3291,"javascript
/**
 * Unwraps the current context to retrieve the underlying client request context.
 *
 * @returns {object} The unwrapped client request context.
 */
function unwrapClientRequestContext() {
  // Assuming the context is stored in a variable named 'context'
  const context = this.context;

  // Check if the context is valid
  if (!context) {
    throw new Error('Context is not available');
  }

  // Unwrap the client request context from the context
  const clientRequestContext = context.get('clientRequestContext');

  // Return the unwrapped client request context
  return clientRequestContext;
}","    /**
     * @param ctx used to parse http properties
     * @param headersBuilder receives headers injected by {@link HttpClientHandler#handleSend(brave.http.HttpClientRequest)}.
     */"
code_review,groq,v5_cognitive+meta,doc_generation,line/armeria,code_review:13ca552a37,0.0513,0.0513,0.0179,0.1256,0.8585,0.3892,"java
/**
 * Unwraps the ClientRequestContext, returning the underlying context.
 * 
 * @return the underlying ClientRequestContext, ctx
 */
public ClientRequestContext unwrapClientRequestContext() {
    // Method implementation
    return ctx;
}","    /**
     * @param ctx used to parse http properties
     * @param headersBuilder receives headers injected by {@link HttpClientHandler#handleSend(brave.http.HttpClientRequest)}.
     */"
code_review,groq,v1_minimal+meta,doc_generation,mulesoft/mule,code_review:3246f50e7b,0.0097,0.0097,0.0056,0.1023,0.7795,0.3526,"java
/**
 * Validates a given {@code extensionModel} against predefined rules.
 * 
 * @param extensionModel the model to be validated
 * @param problemsReporter the reporter to report any validation issues encountered
 */
public void validate(ExtensionModel extensionModel, ProblemsReporter problemsReporter) {
    // Check if the extension model is null
    if (extensionModel == null) {
        problemsReporter.reportError(""Extension model cannot be null"");
        return;
    }

    // Check if the extension model has a valid name
    if (extensionModel.getName() == null || extensionModel.getName().isEmpty()) {
        problemsReporter.reportError(""Extension name cannot be empty"");
    }

    // Check if the extension model has a valid version
    if (extensionModel.getVersion() == null || extensionModel.getVersion().isEmpty()) {
        problemsReporter.reportError(""Extension version cannot be empty"");
    }

    // Check if the extension model has a valid description
    if (extensionModel.getDescription() == null || extensionModel.getDescription().isEmpty()) {
        problemsReporter.reportError(""Extension description cannot be empty"");
    }

    // Check if the extension model has a valid author
    if (extensionModel.getAuthor() == null || extensionModel.getAuthor().isEmpty()) {
        problemsReporter.reportError(""Extension author cannot be empty"");
    }

    // Check if the extension model has a valid license
    if (extensionModel.getLicense() == null || extensionModel.getLicense().isEmpty()) {
        problemsReporter.reportError(""Extension license cannot be empty"");
    }

    // Check if the extension model has a valid dependencies
    if (extensionModel.getDependencies() == null || extensionModel.getDependencies().isEmpty()) {
        problemsReporter.reportError(""Extension dependencies cannot be empty"");
    }

    // ... (rest of the code remains the same)
}","/**
 * Validates that POJOs parameter overrides Equals and HashCode
 *
 * @since 4.2
 */"
code_review,groq,v2_structured+meta,doc_generation,mulesoft/mule,code_review:3246f50e7b,0.0282,0.0282,0.0044,0.1092,0.7792,0.4492,"java
/**
 * Validates the given extension model, ensuring correct implementation of equals and hashCode methods.
 * 
 * @param extensionModel The extension model instance to be validated.
 * @param problemsReporter The reporter to use for reporting any issues encountered during validation.
 */
public void validateExtensionModel(ExtensionModel extensionModel, ProblemsReporter problemsReporter) {
    // Check if the extension model implements the equals and hashCode methods
    if (!extensionModel.getClass().getDeclaredMethods().stream()
            .anyMatch(method -> method.getName().equals(""equals"") && method.getParameterCount() == 1)
            || !extensionModel.getClass().getDeclaredMethods().stream()
                    .anyMatch(method -> method.getName().equals(""hashCode"") && method.getParameterCount() == 0)) {
        problemsReporter.reportIssue(""The extension model must implement the equals and hashCode methods."");
    }

    // Check if the equals method is correctly implemented
    try {
        // Test the equals method with null
        if (extensionModel.equals(null)) {
            problemsReporter.reportIssue(""The equals method should return false when comparing with null."");
        }

        // Test the equals method with the same instance
        if (!extensionModel.equals(extensionModel)) {
            problemsReporter.reportIssue(""The equals method should return true when comparing with the same instance."");
        }

        // Test the equals method with a different instance
        if (extensionModel.equals(new Object())) {
            problemsReporter.reportIssue(""The equals method should return false when comparing with a different instance."");
        }
    } catch (Exception e) {
        problemsReporter.reportIssue(""An error occurred while testing the equals method: "" + e.getMessage());
    }

    // Check if the hashCode method is correctly implemented
    try {
        // Test the hashCode method with the same instance
        if (extensionModel.hashCode() != extensionModel.hashCode()) {
            problemsReporter.reportIssue(""The hashCode method should return the same value when called multiple times."");
        }

        // Test the hashCode method with a different instance
        if (extensionModel.hashCode() == new Object().hashCode()) {
            problemsReporter.reportIssue(""The hashCode method should return a different value when comparing with a different instance."");
        }
    } catch (Exception e) {
        problemsReporter.reportIssue(""An error occurred while testing the hashCode method: "" + e.getMessage());
    }
}","/**
 * Validates that POJOs parameter overrides Equals and HashCode
 *
 * @since 4.2
 */"
code_review,groq,v3_template+meta,doc_generation,mulesoft/mule,code_review:3246f50e7b,0.0617,0.0617,0.0075,0.165,0.7926,0.3746,"javascript
/**
 * Validates an extension model by checking for overrides of equals and hashCode methods.
 * 
 * @param {Object} extensionModel The extension model to be validated.
 * @param {Object} problemsReporter The reporter to report any problems found during validation.
 */
function validateExtensionModel(extensionModel, problemsReporter) {
    // Check if the extension model has a custom equals method
    if (extensionModel.equals !== undefined) {
        // If the equals method is not a function, report a problem
        if (typeof extensionModel.equals !== 'function') {
            problemsReporter.addProblem('Equals method must be a function');
        }
    } else {
        // If the equals method is not defined, report a problem
        problemsReporter.addProblem('Equals method is missing');
    }

    // Check if the extension model has a custom hashCode method
    if (extensionModel.hashCode !== undefined) {
        // If the hashCode method is not a function, report a problem
        if (typeof extensionModel.hashCode !== 'function') {
            problemsReporter.addProblem('Hash code method must be a function');
        }
    } else {
        // If the hashCode method is not defined, report a problem
        problemsReporter.addProblem('Hash code method is missing');
    }
}","/**
 * Validates that POJOs parameter overrides Equals and HashCode
 *
 * @since 4.2
 */"
code_review,groq,v4_persona+meta,doc_generation,mulesoft/mule,code_review:3246f50e7b,0.0462,0.0462,0.0046,0.1358,0.7882,0.3645,"Here's the refactored code with improved documentation and formatting:

```markdown
/**
 * Validates an extension model against expected configuration and connection provider models.
 * 
 * This method iterates over the extension model's configuration and connection provider models,
 * validating parameter types and override checks for equals and hashCode methods on object types.
 * 
 * @param {object} extensionModel The extension model to validate.
 * @param {object} problemsReporter The reporter to report any validation problems encountered.
 */
function validateExtensionModel(extensionModel, problemsReporter) {
  // Iterate over the extension model's configuration and connection provider models
  Object.keys(extensionModel).forEach((key) => {
    const model = extensionModel[key];

    // Validate parameter types
    if (typeof model !== 'object') {
      problemsReporter.reportProblem(`Invalid type for ${key}: expected object, got ${typeof model}`);
    }

    // Validate override checks for equals and hashCode methods on object types
    if (typeof model === 'object' && model !== null) {
      if (!model.equals || typeof model.equals !== 'function') {
        problemsReporter.reportProblem(`Missing or invalid equals method for ${key}`);
      }

      if (!model.hashCode || typeof model.hashCode !== 'function') {
        problemsReporter.reportProblem(`Missing or invalid hashCode method for ${key}`);
      }
    }
  });
}
```

This refactored code includes:

* Improved documentation with clear descriptions of the method's purpose and parameters.
* Consistent formatting and indentation.
* A clear and concise implementation of the validation logic.
* The use of a `problemsReporter` object to report any validation problems encountered.
* The use of `Object.keys()` to iterate over the extension model's properties.
* The use of `typeof` to check the type of each property value.
* The use of `if` statements to validate the parameter types and override checks.
* The use of `reportProblem()` method to report any validation problems encountered.","/**
 * Validates that POJOs parameter overrides Equals and HashCode
 *
 * @since 4.2
 */"
code_review,groq,v5_cognitive+meta,doc_generation,mulesoft/mule,code_review:3246f50e7b,0.0488,0.0488,0.0056,0.1626,0.7976,0.2729,"However, I don't see any Java method provided. Please provide the Java method you'd like me to document, and I'll be happy to assist you.

Once you provide the method, I'll create a clear and concise Javadoc comment that accurately describes its purpose, parameters, return value, and any exceptions it may throw.

Here's a general template of how the Javadoc comment should look like:

```java
/**
 * <p>Description:</p>
 * <p>This method is responsible for [briefly describe the method's purpose].</p>
 * 
 * @param [parameterName] [parameterDescription] [parameterRole]
 * @return [returnValueDescription] [returnValueType]
 * @throws [exceptionName] [exceptionDescription]
 * @throws [exceptionName] [exceptionDescription]
 */
```

Please provide the Java method, and I'll fill in the details accordingly.","/**
 * Validates that POJOs parameter overrides Equals and HashCode
 *
 * @since 4.2
 */"
