dataset,model,variant,task_type,repo,pair_id,rouge1,rougeL,bleu,meteor,bertscore_f1,cosine,generated,reference_doc
code_review,groq,v1_minimal,doc_generation,apache/carbondata,code_review:a223f6ca97,0.0909,0.0909,0.0102,0.2083,0.842,0.3726,"java
/**
 * Private constructor to initialize the CarbonProperties instance.
 * 
 * This constructor loads the properties from the default locations and validates them.
 * 
 * @throws Exception if there's an error loading or validating the properties.
 */
private CarbonProperties() {
    carbonProperties = new Properties();
    loadProperties();
    validateAndLoadDefaultProperties();
}","  /**
   * Boolean type properties default value
   */"
code_review,huggingface,v1_minimal,doc_generation,apache/carbondata,code_review:a223f6ca97,0.0784,0.0784,0.0081,0.1938,0.832,0.4075,"Here is the Javadoc for the given Java code:

/**
 * Initializes the CarbonProperties object.
 * 
 * This constructor initializes the carbonProperties object by creating a new Properties object, loading the properties, and validating and loading the default properties.
 * 
 * @see #loadProperties()
 * @see #validateAndLoadDefaultProperties()
 */
private CarbonProperties() {
    carbonProperties = new Properties();
    loadProperties();
    validateAndLoadDefaultProperties();
}","  /**
   * Boolean type properties default value
   */"
code_review,qwen_coder,v1_minimal,doc_generation,apache/carbondata,code_review:a223f6ca97,0.0412,0.0412,0.0048,0.1445,0.8145,0.341,"Certainly! Below is the JavaDoc comment for the provided private constructor:

```java
/**
 * Private constructor for the {@code CarbonProperties} class.
 * Initializes an internal {@link java.util.Properties} object and loads properties from a configuration file.
 * Then, it validates the loaded properties and loads default properties if any validation fails or properties are missing.
 */
private CarbonProperties() {
    carbonProperties = new Properties();
    loadProperties();
    validateAndLoadDefaultProperties();
}
```

This comment explains:
- The purpose of the private constructor.
- What happens when the constructor is called: initializes an internal `Properties` object, loads properties from a configuration file, and validates and loads default properties.","  /**
   * Boolean type properties default value
   */"
code_review,groq,v2_structured,doc_generation,apache/carbondata,code_review:a223f6ca97,0.1176,0.1176,0.0137,0.2315,0.8401,0.3739,"java
/**
 * Initializes the CarbonProperties instance by creating a new Properties object,
 * loading properties from the configuration, and validating and loading default properties.
 */
private CarbonProperties() {
    carbonProperties = new Properties();
    loadProperties();
    validateAndLoadDefaultProperties();
}","  /**
   * Boolean type properties default value
   */"
code_review,huggingface,v2_structured,doc_generation,apache/carbondata,code_review:a223f6ca97,0.0625,0.0625,0.0114,0.1364,0.8345,0.325,"Here is the complete Javadoc for the given method:

```java
/**
 * Initializes the CarbonProperties object.
 * 
 * @param none
 * @return none
 * @throws none
 */
private CarbonProperties() {
    carbonProperties = new Properties();
    loadProperties();
    validateAndLoadDefaultProperties();
}
```","  /**
   * Boolean type properties default value
   */"
code_review,qwen_coder,v2_structured,doc_generation,apache/carbondata,code_review:a223f6ca97,0.0833,0.0833,0.0092,0.2,0.8352,0.3984,"java
/**
 * Constructor for the CarbonProperties class.
 * Initializes a new instance of Properties, loads properties from a file,
 * and validates them with default properties.
 *
 * @throws IOException if there is an error reading the configuration file.
 */
private CarbonProperties() throws IOException {
    carbonProperties = new Properties();
    loadProperties();
    validateAndLoadDefaultProperties();
}","  /**
   * Boolean type properties default value
   */"
code_review,groq,v3_template,doc_generation,apache/carbondata,code_review:a223f6ca97,0.1333,0.1333,0.0157,0.1961,0.849,0.42,"/**
 * Initializes the CarbonProperties instance with default settings.
 * @param none No parameters are required for this constructor.
 * @return none This constructor does not return any value.
 */","  /**
   * Boolean type properties default value
   */"
code_review,huggingface,v3_template,doc_generation,apache/carbondata,code_review:a223f6ca97,0.0588,0.0588,0.0134,0.1869,0.8279,0.3423,"Here is the filled template:

/**
 * Initializes a new instance of the CarbonProperties class.
 * @param carbonProperties the carbon properties
 * @return the carbon properties
 * @throws Exception if there is an error
 */","  /**
   * Boolean type properties default value
   */"
code_review,qwen_coder,v3_template,doc_generation,apache/carbondata,code_review:a223f6ca97,0.0556,0.0556,0.0134,0.1869,0.8272,0.3538,"/**
 * Constructs a singleton instance of CarbonProperties and loads properties from various sources.
 * @throws IOException if an I/O error occurs during property loading.
 * @throws InvalidPropertyException if a loaded property is invalid.
 */","  /**
   * Boolean type properties default value
   */"
code_review,groq,v4_persona,doc_generation,apache/carbondata,code_review:a223f6ca97,0.0702,0.0702,0.0079,0.1538,0.8383,0.4428,"/**
 * Initializes a new instance of the CarbonProperties class, loading and validating default properties.
 * 
 * This constructor creates a new instance of the Properties class, loads the properties from the configuration,
 * and validates and loads the default properties. The instance is not publicly accessible, as it is intended
 * for internal use within the class.","  /**
   * Boolean type properties default value
   */"
code_review,huggingface,v4_persona,doc_generation,apache/carbondata,code_review:a223f6ca97,0.1739,0.1739,0.0218,0.266,0.8513,0.4539,"/**
 * Initializes the CarbonProperties instance by creating a new Properties object,
 * loading properties, and validating and loading default properties.
 */","  /**
   * Boolean type properties default value
   */"
code_review,qwen_coder,v4_persona,doc_generation,apache/carbondata,code_review:a223f6ca97,0.0889,0.0889,0.0098,0.2049,0.8354,0.374,"java
/**
 * Initializes the CarbonProperties object.
 * - Creates a new instance of the Java {@link Properties} class.
 * - Loads properties from a configuration source using the {@link #loadProperties()} method.
 * - Validates loaded properties and loads default properties if necessary using the 
 *   {@link #validateAndLoadDefaultProperties()} method.
 */","  /**
   * Boolean type properties default value
   */"
code_review,groq,v5_cognitive,doc_generation,apache/carbondata,code_review:a223f6ca97,0.0451,0.0451,0.0032,0.1179,0.8085,0.308,"(1) The single responsibility of this method is to initialize the CarbonProperties object by creating a new Properties object, loading properties, and validating and loading default properties.

(2) 
- `carbonProperties`: This is a field of the class, not a parameter. It represents the Properties object that stores the configuration properties.
- There are no parameters in this method.

(3)
- This method does not return any value, as it is a constructor and is used to initialize the object.
- It does not throw any exceptions explicitly, but it may throw exceptions if the `loadProperties()` or `validateAndLoadDefaultProperties()` methods throw exceptions.

Here is the final Javadoc block:

```java
/**
 * Initializes the CarbonProperties object by creating a new Properties object,
 * loading properties, and validating and loading default properties.
 */
private CarbonProperties() {
    carbonProperties = new Properties();
    loadProperties();
    validateAndLoadDefaultProperties();
}
```","  /**
   * Boolean type properties default value
   */"
code_review,huggingface,v5_cognitive,doc_generation,apache/carbondata,code_review:a223f6ca97,0.0235,0.0235,0.0052,0.1659,0.8105,0.2621,"Here are the answers to the sub-questions:

(1) The single responsibility of this method is to initialize the carbonProperties object.

(2) The parameter is none, as this is a constructor method.

(3) This method does not return any value, as it is a constructor method. It does not throw any exceptions, as it is a private method and does not need to be accessed from outside the class.

And here is the final Javadoc block:

/**
 * Initializes the carbonProperties object.
 */","  /**
   * Boolean type properties default value
   */"
code_review,qwen_coder,v5_cognitive,doc_generation,apache/carbondata,code_review:a223f6ca97,0.125,0.125,0.0094,0.3439,0.8393,0.4354,"java
/**
 * Initializes a new instance of {@link CarbonProperties} by loading properties from a configuration file,
 * validating them, and setting default values if necessary.
 */
private CarbonProperties() {
    carbonProperties = new Properties();
    loadProperties(); // Load properties from a configuration file
    validateAndLoadDefaultProperties(); // Validate properties and set defaults if required
}","  /**
   * Boolean type properties default value
   */"
code_review,groq,v1_minimal,doc_generation,bndtools/bnd,code_review:cb14ce66b6,0.2308,0.1667,0.022,0.1841,0.8213,0.1666,"java
/**
 * Returns the file extension from the given file name.
 * If the file name does not contain an extension, the default extension is returned.
 *
 * @param fileName the file name to extract the extension from
 * @param deflt the default extension to return if the file name does not contain an extension
 * @return the file extension or the default extension if not found
 */
public static String getExtension(String fileName, String deflt) {
    int n = fileName.lastIndexOf('.');
    if (n < 0)
        return deflt;

    return fileName.substring(n + 1);
}","	/**
	 * Creates a symbolic link from {@code link} to the {@code target}, or
	 * copies {@code target} to {@code link} if running on Windows.
	 * <p>
	 * Creating symbolic links on Windows requires administrator permissions, so
	 * copying is a safer fallback.
	 *
	 * @param link the location of the symbolic link, or destination of the
	 *            copy.
	 * @param target the target of the symbolic link, or source of the copy.
	 * @return {@code true} if the operation succeeds, {@code false} otherwise.
	 */"
code_review,huggingface,v1_minimal,doc_generation,bndtools/bnd,code_review:cb14ce66b6,0.2588,0.1647,0.0201,0.2039,0.821,0.1658,"Here is the Javadoc for the given Java code:

/**
 * Returns the file extension of the given file name.
 * 
 * If the file name does not contain a dot (.), the default extension is returned.
 * 
 * @param fileName the file name to get the extension from
 * @param deflt the default extension to return if the file name does not contain a dot
 * @return the file extension or the default extension if the file name does not contain a dot
 */
public static String getExtension(String fileName, String deflt) {
    int n = fileName.lastIndexOf('.');
    if (n < 0)
        return deflt;

    return fileName.substring(n + 1);
}","	/**
	 * Creates a symbolic link from {@code link} to the {@code target}, or
	 * copies {@code target} to {@code link} if running on Windows.
	 * <p>
	 * Creating symbolic links on Windows requires administrator permissions, so
	 * copying is a safer fallback.
	 *
	 * @param link the location of the symbolic link, or destination of the
	 *            copy.
	 * @param target the target of the symbolic link, or source of the copy.
	 * @return {@code true} if the operation succeeds, {@code false} otherwise.
	 */"
code_review,qwen_coder,v1_minimal,doc_generation,bndtools/bnd,code_review:cb14ce66b6,0.2312,0.1503,0.0192,0.2032,0.8206,0.1406,"Certainly! Below is the Javadoc comment for the provided Java method `getExtension`:

```java
/**
 * Retrieves the file extension from the given file name.
 * 
 * @param fileName The name of the file.
 * @param deflt The default value to return if the file has no extension.
 * @return The file extension without the leading dot ('.'),
 *         or the default value if the file has no extension.
 */
public static String getExtension(String fileName, String deflt) {
    int n = fileName.lastIndexOf('.');
    if (n < 0)
        return deflt;

    return fileName.substring(n + 1);
}
```

This Javadoc provides a clear description of what the method does, along with its parameters and return value.","	/**
	 * Creates a symbolic link from {@code link} to the {@code target}, or
	 * copies {@code target} to {@code link} if running on Windows.
	 * <p>
	 * Creating symbolic links on Windows requires administrator permissions, so
	 * copying is a safer fallback.
	 *
	 * @param link the location of the symbolic link, or destination of the
	 *            copy.
	 * @param target the target of the symbolic link, or source of the copy.
	 * @return {@code true} if the operation succeeds, {@code false} otherwise.
	 */"
code_review,groq,v2_structured,doc_generation,bndtools/bnd,code_review:cb14ce66b6,0.259,0.2014,0.0234,0.1967,0.8247,0.2585,"java
/**
 * Returns the file extension from the given file name, or the default extension if the file name does not contain an extension.
 * 
 * @param fileName the file name to extract the extension from
 * @param deflt the default extension to return if the file name does not contain an extension
 * @return the file extension, or the default extension if the file name does not contain an extension
 */","	/**
	 * Creates a symbolic link from {@code link} to the {@code target}, or
	 * copies {@code target} to {@code link} if running on Windows.
	 * <p>
	 * Creating symbolic links on Windows requires administrator permissions, so
	 * copying is a safer fallback.
	 *
	 * @param link the location of the symbolic link, or destination of the
	 *            copy.
	 * @param target the target of the symbolic link, or source of the copy.
	 * @return {@code true} if the operation succeeds, {@code false} otherwise.
	 */"
code_review,huggingface,v2_structured,doc_generation,bndtools/bnd,code_review:cb14ce66b6,0.2941,0.1912,0.0237,0.1948,0.8257,0.2311,"Here is the complete Javadoc for the given method:

```java
/**
 * Returns the file extension of the given file name, or the default extension if no extension is found.
 * 
 * @param fileName the file name to extract the extension from
 * @param deflt the default extension to return if no extension is found
 * @return the file extension, or the default extension if no extension is found
 */
```","	/**
	 * Creates a symbolic link from {@code link} to the {@code target}, or
	 * copies {@code target} to {@code link} if running on Windows.
	 * <p>
	 * Creating symbolic links on Windows requires administrator permissions, so
	 * copying is a safer fallback.
	 *
	 * @param link the location of the symbolic link, or destination of the
	 *            copy.
	 * @param target the target of the symbolic link, or source of the copy.
	 * @return {@code true} if the operation succeeds, {@code false} otherwise.
	 */"
code_review,qwen_coder,v2_structured,doc_generation,bndtools/bnd,code_review:cb14ce66b6,0.3065,0.2097,0.0205,0.1917,0.8391,0.2756,"java
/**
 * Returns the file extension from the given file name, or the default extension if no extension is found.
 *
 * @param fileName The file name to extract the extension from.
 * @param deflt    The default extension to return if no extension is found.
 * @return The extracted file extension or the provided default extension.
 */","	/**
	 * Creates a symbolic link from {@code link} to the {@code target}, or
	 * copies {@code target} to {@code link} if running on Windows.
	 * <p>
	 * Creating symbolic links on Windows requires administrator permissions, so
	 * copying is a safer fallback.
	 *
	 * @param link the location of the symbolic link, or destination of the
	 *            copy.
	 * @param target the target of the symbolic link, or source of the copy.
	 * @return {@code true} if the operation succeeds, {@code false} otherwise.
	 */"
code_review,groq,v3_template,doc_generation,bndtools/bnd,code_review:cb14ce66b6,0.3252,0.2276,0.0124,0.2071,0.827,0.3419,"/**
 * Returns the file extension of the given file name, or the default extension if no extension is found.
 * @param fileName The name of the file
 * @param deflt The default extension to return if no extension is found
 * @return The file extension of the given file name, or the default extension
 */","	/**
	 * Creates a symbolic link from {@code link} to the {@code target}, or
	 * copies {@code target} to {@code link} if running on Windows.
	 * <p>
	 * Creating symbolic links on Windows requires administrator permissions, so
	 * copying is a safer fallback.
	 *
	 * @param link the location of the symbolic link, or destination of the
	 *            copy.
	 * @param target the target of the symbolic link, or source of the copy.
	 * @return {@code true} if the operation succeeds, {@code false} otherwise.
	 */"
code_review,huggingface,v3_template,doc_generation,bndtools/bnd,code_review:cb14ce66b6,0.2734,0.2158,0.0127,0.1882,0.823,0.2536,"Here is the filled template:

/**
 * Returns the file extension from the given file name, or the default extension if no extension is found.
 * @param fileName the file name to extract the extension from
 * @param deflt the default extension to return if no extension is found
 * @return the file extension, or the default extension if no extension is found
 * @throws Exception if the file name is null
 */","	/**
	 * Creates a symbolic link from {@code link} to the {@code target}, or
	 * copies {@code target} to {@code link} if running on Windows.
	 * <p>
	 * Creating symbolic links on Windows requires administrator permissions, so
	 * copying is a safer fallback.
	 *
	 * @param link the location of the symbolic link, or destination of the
	 *            copy.
	 * @param target the target of the symbolic link, or source of the copy.
	 * @return {@code true} if the operation succeeds, {@code false} otherwise.
	 */"
code_review,qwen_coder,v3_template,doc_generation,bndtools/bnd,code_review:cb14ce66b6,0.2857,0.2143,0.0239,0.1999,0.8355,0.2409,"Here's the filled template:

```
/**
 * Retrieves the file extension from the given filename. If no extension is found, returns the default value provided.
 *
 * @param fileName The name of the file from which to extract the extension.
 * @param deflt    The default value to return if no extension is found in the file name.
 * @return The file extension as a string or the default value if no extension exists.
 */
```","	/**
	 * Creates a symbolic link from {@code link} to the {@code target}, or
	 * copies {@code target} to {@code link} if running on Windows.
	 * <p>
	 * Creating symbolic links on Windows requires administrator permissions, so
	 * copying is a safer fallback.
	 *
	 * @param link the location of the symbolic link, or destination of the
	 *            copy.
	 * @param target the target of the symbolic link, or source of the copy.
	 * @return {@code true} if the operation succeeds, {@code false} otherwise.
	 */"
code_review,groq,v4_persona,doc_generation,bndtools/bnd,code_review:cb14ce66b6,0.3016,0.2063,0.0214,0.1912,0.8299,0.3473,"/**
 * Returns the file extension from a given file name, or a default value if no extension is found.
 * 
 * @param fileName the file name to extract the extension from
 * @param deflt the default value to return if no extension is found
 * @return the file extension, or the default value if no extension is found
 */","	/**
	 * Creates a symbolic link from {@code link} to the {@code target}, or
	 * copies {@code target} to {@code link} if running on Windows.
	 * <p>
	 * Creating symbolic links on Windows requires administrator permissions, so
	 * copying is a safer fallback.
	 *
	 * @param link the location of the symbolic link, or destination of the
	 *            copy.
	 * @param target the target of the symbolic link, or source of the copy.
	 * @return {@code true} if the operation succeeds, {@code false} otherwise.
	 */"
code_review,huggingface,v4_persona,doc_generation,bndtools/bnd,code_review:cb14ce66b6,0.3008,0.1955,0.0238,0.2013,0.8291,0.3092,"/**
 * Returns the file extension from the given file name.
 * If the file name does not contain a dot (.), the default extension is returned.
 * 
 * @param fileName the file name to extract the extension from
 * @param deflt the default extension to return if the file name does not contain a dot
 * @return the file extension or the default extension if not found
 */","	/**
	 * Creates a symbolic link from {@code link} to the {@code target}, or
	 * copies {@code target} to {@code link} if running on Windows.
	 * <p>
	 * Creating symbolic links on Windows requires administrator permissions, so
	 * copying is a safer fallback.
	 *
	 * @param link the location of the symbolic link, or destination of the
	 *            copy.
	 * @param target the target of the symbolic link, or source of the copy.
	 * @return {@code true} if the operation succeeds, {@code false} otherwise.
	 */"
code_review,qwen_coder,v4_persona,doc_generation,bndtools/bnd,code_review:cb14ce66b6,0.2946,0.2326,0.0227,0.1964,0.8438,0.2646,"java
/**
 * Retrieves the file extension from the given file name.
 * If no extension is found, returns the specified default value.
 *
 * @param fileName The name of the file from which to extract the extension.
 * @param deflt      The default value to return if no extension is found.
 * @return The file extension or the default value if none exists.
 */","	/**
	 * Creates a symbolic link from {@code link} to the {@code target}, or
	 * copies {@code target} to {@code link} if running on Windows.
	 * <p>
	 * Creating symbolic links on Windows requires administrator permissions, so
	 * copying is a safer fallback.
	 *
	 * @param link the location of the symbolic link, or destination of the
	 *            copy.
	 * @param target the target of the symbolic link, or source of the copy.
	 * @return {@code true} if the operation succeeds, {@code false} otherwise.
	 */"
code_review,groq,v5_cognitive,doc_generation,bndtools/bnd,code_review:cb14ce66b6,0.2167,0.1773,0.0158,0.1963,0.816,0.271,"(1) The single responsibility of this method is to extract the file extension from a given file name.

(2) 
- `fileName`: The name of the file from which to extract the extension.
- `deflt`: The default value to return if the file name does not contain an extension.

(3)
- It returns the file extension as a string.
- It throws no exceptions, but returns `deflt` if the file name does not contain an extension.

```java
/**
 * Extracts the file extension from the given file name.
 * If the file name does not contain an extension, returns the default value.
 *
 * @param fileName The name of the file from which to extract the extension.
 * @param deflt The default value to return if the file name does not contain an extension.
 * @return The file extension as a string.
 */","	/**
	 * Creates a symbolic link from {@code link} to the {@code target}, or
	 * copies {@code target} to {@code link} if running on Windows.
	 * <p>
	 * Creating symbolic links on Windows requires administrator permissions, so
	 * copying is a safer fallback.
	 *
	 * @param link the location of the symbolic link, or destination of the
	 *            copy.
	 * @param target the target of the symbolic link, or source of the copy.
	 * @return {@code true} if the operation succeeds, {@code false} otherwise.
	 */"
code_review,huggingface,v5_cognitive,doc_generation,bndtools/bnd,code_review:cb14ce66b6,0.2192,0.1735,0.0151,0.2107,0.8107,0.2684,"Here are the sub-answers:

(1) The single responsibility of this method is to extract the file extension from a given file name.

(2) The parameters are:
	* `fileName`: The name of the file from which to extract the extension.
	* `deflt`: The default extension to return if the file name does not contain a dot (i.e., no extension).

(3) The method returns a `String` representing the file extension, or the default extension if no extension is found. It throws no exceptions.

And here is the final Javadoc block:

/**
 * Extracts the file extension from a given file name.
 * 
 * @param fileName The name of the file from which to extract the extension.
 * @param deflt The default extension to return if the file name does not contain a dot (i.e., no extension).
 * @return A string representing the file extension, or the default extension if no extension is found.
 */","	/**
	 * Creates a symbolic link from {@code link} to the {@code target}, or
	 * copies {@code target} to {@code link} if running on Windows.
	 * <p>
	 * Creating symbolic links on Windows requires administrator permissions, so
	 * copying is a safer fallback.
	 *
	 * @param link the location of the symbolic link, or destination of the
	 *            copy.
	 * @param target the target of the symbolic link, or source of the copy.
	 * @return {@code true} if the operation succeeds, {@code false} otherwise.
	 */"
code_review,qwen_coder,v5_cognitive,doc_generation,bndtools/bnd,code_review:cb14ce66b6,0.3167,0.2167,0.0207,0.1864,0.8441,0.3201,"/**
 * Retrieves the file extension from the provided file name.
 *
 * @param fileName The name of the file to extract the extension from.
 * @param deflt    The default extension to return if no extension is found in the file name.
 * @return The file extension if found; otherwise, the default extension.
 */","	/**
	 * Creates a symbolic link from {@code link} to the {@code target}, or
	 * copies {@code target} to {@code link} if running on Windows.
	 * <p>
	 * Creating symbolic links on Windows requires administrator permissions, so
	 * copying is a safer fallback.
	 *
	 * @param link the location of the symbolic link, or destination of the
	 *            copy.
	 * @param target the target of the symbolic link, or source of the copy.
	 * @return {@code true} if the operation succeeds, {@code false} otherwise.
	 */"
code_review,groq,v1_minimal,doc_generation,testcontainers/testcontainers-java,code_review:965b6511fd,0.1538,0.1026,0.0153,0.414,0.8545,0.3163,"Here's the Javadoc for the given Java code:

```java
/**
 * Constructs a new JdbcDatabaseContainer instance.
 * 
 * @param dockerImageName the name of the Docker image to use for the database container
 */
public JdbcDatabaseContainer(String dockerImageName) {
    super(dockerImageName);
}
```","    /**
     * @return the database name
     */"
code_review,huggingface,v1_minimal,doc_generation,testcontainers/testcontainers-java,code_review:965b6511fd,0.0652,0.0435,0.0064,0.1911,0.8439,0.2255,"Here is the Javadoc for the given Java code:

```java
/**
 * Initializes a new instance of JdbcDatabaseContainer with the specified Docker image name.
 * 
 * @param dockerImageName the name of the Docker image to use for the database container
 */
public JdbcDatabaseContainer(String dockerImageName) {
    super(dockerImageName);
}
```

This Javadoc provides a brief description of the constructor, including the parameter it takes and its purpose. This is helpful for other developers who may be using your class, as it gives them a clear understanding of how to use the constructor and what it does.","    /**
     * @return the database name
     */"
code_review,qwen_coder,v1_minimal,doc_generation,testcontainers/testcontainers-java,code_review:965b6511fd,0.1111,0.0741,0.0093,0.2542,0.8524,0.2471,"Sure, here's the Javadoc for your Java code:

```java
/**
 * Constructs an instance of JdbcDatabaseContainer.
 *
 * @param dockerImageName The name of the Docker image to use for the JDBC database container.
 */
public JdbcDatabaseContainer(String dockerImageName) {
    super(dockerImageName);
}
```

This documentation provides a clear description of what the constructor does and its parameter.","    /**
     * @return the database name
     */"
code_review,groq,v2_structured,doc_generation,testcontainers/testcontainers-java,code_review:965b6511fd,0.1622,0.1081,0.0161,0.4222,0.8663,0.3226,"java
/**
 * Creates a new instance of JdbcDatabaseContainer with the specified Docker image name.
 * 
 * @param dockerImageName the name of the Docker image to use for the database container
 */
public JdbcDatabaseContainer(String dockerImageName) {
    super(dockerImageName);
}","    /**
     * @return the database name
     */"
code_review,huggingface,v2_structured,doc_generation,testcontainers/testcontainers-java,code_review:965b6511fd,0.1,0.1,0.0117,0.2381,0.8539,0.2424,"Here is the complete Javadoc for the given method:

```java
/**
 * Creates a new JdbcDatabaseContainer with the specified Docker image name.
 * 
 * @param dockerImageName the name of the Docker image to use
 */
public JdbcDatabaseContainer(String dockerImageName) {
    super(dockerImageName);
}
```","    /**
     * @return the database name
     */"
code_review,qwen_coder,v2_structured,doc_generation,testcontainers/testcontainers-java,code_review:965b6511fd,0.1622,0.1081,0.0161,0.4222,0.8621,0.3129,"java
/**
 * Constructs a new instance of JdbcDatabaseContainer with the specified Docker image name.
 *
 * @param dockerImageName The name of the Docker image to use for the database container.
 */
public JdbcDatabaseContainer(String dockerImageName) {
    super(dockerImageName);
}","    /**
     * @return the database name
     */"
code_review,groq,v3_template,doc_generation,testcontainers/testcontainers-java,code_review:965b6511fd,0.2069,0.1379,0.0214,0.4635,0.8385,0.3806,"/**
 * Initializes a new JdbcDatabaseContainer instance with the specified Docker image name.
 * @param dockerImageName The name of the Docker image to use for the database container.
 */","    /**
     * @return the database name
     */"
code_review,huggingface,v3_template,doc_generation,testcontainers/testcontainers-java,code_review:965b6511fd,0.2069,0.1379,0.02,0.3191,0.8495,0.3111,"Here is the filled template:

/**
 * Creates a new JdbcDatabaseContainer with the given Docker image name.
 * @param dockerImageName the name of the Docker image
 * @return 
 * @throws 
*/","    /**
     * @return the database name
     */"
code_review,qwen_coder,v3_template,doc_generation,testcontainers/testcontainers-java,code_review:965b6511fd,0.25,0.1667,0.0262,0.4901,0.8405,0.3855,"/**
 * Creates a new instance of JdbcDatabaseContainer.
 * @param dockerImageName The name of the Docker image to use for the database container.
 */","    /**
     * @return the database name
     */"
code_review,groq,v4_persona,doc_generation,testcontainers/testcontainers-java,code_review:965b6511fd,0.2222,0.1481,0.0222,0.4686,0.8667,0.3797,"/**
 * Initializes a new JdbcDatabaseContainer instance with the specified Docker image name.
 * 
 * @param dockerImageName the Docker image name to use for the database container
 */","    /**
     * @return the database name
     */"
code_review,groq,v5_cognitive,doc_generation,testcontainers/testcontainers-java,code_review:965b6511fd,0.0656,0.0492,0.0048,0.228,0.8312,0.2381,"(1) The single responsibility of this method is to initialize a JdbcDatabaseContainer object with a given Docker image name.

(2) The parameter `dockerImageName` represents the name of the Docker image to be used for the database container.

(3) This method returns nothing (`void`), and it does not throw any exceptions under normal circumstances. However, if the `dockerImageName` is null or empty, it might throw a `NullPointerException` or a custom exception, but this is not explicitly stated in the given code.

Here is the final Javadoc block:

```java
/**
 * Initializes a JdbcDatabaseContainer object with a given Docker image name.
 *
 * @param dockerImageName the name of the Docker image to be used for the database container
 */
public JdbcDatabaseContainer(String dockerImageName) {
    super(dockerImageName);
}
```","    /**
     * @return the database name
     */"
code_review,groq,v1_minimal,doc_generation,GoogleCloudPlatform/java-docs-samples,code_review:588397bd08,0.1111,0.1111,0.0121,0.3444,0.861,0.5404,"java
/**
 * Tears down the Stackdriver Trace Exporter by unregistering it.
 * This method should be called when the exporter is no longer needed to prevent resource leaks.
 */
public void tearDown() {
    StackdriverTraceExporter.unregister();
}","/**
 * Tests for stackdriver tracing sample.
 */"
code_review,groq,v2_structured,doc_generation,GoogleCloudPlatform/java-docs-samples,code_review:588397bd08,0.1333,0.1333,0.0141,0.3612,0.8556,0.4865,"java
/**
 * Unregisters the Stackdriver Trace Exporter, releasing any resources it holds.
 * 
 * @throws IllegalStateException if the exporter has already been unregistered
 */
public void tearDown() {
    StackdriverTraceExporter.unregister();
}","/**
 * Tests for stackdriver tracing sample.
 */"
code_review,groq,v3_template,doc_generation,GoogleCloudPlatform/java-docs-samples,code_review:588397bd08,0.1905,0.1905,0.0238,0.4088,0.8921,0.5197,"/**
 * Unregisters the Stackdriver Trace Exporter.
 * @throws Exception if there is an error un-registering the exporter
 */","/**
 * Tests for stackdriver tracing sample.
 */"
code_review,huggingface,v3_template,doc_generation,GoogleCloudPlatform/java-docs-samples,code_review:588397bd08,0.1905,0.1905,0.0203,0.3957,0.8756,0.561,"Here is the filled template:

/**
 * Unregisters the Stackdriver Trace Exporter.
 * @param none
 * @return none
 * @throws none
 */","/**
 * Tests for stackdriver tracing sample.
 */"
code_review,qwen_coder,v3_template,doc_generation,GoogleCloudPlatform/java-docs-samples,code_review:588397bd08,0.0,0.0,0.0141,0.1456,0.8551,0.424,"/**
 * Unregisters the global TracerProvider.
 * @param None The method takes no parameters.
 * @return None There is no return value.
 * @throws None There are no exceptions thrown.
 */","/**
 * Tests for stackdriver tracing sample.
 */"
code_review,groq,v4_persona,doc_generation,GoogleCloudPlatform/java-docs-samples,code_review:588397bd08,0.1,0.1,0.0098,0.2818,0.8686,0.4874,"/**
 * Unregisters the Stackdriver Trace Exporter instance.
 * 
 * This method is called to clean up resources after the exporter has been used.
 * It is typically invoked as part of the shutdown process to ensure proper resource release.","/**
 * Tests for stackdriver tracing sample.
 */"
code_review,huggingface,v4_persona,doc_generation,GoogleCloudPlatform/java-docs-samples,code_review:588397bd08,0.4,0.4,0.065,0.5575,0.9371,0.5871,"/**
 * Unregisters the Stackdriver Trace Exporter.
 */","/**
 * Tests for stackdriver tracing sample.
 */"
code_review,qwen_coder,v4_persona,doc_generation,GoogleCloudPlatform/java-docs-samples,code_review:588397bd08,0.3636,0.3636,0.0561,0.5506,0.9202,0.5415,"java
/**
 * Unregisters the Stackdriver Trace Exporter.
 */","/**
 * Tests for stackdriver tracing sample.
 */"
code_review,groq,v5_cognitive,doc_generation,GoogleCloudPlatform/java-docs-samples,code_review:588397bd08,0.0435,0.0435,0.0045,0.2228,0.8378,0.5125,"(1) This method has the single responsibility of unregistering a Stackdriver Trace Exporter.

(2) The method does not have any parameters. It is a void method that directly calls another method.

(3) The method does not return any value. It throws no exceptions, as it is a simple method call.

/** 
 * Unregisters the Stackdriver Trace Exporter.
 * 
 * This method has the single responsibility of unregistering a Stackdriver Trace Exporter.
 * It does not take any parameters and does not return any value.
 * 
 * @throws No exceptions are thrown by this method.
 */","/**
 * Tests for stackdriver tracing sample.
 */"
code_review,huggingface,v5_cognitive,doc_generation,GoogleCloudPlatform/java-docs-samples,code_review:588397bd08,0.0,0.0,0.0049,0.1607,0.848,0.5048,"To document the java method, I will first answer the sub-questions and then combine the answers into the final documentation.

(1) The single responsibility of this method is to unregister the StackdriverTraceExporter.

(2) The parameter is none, as the method does not take any parameters. The method represents the action of un-registering the StackdriverTraceExporter.

(3) The method does not return any value. It throws an exception under the condition that the StackdriverTraceExporter is not registered.

Here is the final Javadoc block:

/**
 * Unregisters the StackdriverTraceExporter.
 */","/**
 * Tests for stackdriver tracing sample.
 */"
code_review,qwen_coder,v5_cognitive,doc_generation,GoogleCloudPlatform/java-docs-samples,code_review:588397bd08,0.3636,0.3636,0.0561,0.5506,0.9213,0.5415,"java
/**
 * Unregisters the Stackdriver trace exporter.
 */","/**
 * Tests for stackdriver tracing sample.
 */"
code_review,groq,v1_minimal,doc_generation,ReactiveX/RxJava,code_review:b9f97b4a40,0.0185,0.0185,0.0016,0.0344,0.7771,0.06,"java
/**
 * Creates a new CompletableSubject instance.
 * 
 * @return a new CompletableSubject instance.
 */
public static CompletableSubject create() {
    return new CompletableSubject();
}","/**
 * Copyright 2016 Netflix, Inc.
 *
 * Licensed under the Apache License, Version 2.0 (the ""License""); you may not use this file except in
 * compliance with the License. You may obtain a copy of the License at
 *
 * http://www.apache.org/licenses/LICENSE-2.0
 *
 * Unless required by applicable law or agreed to in writing, software distributed under the License is
 * distributed on an ""AS IS"" BASIS, WITHOUT WARRANTIES OR CONDITIONS OF ANY KIND, either express or implied. See
 * the License for the specific language governing permissions and limitations under the License.
 */"
code_review,huggingface,v1_minimal,doc_generation,ReactiveX/RxJava,code_review:b9f97b4a40,0.1795,0.1154,0.0095,0.1034,0.7828,0.0667,"Here is the Javadoc for the given Java code:

```java
/**
 * Creates a new instance of CompletableSubject.
 * 
 * @return a new CompletableSubject
 */
public static CompletableSubject create() {
    return new CompletableSubject();
}
```

This Javadoc provides a brief description of the method, its return type, and its purpose. It's a good practice to include Javadoc comments in your Java code to provide documentation for other developers who may use your code.","/**
 * Copyright 2016 Netflix, Inc.
 *
 * Licensed under the Apache License, Version 2.0 (the ""License""); you may not use this file except in
 * compliance with the License. You may obtain a copy of the License at
 *
 * http://www.apache.org/licenses/LICENSE-2.0
 *
 * Unless required by applicable law or agreed to in writing, software distributed under the License is
 * distributed on an ""AS IS"" BASIS, WITHOUT WARRANTIES OR CONDITIONS OF ANY KIND, either express or implied. See
 * the License for the specific language governing permissions and limitations under the License.
 */"
code_review,qwen_coder,v1_minimal,doc_generation,ReactiveX/RxJava,code_review:b9f97b4a40,0.1714,0.1071,0.0049,0.1561,0.7679,-0.0154,"Certainly! Below is the provided Java code with added Javadoc comments:

```java
import io.reactivex.subjects.CompletableSubject;

/**
 * Creates and returns an instance of {@link CompletableSubject}.
 *
 * <p>
 *     A {@code CompletableSubject} is a subclass of {@code Subject}, which provides support for asynchronous event processing.
 *     It represents a Observable source that can be used for emitting any type of data to multiple subscribers and then being marked as completed.
 * </p>
 *
 * @return  a {@code CompletableSubject} object representing the created observable subject.
 */
public static CompletableSubject create() {
    return new CompletableSubject();
}
```

### Explanation:
- **Javadoc Comments**: 
    - The `/** ... */` block at the beginning of the method contains Javadoc comments explaining its purpose, the parameters it takes (if any), and what it returns.

- **@return Tag**:
    - The `@return` tag specifies the return type of the method, which in this case is an instance of `CompletableSubject`.

- **Detailed Description**:
    - The `<p>` tags are used to provide additional paragraphs of information about the `CompletableSubject`.
    - The description explains that `CompletableSubject` is a subclass of `Subject`, used for emitting events asynchronously to multiple subscribers and marking them as complete once all events have been emitted.

This documentation helps other developers understand the intent and usage of the method.","/**
 * Copyright 2016 Netflix, Inc.
 *
 * Licensed under the Apache License, Version 2.0 (the ""License""); you may not use this file except in
 * compliance with the License. You may obtain a copy of the License at
 *
 * http://www.apache.org/licenses/LICENSE-2.0
 *
 * Unless required by applicable law or agreed to in writing, software distributed under the License is
 * distributed on an ""AS IS"" BASIS, WITHOUT WARRANTIES OR CONDITIONS OF ANY KIND, either express or implied. See
 * the License for the specific language governing permissions and limitations under the License.
 */"
code_review,groq,v2_structured,doc_generation,ReactiveX/RxJava,code_review:b9f97b4a40,0.0708,0.0354,0.0023,0.0515,0.7934,0.0382,"/**
 * Creates a new CompletableSubject instance, which can be used to represent a Completable that has not yet completed.
 * 
 * @return a new CompletableSubject instance
 */","/**
 * Copyright 2016 Netflix, Inc.
 *
 * Licensed under the Apache License, Version 2.0 (the ""License""); you may not use this file except in
 * compliance with the License. You may obtain a copy of the License at
 *
 * http://www.apache.org/licenses/LICENSE-2.0
 *
 * Unless required by applicable law or agreed to in writing, software distributed under the License is
 * distributed on an ""AS IS"" BASIS, WITHOUT WARRANTIES OR CONDITIONS OF ANY KIND, either express or implied. See
 * the License for the specific language governing permissions and limitations under the License.
 */"
code_review,huggingface,v2_structured,doc_generation,ReactiveX/RxJava,code_review:b9f97b4a40,0.1026,0.0684,0.0042,0.0624,0.7795,0.0551,"Here is the complete Javadoc for the given method:

```java
/**
 * Creates a new instance of CompletableSubject.
 * 
 * @return a new CompletableSubject
 */
public static CompletableSubject create() {
    return new CompletableSubject();
}
```","/**
 * Copyright 2016 Netflix, Inc.
 *
 * Licensed under the Apache License, Version 2.0 (the ""License""); you may not use this file except in
 * compliance with the License. You may obtain a copy of the License at
 *
 * http://www.apache.org/licenses/LICENSE-2.0
 *
 * Unless required by applicable law or agreed to in writing, software distributed under the License is
 * distributed on an ""AS IS"" BASIS, WITHOUT WARRANTIES OR CONDITIONS OF ANY KIND, either express or implied. See
 * the License for the specific language governing permissions and limitations under the License.
 */"
code_review,qwen_coder,v2_structured,doc_generation,ReactiveX/RxJava,code_review:b9f97b4a40,0.0183,0.0183,0.0018,0.0344,0.7697,0.062,"java
/**
 * Creates a new {@link CompletableSubject} instance.
 *
 * @return a new {@link CompletableSubject}
 */
public static CompletableSubject create() {
    return new CompletableSubject();
}","/**
 * Copyright 2016 Netflix, Inc.
 *
 * Licensed under the Apache License, Version 2.0 (the ""License""); you may not use this file except in
 * compliance with the License. You may obtain a copy of the License at
 *
 * http://www.apache.org/licenses/LICENSE-2.0
 *
 * Unless required by applicable law or agreed to in writing, software distributed under the License is
 * distributed on an ""AS IS"" BASIS, WITHOUT WARRANTIES OR CONDITIONS OF ANY KIND, either express or implied. See
 * the License for the specific language governing permissions and limitations under the License.
 */"
code_review,groq,v3_template,doc_generation,ReactiveX/RxJava,code_review:b9f97b4a40,0.02,0.02,0.0001,0.0291,0.7933,0.0706,"/**
 * Creates a new CompletableSubject instance.
 * @return A new CompletableSubject instance.
 */","/**
 * Copyright 2016 Netflix, Inc.
 *
 * Licensed under the Apache License, Version 2.0 (the ""License""); you may not use this file except in
 * compliance with the License. You may obtain a copy of the License at
 *
 * http://www.apache.org/licenses/LICENSE-2.0
 *
 * Unless required by applicable law or agreed to in writing, software distributed under the License is
 * distributed on an ""AS IS"" BASIS, WITHOUT WARRANTIES OR CONDITIONS OF ANY KIND, either express or implied. See
 * the License for the specific language governing permissions and limitations under the License.
 */"
code_review,huggingface,v3_template,doc_generation,ReactiveX/RxJava,code_review:b9f97b4a40,0.0545,0.0364,0.0016,0.0516,0.7836,-0.0454,"Here is the filled template:

/**
 * Creates a new CompletableSubject instance.
 * @param none none
 * @return a CompletableSubject instance
 * @throws none none
 */","/**
 * Copyright 2016 Netflix, Inc.
 *
 * Licensed under the Apache License, Version 2.0 (the ""License""); you may not use this file except in
 * compliance with the License. You may obtain a copy of the License at
 *
 * http://www.apache.org/licenses/LICENSE-2.0
 *
 * Unless required by applicable law or agreed to in writing, software distributed under the License is
 * distributed on an ""AS IS"" BASIS, WITHOUT WARRANTIES OR CONDITIONS OF ANY KIND, either express or implied. See
 * the License for the specific language governing permissions and limitations under the License.
 */"
code_review,qwen_coder,v3_template,doc_generation,ReactiveX/RxJava,code_review:b9f97b4a40,0.0606,0.0404,0.0001,0.0407,0.7899,0.0779,"/**
 * Creates an instance of CompletableSubject.
 * @return A new CompletableSubject.
 */","/**
 * Copyright 2016 Netflix, Inc.
 *
 * Licensed under the Apache License, Version 2.0 (the ""License""); you may not use this file except in
 * compliance with the License. You may obtain a copy of the License at
 *
 * http://www.apache.org/licenses/LICENSE-2.0
 *
 * Unless required by applicable law or agreed to in writing, software distributed under the License is
 * distributed on an ""AS IS"" BASIS, WITHOUT WARRANTIES OR CONDITIONS OF ANY KIND, either express or implied. See
 * the License for the specific language governing permissions and limitations under the License.
 */"
code_review,groq,v4_persona,doc_generation,ReactiveX/RxJava,code_review:b9f97b4a40,0.0577,0.0577,0.0007,0.0462,0.7806,0.0436,"/**
 * Creates a new instance of {@link CompletableSubject}.
 * 
 * @return a new instance of {@link CompletableSubject}
 */","/**
 * Copyright 2016 Netflix, Inc.
 *
 * Licensed under the Apache License, Version 2.0 (the ""License""); you may not use this file except in
 * compliance with the License. You may obtain a copy of the License at
 *
 * http://www.apache.org/licenses/LICENSE-2.0
 *
 * Unless required by applicable law or agreed to in writing, software distributed under the License is
 * distributed on an ""AS IS"" BASIS, WITHOUT WARRANTIES OR CONDITIONS OF ANY KIND, either express or implied. See
 * the License for the specific language governing permissions and limitations under the License.
 */"
code_review,huggingface,v4_persona,doc_generation,ReactiveX/RxJava,code_review:b9f97b4a40,0.0381,0.0381,0.0003,0.0406,0.7746,0.1261,"/**
 * Creates a new instance of <code>CompletableSubject</code>.
 * 
 * @return a new <code>CompletableSubject</code> instance
 */","/**
 * Copyright 2016 Netflix, Inc.
 *
 * Licensed under the Apache License, Version 2.0 (the ""License""); you may not use this file except in
 * compliance with the License. You may obtain a copy of the License at
 *
 * http://www.apache.org/licenses/LICENSE-2.0
 *
 * Unless required by applicable law or agreed to in writing, software distributed under the License is
 * distributed on an ""AS IS"" BASIS, WITHOUT WARRANTIES OR CONDITIONS OF ANY KIND, either express or implied. See
 * the License for the specific language governing permissions and limitations under the License.
 */"
code_review,qwen_coder,v4_persona,doc_generation,ReactiveX/RxJava,code_review:b9f97b4a40,0.06,0.04,0.0001,0.0349,0.779,0.1025,"java
/**
 * Creates and returns a new instance of {@link CompletableSubject}.
 */","/**
 * Copyright 2016 Netflix, Inc.
 *
 * Licensed under the Apache License, Version 2.0 (the ""License""); you may not use this file except in
 * compliance with the License. You may obtain a copy of the License at
 *
 * http://www.apache.org/licenses/LICENSE-2.0
 *
 * Unless required by applicable law or agreed to in writing, software distributed under the License is
 * distributed on an ""AS IS"" BASIS, WITHOUT WARRANTIES OR CONDITIONS OF ANY KIND, either express or implied. See
 * the License for the specific language governing permissions and limitations under the License.
 */"
code_review,groq,v5_cognitive,doc_generation,ReactiveX/RxJava,code_review:b9f97b4a40,0.1899,0.1341,0.0077,0.1011,0.7788,0.0463,"(1) The single responsibility of this method is to create and return a new instance of `CompletableSubject`.

(2) The parameter is none, as this method does not take any parameters. It represents a method that creates a new instance of `CompletableSubject` without any input.

(3) This method returns a `CompletableSubject` instance. It does not throw any exceptions under normal circumstances, as it simply creates a new instance of `CompletableSubject` without any error handling.

/** 
 * Creates and returns a new instance of {@link CompletableSubject}.
 * 
 * @return a new instance of {@link CompletableSubject}
 */","/**
 * Copyright 2016 Netflix, Inc.
 *
 * Licensed under the Apache License, Version 2.0 (the ""License""); you may not use this file except in
 * compliance with the License. You may obtain a copy of the License at
 *
 * http://www.apache.org/licenses/LICENSE-2.0
 *
 * Unless required by applicable law or agreed to in writing, software distributed under the License is
 * distributed on an ""AS IS"" BASIS, WITHOUT WARRANTIES OR CONDITIONS OF ANY KIND, either express or implied. See
 * the License for the specific language governing permissions and limitations under the License.
 */"
code_review,groq,v1_minimal,doc_generation,vaticle/typedb,code_review:0eae1ce0ac,0.0,0.0,0.0063,0.123,0.7977,-0.0322,"java
/**
 * Creates a new instance of an UndefineQueryImpl.
 *
 * @param varPatterns The list of variable patterns to be undefined.
 * @param tx The transaction in which the query will be executed, or null if the query will be executed outside of a transaction.
 * @return A new instance of an UndefineQueryImpl.
 */
static UndefineQueryImpl of(ImmutableList<VarPatternAdmin> varPatterns, @Nullable GraknTx tx) {
    return new AutoValue_UndefineQueryImpl(varPatterns, tx);
}","/**
 * @author Felix Chapman
 */"
code_review,groq,v2_structured,doc_generation,vaticle/typedb,code_review:0eae1ce0ac,0.0,0.0,0.007,0.1304,0.8157,0.0289,"java
/**
 * Creates a new instance of {@link UndefineQueryImpl} based on the provided variable patterns and transaction.
 * 
 * @param varPatterns The variable patterns to be undefined in the query.
 * @param tx The transaction in which the query will be executed. May be null if the query is not transactional.
 * @return A new instance of {@link UndefineQueryImpl}.
 */","/**
 * @author Felix Chapman
 */"
code_review,groq,v3_template,doc_generation,vaticle/typedb,code_review:0eae1ce0ac,0.0,0.0,0.0111,0.1613,0.8224,0.0461,"/**
 * Creates a new instance of UndefineQueryImpl.
 * @param varPatterns A list of variable patterns to be undefined.
 * @param tx The transaction in which the query will be executed.
 * @return A new instance of UndefineQueryImpl.
 */","/**
 * @author Felix Chapman
 */"
code_review,huggingface,v3_template,doc_generation,vaticle/typedb,code_review:0eae1ce0ac,0.0,0.0,0.0094,0.15,0.8118,0.0422,"Here is the filled template:

/**
 * Creates a new UndefineQueryImpl instance with the given var patterns and transaction.
 * @param varPatterns a list of var patterns
 * @param tx the transaction
 * @return a new UndefineQueryImpl instance
 * @throws NullPointerException if tx is null
 */","/**
 * @author Felix Chapman
 */"
code_review,qwen_coder,v3_template,doc_generation,vaticle/typedb,code_review:0eae1ce0ac,0.0,0.0,0.009,0.1471,0.8157,0.0283,"/**
 * Constructs a new instance of `UndefineQueryImpl` using the provided variable patterns and transaction.
 * @param varPatterns List of variable patterns to be undefined in the query.
 * @param tx Optional transaction context in which the query will run.
 * @return A new instance of `UndefineQueryImpl`.
 */","/**
 * @author Felix Chapman
 */"
code_review,groq,v4_persona,doc_generation,vaticle/typedb,code_review:0eae1ce0ac,0.0,0.0,0.0098,0.1531,0.8243,0.0173,"/**
 * Creates a new instance of UndefineQueryImpl with the given var patterns and transaction.
 * 
 * @param varPatterns the var patterns to be used in the query
 * @param tx the transaction, or null if none
 * @return a new UndefineQueryImpl instance
 */","/**
 * @author Felix Chapman
 */"
code_review,huggingface,v4_persona,doc_generation,vaticle/typedb,code_review:0eae1ce0ac,0.0,0.0,0.0117,0.1648,0.8045,-0.0057,"/**
 * Creates a new instance of <code>UndefineQueryImpl</code> with the given
 * <code>varPatterns</code> and <code>tx</code>.
 * 
 * @param varPatterns a list of variable patterns
 * @param tx the transaction
 * @return a new instance of <code>UndefineQueryImpl</code>
 */","/**
 * @author Felix Chapman
 */"
code_review,qwen_coder,v4_persona,doc_generation,vaticle/typedb,code_review:0eae1ce0ac,0.0,0.0,0.0074,0.1339,0.7925,0.0289,"java
/**
 * Creates an instance of {@link UndefineQueryImpl}.
 *
 * @param varPatterns The list of variable patterns to be undefined.
 * @param tx          A transaction object, may be null if not applicable.
 * @return An {@link UndefineQueryImpl} instance initialized with the provided parameters.
 */
static UndefineQueryImpl of(ImmutableList<VarPatternAdmin> varPatterns, @Nullable GraknTx tx) {
    return new AutoValue_UndefineQueryImpl(varPatterns, tx);
}","/**
 * @author Felix Chapman
 */"
code_review,groq,v5_cognitive,doc_generation,vaticle/typedb,code_review:0eae1ce0ac,0.0,0.0,0.0026,0.0694,0.7882,-0.039,"(1) The single responsibility of this method is to create an instance of `UndefineQueryImpl` based on the provided parameters.

(2) 
- `varPatterns`: This parameter represents a list of variable patterns that will be used to define the query. It is an `ImmutableList` of `VarPatternAdmin` objects.
- `tx`: This parameter represents the transaction in which the query will be executed. It is an optional `GraknTx` object.

(3) 
- The method returns an instance of `UndefineQueryImpl`.
- It does not explicitly throw any exceptions, but it may throw an exception if the `tx` parameter is null and the method is not designed to handle null transactions.

/** 
 * Creates a new instance of UndefineQueryImpl based on the provided variable patterns and transaction.
 * 
 * @param varPatterns a list of variable patterns that will be used to define the query
 * @param tx the transaction in which the query will be executed, or null if not applicable
 * @return a new instance of UndefineQueryImpl
 */","/**
 * @author Felix Chapman
 */"
code_review,huggingface,v5_cognitive,doc_generation,vaticle/typedb,code_review:0eae1ce0ac,0.0,0.0,0.003,0.0765,0.7788,-0.0241,"Here are the sub-answers:

(1) The single responsibility of this method is to create an instance of `UndefineQueryImpl` with the given parameters.

(2) The parameters are:
- `varPatterns`: an immutable list of `VarPatternAdmin` objects, representing the variable patterns to be used in the query.
- `tx`: a `GraknTx` object, representing the transaction to be used for the query.

(3) The method returns an instance of `UndefineQueryImpl`, which is a specific implementation of the `UndefineQuery` interface. It throws no exceptions under any conditions.

And here is the final Javadoc block:

/**
 * Creates an instance of <code>UndefineQueryImpl</code> with the given parameters.
 * 
 * @param varPatterns an immutable list of <code>VarPatternAdmin</code> objects, representing the variable patterns to be used in the query.
 * @param tx a <code>GraknTx</code> object, representing the transaction to be used for the query.
 * @return an instance of <code>UndefineQueryImpl</code>.
 */","/**
 * @author Felix Chapman
 */"
code_review,qwen_coder,v5_cognitive,doc_generation,vaticle/typedb,code_review:0eae1ce0ac,0.0,0.0,0.0059,0.119,0.7968,-0.033,"java
/**
 * Creates and returns an instance of {@code UndefineQueryImpl}.
 *
 * @param varPatterns An immutable list of variable patterns to be undefined.
 * @param tx The Grakn transaction in which the query will be executed, or null if running in local mode.
 * @return A new instance of {@code UndefineQueryImpl} configured with the specified parameters.
 */
public static UndefineQueryImpl of(ImmutableList<VarPatternAdmin> varPatterns, @Nullable GraknTx tx) {
    return new AutoValue_UndefineQueryImpl(varPatterns, tx);
}","/**
 * @author Felix Chapman
 */"
code_review,groq,v1_minimal,doc_generation,apache/pulsar,code_review:6062bcb471,0.2759,0.2299,0.0715,0.3118,0.8457,0.5565,"java
/**
 * Reads a value of type T from the given byte array.
 * 
 * This method is a convenience wrapper around the {@link #read(byte[], int, int)} method,
 * which reads from the entire byte array.
 * 
 * @param bytes the byte array to read from
 * @return a value of type T read from the byte array
 */
default T read(byte[] bytes) {
    return read(bytes, 0, bytes.length);
}","    /**
     * serialize bytes convert pojo
     *
     * @param bytes the data
     * @param offset the byte[] initial position
     * @param length the byte[] read length
     * @return the serialized object
     */"
code_review,huggingface,v1_minimal,doc_generation,apache/pulsar,code_review:6062bcb471,0.234,0.2128,0.0706,0.3182,0.834,0.5789,"Here is the Javadoc for the given Java code:

/**
 * Reads a value of type T from the given byte array.
 * 
 * This method is a convenience method that calls the read method with the given byte array, 
 * starting from the beginning of the array and reading until the end of the array.
 * 
 * @param bytes the byte array to read from
 * @return the value of type T read from the byte array
 */","    /**
     * serialize bytes convert pojo
     *
     * @param bytes the data
     * @param offset the byte[] initial position
     * @param length the byte[] read length
     * @return the serialized object
     */"
code_review,qwen_coder,v1_minimal,doc_generation,apache/pulsar,code_review:6062bcb471,0.183,0.1569,0.0272,0.2632,0.8239,0.5132,"Certainly! Here is the Javadoc comment for your Java method `read`:

```java
/**
 * Reads data from a byte array and returns an object of type T.
 *
 * @param bytes The byte array containing the data to be read.
 * @return An object of type T parsed from the byte array.
 */
default T read(byte[] bytes) {
    return read(bytes, 0, bytes.length);
}
```

This comment describes what the method does, its parameters, and the return value. It follows standard Javadoc format, which includes:
- A description of the method.
- A list of its parameters annotated with their types.
- The return value annotation of the method's result.

The `@deprecated` or `@since` tags can also be added if appropriate, but in this case, the comment focuses on providing information about the method's purpose and usage.","    /**
     * serialize bytes convert pojo
     *
     * @param bytes the data
     * @param offset the byte[] initial position
     * @param length the byte[] read length
     * @return the serialized object
     */"
code_review,groq,v2_structured,doc_generation,apache/pulsar,code_review:6062bcb471,0.2857,0.2198,0.0777,0.3369,0.8377,0.6123,"/**
 * Reads a value of type T from the given byte array, starting from the specified offset and reading up to the end of the array.
 * 
 * @param bytes the byte array to read from
 * @return the value of type T read from the byte array
 * @throws IndexOutOfBoundsException if the offset or length is invalid
 * @throws IOException if an I/O error occurs while reading from the byte array
 */","    /**
     * serialize bytes convert pojo
     *
     * @param bytes the data
     * @param offset the byte[] initial position
     * @param length the byte[] read length
     * @return the serialized object
     */"
code_review,huggingface,v2_structured,doc_generation,apache/pulsar,code_review:6062bcb471,0.3509,0.3158,0.1375,0.3402,0.8424,0.5982,"Here is the complete Javadoc for the given method:

```java
/**
 * Reads a value of type T from the given byte array.
 * 
 * @param bytes the byte array to read from
 * @return the read value
 */
```","    /**
     * serialize bytes convert pojo
     *
     * @param bytes the data
     * @param offset the byte[] initial position
     * @param length the byte[] read length
     * @return the serialized object
     */"
code_review,qwen_coder,v2_structured,doc_generation,apache/pulsar,code_review:6062bcb471,0.4444,0.3175,0.131,0.3691,0.8551,0.6578,"java
/**
 * Reads data from a byte array into the current object.
 *
 * @param bytes the byte array containing the data to read.
 * @return the object with the data populated.
 */
default T read(byte[] bytes) {
    return read(bytes, 0, bytes.length);
}","    /**
     * serialize bytes convert pojo
     *
     * @param bytes the data
     * @param offset the byte[] initial position
     * @param length the byte[] read length
     * @return the serialized object
     */"
code_review,groq,v3_template,doc_generation,apache/pulsar,code_review:6062bcb471,0.3462,0.3077,0.1266,0.2615,0.8351,0.575,"/**
 * Reads the given bytes into a value of type T.
 * @param bytes the bytes to read
 * @return the read value
 * @throws IOException if an I/O error occurs
 */","    /**
     * serialize bytes convert pojo
     *
     * @param bytes the data
     * @param offset the byte[] initial position
     * @param length the byte[] read length
     * @return the serialized object
     */"
code_review,huggingface,v3_template,doc_generation,apache/pulsar,code_review:6062bcb471,0.3929,0.2857,0.1092,0.2301,0.8294,0.5384,"Here is the filled template:

/**
 * Reads a value from a byte array.
 * @param bytes the byte array to read from
 * @return the read value
 * @throws NullPointerException if the byte array is null
 */","    /**
     * serialize bytes convert pojo
     *
     * @param bytes the data
     * @param offset the byte[] initial position
     * @param length the byte[] read length
     * @return the serialized object
     */"
code_review,qwen_coder,v3_template,doc_generation,apache/pulsar,code_review:6062bcb471,0.4167,0.2778,0.0327,0.3576,0.8329,0.7584,"/**
 * Reads an object of type T from the provided byte array, starting at the specified offset and length.
 * @param bytes The byte array containing the data to be read.
 * @return The deserialized object of type T.
 * @throws IOException If an I/O error occurs during the serialization process.
 */","    /**
     * serialize bytes convert pojo
     *
     * @param bytes the data
     * @param offset the byte[] initial position
     * @param length the byte[] read length
     * @return the serialized object
     */"
code_review,groq,v4_persona,doc_generation,apache/pulsar,code_review:6062bcb471,0.3704,0.3333,0.1535,0.3444,0.8518,0.6164,"/**
 * Reads a value of type T from the specified byte array, using the entire array as the input.
 * 
 * @param bytes the byte array to read from
 * @return the read value
 */","    /**
     * serialize bytes convert pojo
     *
     * @param bytes the data
     * @param offset the byte[] initial position
     * @param length the byte[] read length
     * @return the serialized object
     */"
code_review,huggingface,v4_persona,doc_generation,apache/pulsar,code_review:6062bcb471,0.4651,0.4186,0.1704,0.3565,0.8645,0.6699,"/**
 * Reads data from the given byte array.
 * 
 * @param bytes the byte array to read from
 * @return the read value
 */","    /**
     * serialize bytes convert pojo
     *
     * @param bytes the data
     * @param offset the byte[] initial position
     * @param length the byte[] read length
     * @return the serialized object
     */"
code_review,qwen_coder,v4_persona,doc_generation,apache/pulsar,code_review:6062bcb471,0.4615,0.3385,0.0843,0.364,0.8426,0.6763,"java
/**
 * Reads the data from the provided byte array starting at offset 0 to the length of the array.
 *
 * @param bytes The byte array containing the data to be read.
 * @return The object representing the data read from the byte array.
 */","    /**
     * serialize bytes convert pojo
     *
     * @param bytes the data
     * @param offset the byte[] initial position
     * @param length the byte[] read length
     * @return the serialized object
     */"
code_review,groq,v5_cognitive,doc_generation,apache/pulsar,code_review:6062bcb471,0.1719,0.1719,0.0488,0.2804,0.8206,0.5007,"(1) The single responsibility of this method is to read a value of type T from a byte array.

(2) The parameter 'bytes' represents the byte array from which to read the value, and it is an array of bytes.

(3) The method returns the value of type T read from the byte array. It does not throw any exceptions, as it calls another method 'read' which presumably handles any potential errors.

/** 
 * Reads a value of type T from a byte array.
 * 
 * @param bytes the byte array from which to read the value
 * @return the value of type T read from the byte array
 */","    /**
     * serialize bytes convert pojo
     *
     * @param bytes the data
     * @param offset the byte[] initial position
     * @param length the byte[] read length
     * @return the serialized object
     */"
code_review,groq,v1_minimal,doc_generation,googleapis/google-cloud-java,code_review:fbd32ba2f2,0.2885,0.1923,0.0103,0.2064,0.8391,0.7285,"Here's the Javadoc for the given Java code:

```java
/**
 * Constructs a new RowMutation instance.
 * 
 * @param tableId  the ID of the table where the mutation will be applied
 * @param key      the key of the row where the mutation will be applied
 * @param mutation the mutation to be applied to the row
 */
private RowMutation(String tableId, ByteString key, Mutation mutation) {
    this.tableId = tableId;
    this.key = key;
    this.mutation = mutation;
}
```","  /**
   * Creates new instance of mutation builder by wrapping existing mutation builder.
   *
   * <p>Sample code:
   *
   * <pre><code>
   * Mutation mutation = Mutation.create()
   *     .setCell(""[FAMILY_NAME]"", ""[QUALIFIER]"", [TIMESTAMP], ""[VALUE]"");
   * RowMutation rowMutation = RowMutation.create(""[TABLE]"", ""[ROW_KEY]"", mutation);
   * </code></pre>
   */"
code_review,groq,v2_structured,doc_generation,googleapis/google-cloud-java,code_review:fbd32ba2f2,0.3043,0.2174,0.012,0.2005,0.8437,0.744,"java
/**
 * Constructs a new RowMutation instance.
 * 
 * @param tableId the ID of the table where the mutation will be applied
 * @param key the key of the row to be mutated
 * @param mutation the mutation to be applied to the row
 */
private RowMutation(String tableId, ByteString key, Mutation mutation) {
    this.tableId = tableId;
    this.key = key;
    this.mutation = mutation;
}","  /**
   * Creates new instance of mutation builder by wrapping existing mutation builder.
   *
   * <p>Sample code:
   *
   * <pre><code>
   * Mutation mutation = Mutation.create()
   *     .setCell(""[FAMILY_NAME]"", ""[QUALIFIER]"", [TIMESTAMP], ""[VALUE]"");
   * RowMutation rowMutation = RowMutation.create(""[TABLE]"", ""[ROW_KEY]"", mutation);
   * </code></pre>
   */"
code_review,groq,v3_template,doc_generation,googleapis/google-cloud-java,code_review:fbd32ba2f2,0.2353,0.1412,0.0108,0.1566,0.814,0.7093,"java
/**
 * Constructs a RowMutation object with the given table ID, key, and mutation.
 * @param tableId The ID of the table where the mutation will be applied.
 * @param key The key of the row where the mutation will be applied.
 * @param mutation The mutation to be applied to the row.
 */","  /**
   * Creates new instance of mutation builder by wrapping existing mutation builder.
   *
   * <p>Sample code:
   *
   * <pre><code>
   * Mutation mutation = Mutation.create()
   *     .setCell(""[FAMILY_NAME]"", ""[QUALIFIER]"", [TIMESTAMP], ""[VALUE]"");
   * RowMutation rowMutation = RowMutation.create(""[TABLE]"", ""[ROW_KEY]"", mutation);
   * </code></pre>
   */"
code_review,huggingface,v3_template,doc_generation,googleapis/google-cloud-java,code_review:fbd32ba2f2,0.2597,0.1558,0.0273,0.1716,0.8091,0.7066,"Here is the filled template:

/**
 * Creates a new RowMutation object with the given table ID, key, and mutation.
 * @param tableId the ID of the table
 * @param key the key of the row
 * @param mutation the mutation to be applied
 * @throws Exception
 */","  /**
   * Creates new instance of mutation builder by wrapping existing mutation builder.
   *
   * <p>Sample code:
   *
   * <pre><code>
   * Mutation mutation = Mutation.create()
   *     .setCell(""[FAMILY_NAME]"", ""[QUALIFIER]"", [TIMESTAMP], ""[VALUE]"");
   * RowMutation rowMutation = RowMutation.create(""[TABLE]"", ""[ROW_KEY]"", mutation);
   * </code></pre>
   */"
code_review,qwen_coder,v3_template,doc_generation,googleapis/google-cloud-java,code_review:fbd32ba2f2,0.2368,0.1579,0.0132,0.1601,0.818,0.7724,"/**
 * Constructs a new RowMutation object.
 * @param tableId The identifier of the table where the mutation will be applied.
 * @param key The row key identifying the specific row in the table.
 * @param mutation The mutation operations performed on the specified row.
 */","  /**
   * Creates new instance of mutation builder by wrapping existing mutation builder.
   *
   * <p>Sample code:
   *
   * <pre><code>
   * Mutation mutation = Mutation.create()
   *     .setCell(""[FAMILY_NAME]"", ""[QUALIFIER]"", [TIMESTAMP], ""[VALUE]"");
   * RowMutation rowMutation = RowMutation.create(""[TABLE]"", ""[ROW_KEY]"", mutation);
   * </code></pre>
   */"
code_review,groq,v4_persona,doc_generation,googleapis/google-cloud-java,code_review:fbd32ba2f2,0.3373,0.2169,0.0299,0.2161,0.8218,0.7815,"/**
 * Initializes a new instance of <code>RowMutation</code> with the specified table ID, key, and mutation.
 *
 * @param tableId the ID of the table that the mutation applies to
 * @param key the key of the row being mutated
 * @param mutation the mutation to be applied to the row
 */","  /**
   * Creates new instance of mutation builder by wrapping existing mutation builder.
   *
   * <p>Sample code:
   *
   * <pre><code>
   * Mutation mutation = Mutation.create()
   *     .setCell(""[FAMILY_NAME]"", ""[QUALIFIER]"", [TIMESTAMP], ""[VALUE]"");
   * RowMutation rowMutation = RowMutation.create(""[TABLE]"", ""[ROW_KEY]"", mutation);
   * </code></pre>
   */"
code_review,huggingface,v4_persona,doc_generation,googleapis/google-cloud-java,code_review:fbd32ba2f2,0.2892,0.2169,0.0293,0.2273,0.8257,0.7392,"/**
 * Initializes a new instance of the RowMutation class with the specified table ID, key, and mutation.
 * 
 * @param tableId the ID of the table associated with this row mutation
 * @param key the key associated with this row mutation
 * @param mutation the mutation to be applied to the row
 */","  /**
   * Creates new instance of mutation builder by wrapping existing mutation builder.
   *
   * <p>Sample code:
   *
   * <pre><code>
   * Mutation mutation = Mutation.create()
   *     .setCell(""[FAMILY_NAME]"", ""[QUALIFIER]"", [TIMESTAMP], ""[VALUE]"");
   * RowMutation rowMutation = RowMutation.create(""[TABLE]"", ""[ROW_KEY]"", mutation);
   * </code></pre>
   */"
code_review,qwen_coder,v4_persona,doc_generation,googleapis/google-cloud-java,code_review:fbd32ba2f2,0.2857,0.2041,0.0232,0.2305,0.8429,0.7303,"java
/**
 * Constructs a new instance of RowMutation with the specified parameters.
 *
 * @param tableId The ID of the table to which the row modification applies.
 * @param key     The unique key identifying the row to be mutated.
 * @param mutation The mutation operations to apply to the row.
 */
private RowMutation(String tableId, ByteString key, Mutation mutation) {
    this.tableId = tableId;
    this.key = key;
    this.mutation = mutation;
}","  /**
   * Creates new instance of mutation builder by wrapping existing mutation builder.
   *
   * <p>Sample code:
   *
   * <pre><code>
   * Mutation mutation = Mutation.create()
   *     .setCell(""[FAMILY_NAME]"", ""[QUALIFIER]"", [TIMESTAMP], ""[VALUE]"");
   * RowMutation rowMutation = RowMutation.create(""[TABLE]"", ""[ROW_KEY]"", mutation);
   * </code></pre>
   */"
code_review,groq,v5_cognitive,doc_generation,googleapis/google-cloud-java,code_review:fbd32ba2f2,0.1368,0.1053,0.0043,0.1518,0.8042,0.6349,"(1) The single responsibility of this method is to initialize a RowMutation object with the given parameters.

(2) 
- `tableId`: This represents the ID of the table where the mutation will be applied.
- `key`: This represents the key of the row in the table where the mutation will be applied.
- `mutation`: This represents the actual mutation to be applied to the row.

(3)
- It returns nothing (void), meaning it does not have a return value.
- It does not throw any exceptions, but it may throw a NullPointerException if any of the parameters are null.

/** 
 * Initializes a RowMutation object with the given table ID, key, and mutation.
 * 
 * @param tableId The ID of the table where the mutation will be applied.
 * @param key The key of the row in the table where the mutation will be applied.
 * @param mutation The actual mutation to be applied to the row.
 * @throws NullPointerException if any of the parameters are null.
 */","  /**
   * Creates new instance of mutation builder by wrapping existing mutation builder.
   *
   * <p>Sample code:
   *
   * <pre><code>
   * Mutation mutation = Mutation.create()
   *     .setCell(""[FAMILY_NAME]"", ""[QUALIFIER]"", [TIMESTAMP], ""[VALUE]"");
   * RowMutation rowMutation = RowMutation.create(""[TABLE]"", ""[ROW_KEY]"", mutation);
   * </code></pre>
   */"
code_review,huggingface,v5_cognitive,doc_generation,googleapis/google-cloud-java,code_review:fbd32ba2f2,0.1566,0.1325,0.0056,0.1503,0.8035,0.6446,"Here are the sub-answers:

(1) The single responsibility of this method is to initialize a RowMutation object with the given parameters.

(2) The parameters are:
- `tableId`: The ID of the table associated with the row mutation.
- `key`: The key of the row being mutated.
- `mutation`: The type of mutation being performed on the row.

(3) The method returns `void`, as it only initializes the object and does not return any value. It throws no exceptions, as it is a simple constructor method.

And here is the final Javadoc block:

/**
 * Initializes a RowMutation object with the given parameters.
 * 
 * @param tableId The ID of the table associated with the row mutation.
 * @param key The key of the row being mutated.
 * @param mutation The type of mutation being performed on the row.
 */","  /**
   * Creates new instance of mutation builder by wrapping existing mutation builder.
   *
   * <p>Sample code:
   *
   * <pre><code>
   * Mutation mutation = Mutation.create()
   *     .setCell(""[FAMILY_NAME]"", ""[QUALIFIER]"", [TIMESTAMP], ""[VALUE]"");
   * RowMutation rowMutation = RowMutation.create(""[TABLE]"", ""[ROW_KEY]"", mutation);
   * </code></pre>
   */"
code_review,qwen_coder,v5_cognitive,doc_generation,googleapis/google-cloud-java,code_review:fbd32ba2f2,0.2545,0.1818,0.0201,0.2357,0.839,0.7376,"java
/**
 * Initializes a new instance of the RowMutation class with the specified table ID, row key, and mutation.
 *
 * @param tableId   The ID of the table to which the mutation should be applied.
 * @param key       The unique key identifying the row within the table.
 * @param mutation  The mutation that describes the changes to be made to the row.
 */
private RowMutation(String tableId, ByteString key, Mutation mutation) {
    this.tableId = tableId;
    this.key = key;
    this.mutation = mutation;
}","  /**
   * Creates new instance of mutation builder by wrapping existing mutation builder.
   *
   * <p>Sample code:
   *
   * <pre><code>
   * Mutation mutation = Mutation.create()
   *     .setCell(""[FAMILY_NAME]"", ""[QUALIFIER]"", [TIMESTAMP], ""[VALUE]"");
   * RowMutation rowMutation = RowMutation.create(""[TABLE]"", ""[ROW_KEY]"", mutation);
   * </code></pre>
   */"
code_review,groq,v1_minimal,doc_generation,VoltDB/voltdb,code_review:df61f7404e,0.0672,0.0522,0.0038,0.1064,0.8383,0.2186,"java
/**
 * Verifies that the provided credentials are always the same.
 * 
 * This method checks if the username and hashed password match the stored credentials.
 * If the credentials have not been set yet, it sets them and returns true.
 * 
 * @param username the username to verify
 * @param hashedPassword the hashed password to verify
 * @return true if the credentials are valid, false otherwise
 */
private boolean verifyCredentialsAreAlwaysTheSame(String username, byte[] hashedPassword) {
    assert(username != null);
    m_credentialComparisonLock.lock();
    try {
        /**
         * If the credentials have not been set yet, set them and return true.
         */
        if (m_credentialsSet == false) {
            m_credentialsSet = true;
            m_createConnectionUsername = username;
            if (hashedPassword != null) {
                /**
                 * Copy the hashed password to ensure it is not modified.
                 */
                m_hashedPassword = Arrays.copyOf(hashedPassword, hashedPassword.length);
                /**
                 * Calculate the hash code of the hashed password.
                 */
                m_passwordHashCode = Arrays.hashCode(hashedPassword);
            }
            return true;
        } else {
            /**
             * If the username does not match the stored username, return false.
             */
            if (!m_createConnectionUsername.equals(username)) return false;
            /**
             * If the hashed password is null, check if the stored hashed password is also null.
             */
            if (hashedPassword == null)
                return m_hashedPassword == null;
            /**
             * If the hashed password is not null, compare it with the stored hashed password.
             */
            else
                for (int i = 0; i < hashedPassword.length; i++)
                    if (hashedPassword[i] != m_hashedPassword[i])
                        return false;
            return true;
        }
    } finally {
        /**
         * Release the lock after the operation is complete.
         */
        m_credentialComparisonLock.unlock();
    }
}","    /**
     * Synchronously invoke a procedure call blocking until a result is available.
     * @param batchTimeout procedure invocation batch timeout.
     * @param procName class name (not qualified by package) of the procedure to execute.
     * @param parameters vararg list of procedure's parameter values.
     * @return array of VoltTable results.
     * @throws org.voltdb.client.ProcCallException
     * @throws NoConnectionsException
     */"
code_review,huggingface,v1_minimal,doc_generation,VoltDB/voltdb,code_review:df61f7404e,0.0783,0.0609,0.0047,0.1133,0.8402,0.2292,"Here is the Javadoc for the given Java code:

/**
 * Verifies that the provided credentials (username and hashed password) are always the same.
 * 
 * @param username the username to verify
 * @param hashedPassword the hashed password to verify
 * @return true if the credentials are always the same, false otherwise
 * @throws AssertionError if the username is null
 */
private boolean verifyCredentialsAreAlwaysTheSame(String username, byte[] hashedPassword) {
    /**
     * Asserts that the username is not null.
     */
    assert(username != null);

    /**
     * Locks the credential comparison lock.
     */
    m_credentialComparisonLock.lock();

    try {
        /**
         * If the credentials set is not set, sets it and stores the username and hashed password.
         */
        if (m_credentialsSet == false) {
            m_credentialsSet = true;
            m_createConnectionUsername = username;
            if (hashedPassword != null) {
                m_hashedPassword = Arrays.copyOf(hashedPassword, hashedPassword.length);
                m_passwordHashCode = Arrays.hashCode(hashedPassword);
            }
            return true;
        } else {
            /**
             * If the credentials set is set, checks if the username and hashed password match.
             */
            if (!m_createConnectionUsername.equals(username)) return false;
            if (hashedPassword == null)
                return m_hashedPassword == null;
            else
                for (int i = 0; i < hashedPassword.length; i++)
                    if (hashedPassword[i] != m_hashedPassword[i])
                        return false;
            return true;
        }
    } finally {
        /**
         * Unlocks the credential comparison lock.
         */
        m_credentialComparisonLock.unlock();
    }
}","    /**
     * Synchronously invoke a procedure call blocking until a result is available.
     * @param batchTimeout procedure invocation batch timeout.
     * @param procName class name (not qualified by package) of the procedure to execute.
     * @param parameters vararg list of procedure's parameter values.
     * @return array of VoltTable results.
     * @throws org.voltdb.client.ProcCallException
     * @throws NoConnectionsException
     */"
code_review,qwen_coder,v1_minimal,doc_generation,VoltDB/voltdb,code_review:df61f7404e,0.0955,0.0716,0.0033,0.2056,0.8282,0.1865,"Certainly! Below is the Javadoc for the provided Java method:

```java
/**
 * Verifies that the given credentials (username and hashed password) are always the same.
 *
 * @param username the username to be verified
 * @param hashedPassword the hashed password to be verified
 * @return {@code true} if the credentials match the previously set ones or if they are being set for the first time,
 *         {@code false} otherwise
 * @throws AssertionError if the username is {@code null}
 */
private boolean verifyCredentialsAreAlwaysTheSame(String username, byte[] hashedPassword) {
    assert(username != null); // Ensures the username is not null
    m_credentialComparisonLock.lock(); // Acquires the lock for credential comparison
    try {
        if (m_credentialsSet == false) { // First time setting the credentials
            m_credentialsSet = true; // Set credentials as being used
            m_createConnectionUsername = username; // Store the username

            if (hashedPassword != null) { // If a non-null hashed password is provided
                m_hashedPassword = Arrays.copyOf(hashedPassword, hashedPassword.length); // Clone the hashed password
                m_passwordHashCode = Arrays.hashCode(hashedPassword); // Calculate and store its hash code
            }

            return true; // Return true indicating that credentials are acceptable
        } else { // Subsequent verification of credentials
            if (!m_createConnectionUsername.equals(username)) return false; // Check if usernames match

            if (hashedPassword == null) {
                return m_hashedPassword == null; // Both passwords null, credentials match
            } else {
                for (int i = 0; i < hashedPassword.length; i++) {
                    if (hashedPassword[i] != m_hashedPassword[i]) return false; // Compare each byte of the hashed passwords
                }
                return true; // Return true if all bytes match
            }
        }
    } finally {
        m_credentialComparisonLock.unlock(); // Ensures the lock is released after operation, even in case of an exception
    }
}
```

### Explanation:
- **@param**: Describes the input parameters of the method.
- **@return**: Explains what the method returns.
- **@throws**: Document any exceptions that might be thrown. In this case, it throws `AssertionError` if `username` is `null`.
- **assert**: The assertion ensures that the username is not `null`.
- **m_credential","    /**
     * Synchronously invoke a procedure call blocking until a result is available.
     * @param batchTimeout procedure invocation batch timeout.
     * @param procName class name (not qualified by package) of the procedure to execute.
     * @param parameters vararg list of procedure's parameter values.
     * @return array of VoltTable results.
     * @throws org.voltdb.client.ProcCallException
     * @throws NoConnectionsException
     */"
code_review,groq,v2_structured,doc_generation,VoltDB/voltdb,code_review:df61f7404e,0.092,0.069,0.0072,0.1482,0.8342,0.2259,"java
/**
 * Verifies that the provided credentials are always the same as the stored credentials.
 * 
 * @param username the username to verify
 * @param hashedPassword the hashed password to verify
 * @return true if the credentials are the same, false otherwise
 * @throws AssertionError if the username is null
 */
private boolean verifyCredentialsAreAlwaysTheSame(String username, byte[] hashedPassword) {
    assert(username != null);
    m_credentialComparisonLock.lock();
    try {
        if (m_credentialsSet == false) {
            m_credentialsSet = true;
            m_createConnectionUsername = username;
            if (hashedPassword != null) {
                m_hashedPassword = Arrays.copyOf(hashedPassword, hashedPassword.length);
                m_passwordHashCode = Arrays.hashCode(hashedPassword);
            }
            return true;
        }
        else {
            if (!m_createConnectionUsername.equals(username)) return false;
            if (hashedPassword == null)
                return m_hashedPassword == null;
            else
                for (int i = 0; i < hashedPassword.length; i++)
                    if (hashedPassword[i] != m_hashedPassword[i])
                        return false;
            return true;
        }
    } finally {
        m_credentialComparisonLock.unlock();
    }
}","    /**
     * Synchronously invoke a procedure call blocking until a result is available.
     * @param batchTimeout procedure invocation batch timeout.
     * @param procName class name (not qualified by package) of the procedure to execute.
     * @param parameters vararg list of procedure's parameter values.
     * @return array of VoltTable results.
     * @throws org.voltdb.client.ProcCallException
     * @throws NoConnectionsException
     */"
code_review,huggingface,v2_structured,doc_generation,VoltDB/voltdb,code_review:df61f7404e,0.1386,0.1386,0.0162,0.1581,0.8304,0.1603,"Here is the complete Javadoc for the given method:

```java
/**
 * Verifies that the provided credentials are always the same.
 * 
 * @param username the username to verify
 * @param hashedPassword the hashed password to verify
 * @return true if the credentials are always the same, false otherwise
 * @throws AssertionError if the username is null
 */
```","    /**
     * Synchronously invoke a procedure call blocking until a result is available.
     * @param batchTimeout procedure invocation batch timeout.
     * @param procName class name (not qualified by package) of the procedure to execute.
     * @param parameters vararg list of procedure's parameter values.
     * @return array of VoltTable results.
     * @throws org.voltdb.client.ProcCallException
     * @throws NoConnectionsException
     */"
code_review,qwen_coder,v2_structured,doc_generation,VoltDB/voltdb,code_review:df61f7404e,0.1273,0.1091,0.0142,0.1648,0.8312,0.1975,"java
/**
 * Verifies if the provided credentials (username and hashed password) are always the same as previously set credentials.
 *
 * @param username The username to be verified.
 * @param hashedPassword The hashed password to be verified.
 * @return {@code true} if the credentials have been successfully compared and match the previous set, otherwise {@code false}.
 * @throws AssertionError If the username is {@code null}.
 */","    /**
     * Synchronously invoke a procedure call blocking until a result is available.
     * @param batchTimeout procedure invocation batch timeout.
     * @param procName class name (not qualified by package) of the procedure to execute.
     * @param parameters vararg list of procedure's parameter values.
     * @return array of VoltTable results.
     * @throws org.voltdb.client.ProcCallException
     * @throws NoConnectionsException
     */"
code_review,groq,v3_template,doc_generation,VoltDB/voltdb,code_review:df61f7404e,0.1556,0.1333,0.0147,0.1344,0.8428,0.2751,"/**
 * Verifies that the provided credentials are always the same as the previously stored credentials.
 * @param username The username to verify.
 * @return True if the credentials are the same, false otherwise.
 * @throws Exception This method does not throw any exceptions.
 */","    /**
     * Synchronously invoke a procedure call blocking until a result is available.
     * @param batchTimeout procedure invocation batch timeout.
     * @param procName class name (not qualified by package) of the procedure to execute.
     * @param parameters vararg list of procedure's parameter values.
     * @return array of VoltTable results.
     * @throws org.voltdb.client.ProcCallException
     * @throws NoConnectionsException
     */"
code_review,huggingface,v3_template,doc_generation,VoltDB/voltdb,code_review:df61f7404e,0.1458,0.1458,0.0168,0.151,0.8349,0.1652,"Here is the filled template:

/**
 * Verifies that the provided credentials are always the same.
 * @param username The username to verify.
 * @param hashedPassword The hashed password to verify.
 * @return true if the credentials are always the same, false otherwise.
 * @throws AssertionError If the username is null.
 */","    /**
     * Synchronously invoke a procedure call blocking until a result is available.
     * @param batchTimeout procedure invocation batch timeout.
     * @param procName class name (not qualified by package) of the procedure to execute.
     * @param parameters vararg list of procedure's parameter values.
     * @return array of VoltTable results.
     * @throws org.voltdb.client.ProcCallException
     * @throws NoConnectionsException
     */"
code_review,qwen_coder,v3_template,doc_generation,VoltDB/voltdb,code_review:df61f7404e,0.1538,0.1319,0.0166,0.1524,0.8325,0.2479,"/**
 * Verifies that the provided credentials match the previously set credentials.
 * @param username The username to verify.
 * @param hashedPassword The hashed password to verify.
 * @return True if the credentials match, false otherwise.
 * @throws NullPointerException If either 'username' or 'hashedPassword' is null.
 */","    /**
     * Synchronously invoke a procedure call blocking until a result is available.
     * @param batchTimeout procedure invocation batch timeout.
     * @param procName class name (not qualified by package) of the procedure to execute.
     * @param parameters vararg list of procedure's parameter values.
     * @return array of VoltTable results.
     * @throws org.voltdb.client.ProcCallException
     * @throws NoConnectionsException
     */"
code_review,groq,v4_persona,doc_generation,VoltDB/voltdb,code_review:df61f7404e,0.112,0.08,0.0105,0.119,0.8289,0.1754,"java
/**
 * Verifies that the provided username and hashed password match the stored credentials.
 * 
 * If the credentials have not been set, this method will set them and return true.
 * If the credentials have already been set, this method will return true if the username and hashed password match the stored values, and false otherwise.
 * 
 * @param username the username to verify
 * @param hashedPassword the hashed password to verify
 * @return true if the credentials match, false otherwise
 */","    /**
     * Synchronously invoke a procedure call blocking until a result is available.
     * @param batchTimeout procedure invocation batch timeout.
     * @param procName class name (not qualified by package) of the procedure to execute.
     * @param parameters vararg list of procedure's parameter values.
     * @return array of VoltTable results.
     * @throws org.voltdb.client.ProcCallException
     * @throws NoConnectionsException
     */"
code_review,huggingface,v4_persona,doc_generation,VoltDB/voltdb,code_review:df61f7404e,0.122,0.122,0.0142,0.1107,0.8331,0.1521,"/**
 * Verifies that the provided credentials are always the same.
 * 
 * @param username the username to verify
 * @param hashedPassword the hashed password to verify
 * @return true if the credentials are valid, false otherwise
 */","    /**
     * Synchronously invoke a procedure call blocking until a result is available.
     * @param batchTimeout procedure invocation batch timeout.
     * @param procName class name (not qualified by package) of the procedure to execute.
     * @param parameters vararg list of procedure's parameter values.
     * @return array of VoltTable results.
     * @throws org.voltdb.client.ProcCallException
     * @throws NoConnectionsException
     */"
code_review,qwen_coder,v4_persona,doc_generation,VoltDB/voltdb,code_review:df61f7404e,0.0855,0.0855,0.0118,0.145,0.8404,0.1579,"java
/**
 * Verifies that the provided credentials (username and hashed password) match the previously set ones.
 * If no credentials have been set yet, it stores the provided credentials.
 *
 * @param username The username to verify or store.
 * @param hashedPassword The hashed password to verify or store.
 * @return {@code true} if the credentials match those stored or if they were successfully stored for the first time,
 *         {@code false} otherwise.
 */","    /**
     * Synchronously invoke a procedure call blocking until a result is available.
     * @param batchTimeout procedure invocation batch timeout.
     * @param procName class name (not qualified by package) of the procedure to execute.
     * @param parameters vararg list of procedure's parameter values.
     * @return array of VoltTable results.
     * @throws org.voltdb.client.ProcCallException
     * @throws NoConnectionsException
     */"
code_review,groq,v5_cognitive,doc_generation,VoltDB/voltdb,code_review:df61f7404e,0.1415,0.0755,0.0061,0.1765,0.8076,0.1866,"(1) The single responsibility of this method is to verify whether the provided username and hashed password match the stored credentials.

(2) 
- `username`: This parameter represents the username to be verified against the stored credentials.
- `hashedPassword`: This parameter represents the hashed password to be verified against the stored hashed password.

(3) 
- The method returns `true` if the provided username and hashed password match the stored credentials, and `false` otherwise.
- It throws no exceptions, but it does throw an `AssertionError` if `username` is `null`, as indicated by the `assert` statement at the beginning of the method.

Here's the final Javadoc block:

```java
/**
 * Verifies whether the provided username and hashed password match the stored credentials.
 * 
 * @param username the username to be verified against the stored credentials
 * @param hashedPassword the hashed password to be verified against the stored hashed password
 * @return true if the provided username and hashed password match the stored credentials, false otherwise
 * @throws AssertionError if the provided username is null
 */","    /**
     * Synchronously invoke a procedure call blocking until a result is available.
     * @param batchTimeout procedure invocation batch timeout.
     * @param procName class name (not qualified by package) of the procedure to execute.
     * @param parameters vararg list of procedure's parameter values.
     * @return array of VoltTable results.
     * @throws org.voltdb.client.ProcCallException
     * @throws NoConnectionsException
     */"
code_review,groq,v1_minimal,doc_generation,realm/realm-java,code_review:6af8103326,0.0222,0.0222,0.0057,0.1512,0.848,0.0687,"java
/**
 * Callback instance that is notified when the schema of the shared Realm changes.
 * When the schema changes, the schema is refreshed to ensure that the local
 * representation is up-to-date.
 */
private OsSharedRealm.SchemaChangedCallback schemaChangedCallback = new OsSharedRealm.SchemaChangedCallback() {
    /**
     * Called when the schema of the shared Realm has changed.
     * Refreshes the local schema representation to ensure it is up-to-date.
     */
    @Override
    public void onSchemaChanged() {
        RealmSchema schema = getSchema();
        if (schema != null) {
            schema.refresh();
        }
    }
};","    /**
     * Thread pool executor used for write operations - only one thread is needed as writes cannot
     * be parallelized.
     */"
code_review,groq,v2_structured,doc_generation,realm/realm-java,code_review:6af8103326,0.0506,0.0253,0.0065,0.1268,0.8536,0.1097,"java
/**
 * Callback invoked when the schema of the shared Realm has changed.
 * 
 * This callback is used to refresh the schema of the shared Realm when it has been modified.
 */
private OsSharedRealm.SchemaChangedCallback schemaChangedCallback = new OsSharedRealm.SchemaChangedCallback() {
    @Override
    public void onSchemaChanged() {
        /**
         * Refreshes the schema of the shared Realm.
         * 
         * @param schema the RealmSchema instance to refresh
         */
        RealmSchema schema = getSchema();
        if (schema != null) {
            schema.refresh();
        }
    }
};","    /**
     * Thread pool executor used for write operations - only one thread is needed as writes cannot
     * be parallelized.
     */"
code_review,huggingface,v2_structured,doc_generation,realm/realm-java,code_review:6af8103326,0.1081,0.0541,0.0187,0.1327,0.8263,0.1216,"Here is the complete Javadoc doc block:

```java
/**
 * Creates a callback for schema changes.
 * 
 * @param none
 * @return none
 * @throws none
 */
```","    /**
     * Thread pool executor used for write operations - only one thread is needed as writes cannot
     * be parallelized.
     */"
code_review,qwen_coder,v2_structured,doc_generation,realm/realm-java,code_review:6af8103326,0.0217,0.0217,0.0052,0.0859,0.8441,0.0594,"java
 /**
  * Callback method to handle changes in the schema of the database.
  * When the schema changes, this method will refresh the local schema cache.
  */
    private OsSharedRealm.SchemaChangedCallback schemaChangedCallback = new OsSharedRealm.SchemaChangedCallback() {
        @Override
        public void onSchemaChanged() {
            /**
             * Retrieves the current schema for the realm.
             *
             * @return RealmSchema object representing the current schema if available, otherwise null.
             */
            RealmSchema schema = getSchema();
            if (schema != null) {
                /**
                 * Refreshes the local schema cache to reflect the latest changes in the database schema.
                 */
                schema.refresh();
            }
        }
    };","    /**
     * Thread pool executor used for write operations - only one thread is needed as writes cannot
     * be parallelized.
     */"
code_review,groq,v3_template,doc_generation,realm/realm-java,code_review:6af8103326,0.0755,0.0755,0.0122,0.125,0.8241,0.1937,"/**
 * This method is called when the schema of the Realm has changed.
 * @param callback The callback to be invoked when the schema has changed.
 * @return The callback object itself.
 * @throws NullPointerException if the callback is null.
 */","    /**
     * Thread pool executor used for write operations - only one thread is needed as writes cannot
     * be parallelized.
     */"
code_review,huggingface,v3_template,doc_generation,realm/realm-java,code_review:6af8103326,0.05,0.05,0.0172,0.1322,0.8177,0.0213,"Here is the filled template:

/**
 * Handles schema changes by refreshing the schema if it is not null.
 * @param none
 * @return none
 * @throws none
 */","    /**
     * Thread pool executor used for write operations - only one thread is needed as writes cannot
     * be parallelized.
     */"
code_review,qwen_coder,v3_template,doc_generation,realm/realm-java,code_review:6af8103326,0.1176,0.1176,0.013,0.1464,0.8328,0.1969,"/**
 * The callback is triggered when the schema of the OS shared realm changes.
 *
 * @param None No parameters are passed to this method.
 * @return Nothing is returned.
 * @throws IllegalStateException If the schema cannot be retrieved.
 */","    /**
     * Thread pool executor used for write operations - only one thread is needed as writes cannot
     * be parallelized.
     */"
code_review,groq,v4_persona,doc_generation,realm/realm-java,code_review:6af8103326,0.0526,0.0526,0.0201,0.1668,0.8325,0.1459,"java
/**
 * Callback invoked when the schema of the underlying Realm has changed.
 * Refreshes the current schema if it is not null.
 */","    /**
     * Thread pool executor used for write operations - only one thread is needed as writes cannot
     * be parallelized.
     */"
code_review,huggingface,v4_persona,doc_generation,realm/realm-java,code_review:6af8103326,0.0833,0.0833,0.016,0.0962,0.8541,0.1524,"/**
 * Creates a callback for schema changed events.
 */","    /**
     * Thread pool executor used for write operations - only one thread is needed as writes cannot
     * be parallelized.
     */"
code_review,qwen_coder,v4_persona,doc_generation,realm/realm-java,code_review:6af8103326,0.0215,0.0215,0.0055,0.1496,0.8439,0.0658,"java
/**
 * Callback executed when the schema of the shared Realm is changed,
 * refreshing the schema if it exists to ensure it is up-to-date with the database.
 */
private final OsSharedRealm.SchemaChangedCallback schemaChangedCallback = new OsSharedRealm.SchemaChangedCallback() {
    @Override
    public void onSchemaChanged() {
        // Retrieves the current schema of the shared Realm
        RealmSchema schema = getSchema();
        
        // Ensures the schema is not null before calling refresh
        if (schema != null) {
            schema.refresh();  // Updates the schema instance with the latest state from the database
        }
    }
};","    /**
     * Thread pool executor used for write operations - only one thread is needed as writes cannot
     * be parallelized.
     */"
code_review,groq,v5_cognitive,doc_generation,realm/realm-java,code_review:6af8103326,0.0458,0.0458,0.0044,0.1262,0.8197,0.1107,"(1) The single responsibility of this method is to refresh the Realm schema when it changes.

(2) The parameter is the callback itself, which is an instance of `OsSharedRealm.SchemaChangedCallback`. This callback is used to notify the object when the Realm schema changes.

(3) This method does not return any value. It throws no exceptions, as it is a callback method that is executed when the Realm schema changes.

/** 
 * Refreshes the Realm schema when it changes. This callback is registered with the OsSharedRealm instance to notify this object when the schema changes.
 * 
 * @param callback the callback instance that is notified when the Realm schema changes
 * @throws no exceptions, as this is a callback method
 */","    /**
     * Thread pool executor used for write operations - only one thread is needed as writes cannot
     * be parallelized.
     */"
code_review,huggingface,v5_cognitive,doc_generation,realm/realm-java,code_review:6af8103326,0.0412,0.0412,0.006,0.1241,0.8161,0.124,"Here are the sub-answers:

(1) The single responsibility of this method is to refresh the RealmSchema when it is changed.

(2) The parameter `schema` represents the RealmSchema that has been changed, and it is used to refresh the schema.

(3) This method does not return any value, and it throws a `NullPointerException` if the `schema` is null.

And here is the final Javadoc block:

/**
 * Refreshes the RealmSchema when it is changed.
 * 
 * @param schema the RealmSchema that has been changed
 */","    /**
     * Thread pool executor used for write operations - only one thread is needed as writes cannot
     * be parallelized.
     */"
code_review,qwen_coder,v5_cognitive,doc_generation,realm/realm-java,code_review:6af8103326,0.0,0.0,0.0147,0.087,0.8344,0.1372,"java
/**
 * Invoked when the schema of the Realm has changed.
 * This method refreshes the local copy of the RealmSchema to reflect the latest changes.
 *
 * @return void
 */","    /**
     * Thread pool executor used for write operations - only one thread is needed as writes cannot
     * be parallelized.
     */"
code_review,groq,v1_minimal,doc_generation,apache/flink,code_review:dc73155187,0.3347,0.1796,0.0078,0.2308,0.8142,0.7369,"java
/**
 * The main entry point of the Flink application.
 * 
 * This method creates a Flink StreamExecutionEnvironment, reads data from a collection,
 * and writes it to an HBase table using the provided HBaseMapperExample.
 * 
 * @throws Exception if an error occurs during the execution of the Flink job
 */
public static void main(String[] args) throws Exception {
    /**
     * Creates a new Flink StreamExecutionEnvironment.
     */
    final StreamExecutionEnvironment env = StreamExecutionEnvironment.getExecutionEnvironment();

    /**
     * Reads data from a collection and returns a DataStream of Tuple3 objects.
     * Each Tuple3 object contains a String, and two Integers.
     */
    DataStream<Tuple3<String, Integer, Integer>> source = env.fromCollection(dataSource);

    /**
     * Adds a sink to the DataStream that writes the data to an HBase table.
     * The HBase table is specified by the TABLE_NAME, and the data is mapped using the provided HBaseMapperExample.
     * The HBaseMapperExample defines the HBase family, column1, and column2.
     */
    source.addSink(new HBaseSink<>(TABLE_NAME, new HBaseMapperExample(FAMILY, COLUMN1, COLUMN2)));

    /**
     * Executes the Flink job.
     */
    env.execute();
}","/**
 * This is an example showing how to use the HBaseSink in the Streaming API.
 *
 * To run the example you need a local HBase database that has a table ""flink-example"" with a column family ""cf"".
 * In the example, the HBase sink takes an input of type {@link Tuple3} and perform different operations based on the input.
 * The first field of a input value is used as the row key, the second field is treated as an opcode that
 * determines which type of HBase operation is performed and the third field is the value to written.
 */"
code_review,huggingface,v1_minimal,doc_generation,apache/flink,code_review:dc73155187,0.3218,0.1762,0.0072,0.2223,0.8114,0.7368,"Here is the Javadoc for the given Java code:

```java
/**
 * The main method of the application.
 * 
 * This method sets up a Flink stream processing environment, reads data from a source,
 * processes the data using a HBase sink, and then executes the stream.
 * 
 * @param args the command line arguments
 * @throws Exception if an error occurs during the execution of the stream
 */
public static void main(String[] args) throws Exception {
    /**
     * Get the StreamExecutionEnvironment, which is the entry point for a Flink program.
     */
    final StreamExecutionEnvironment env = StreamExecutionEnvironment.getExecutionEnvironment();

    /**
     * Create a DataStream from a collection of data.
     * 
     * @param dataSource the data source
     */
    DataStream<Tuple3<String, Integer, Integer>> source = env.fromCollection(dataSource);

    /**
     * Add a HBase sink to the DataStream.
     * 
     * @param TABLE_NAME the name of the HBase table
     * @param hBaseMapperExample the HBase mapper example
     */
    source.addSink(new HBaseSink<>(TABLE_NAME, new HBaseMapperExample(FAMILY, COLUMN1, COLUMN2)));

    /**
     * Execute the stream.
     */
    env.execute();
}
```

Note: The Javadoc comments are written in a way that they can be used to generate HTML documentation for the class.","/**
 * This is an example showing how to use the HBaseSink in the Streaming API.
 *
 * To run the example you need a local HBase database that has a table ""flink-example"" with a column family ""cf"".
 * In the example, the HBase sink takes an input of type {@link Tuple3} and perform different operations based on the input.
 * The first field of a input value is used as the row key, the second field is treated as an opcode that
 * determines which type of HBase operation is performed and the third field is the value to written.
 */"
code_review,qwen_coder,v1_minimal,doc_generation,apache/flink,code_review:dc73155187,0.2714,0.1357,0.0047,0.2314,0.8184,0.6615,"Certainly! Below is the JavaDoc comments added to your provided Java code:

```java
/**
 * Main method that sets up and executes a stream processing job with Apache Flink.
 *
 * This method is responsible for getting an execution environment from Flink,
 * creating a data stream from a given collection of {@code dataSource},
 * adding a sink to write the data to HBase, and finally executing the job.
 *
 * @param args Command line arguments (not used in this method).
 * @throws Exception If any error occurs while setting up or executing the job.
 */
public static void main(String[] args) throws Exception {
    // Get the execution environment from Flink
    final StreamExecutionEnvironment env = StreamExecutionEnvironment.getExecutionEnvironment();

    // Create a data stream from the given collection of dataSource
    DataStream<Tuple3<String, Integer, Integer>> source = env.fromCollection(dataSource);

    // Add a sink to write the data to HBase using HBaseSink and HBaseMapperExample
    source.addSink(new HBaseSink<>(TABLE_NAME, new HBaseMapperExample(FAMILY, COLUMN1, COLUMN2)));

    // Execute the job
    env.execute();
}
```

### Explanation:
- **@param args**: Indicates that the `main` method accepts command-line arguments. Since you're not using any command-line arguments in this method, it's appropriate to mention that they are not used.
  
- **@throws Exception**: The method declares that it throws an exception. While `env.execute()` does throw exceptions, this doc comment ensures that anyone reading the code understands that the method could potentially throw an exception.

This doc comment should help clarify the purpose and functionality of the `main` method to other developers who might be reading your code.","/**
 * This is an example showing how to use the HBaseSink in the Streaming API.
 *
 * To run the example you need a local HBase database that has a table ""flink-example"" with a column family ""cf"".
 * In the example, the HBase sink takes an input of type {@link Tuple3} and perform different operations based on the input.
 * The first field of a input value is used as the row key, the second field is treated as an opcode that
 * determines which type of HBase operation is performed and the third field is the value to written.
 */"
code_review,groq,v2_structured,doc_generation,apache/flink,code_review:dc73155187,0.1642,0.0746,0.0045,0.0728,0.8351,0.598,"java
/**
 * Initializes and executes a Flink job that writes data to HBase.
 * 
 * @param args Command-line arguments (not used in this example)
 * @throws Exception if an error occurs during job execution
 */
public static void main(String[] args) throws Exception {","/**
 * This is an example showing how to use the HBaseSink in the Streaming API.
 *
 * To run the example you need a local HBase database that has a table ""flink-example"" with a column family ""cf"".
 * In the example, the HBase sink takes an input of type {@link Tuple3} and perform different operations based on the input.
 * The first field of a input value is used as the row key, the second field is treated as an opcode that
 * determines which type of HBase operation is performed and the third field is the value to written.
 */"
code_review,huggingface,v2_structured,doc_generation,apache/flink,code_review:dc73155187,0.1364,0.1364,0.0049,0.078,0.8335,0.355,"Here is the complete Javadoc doc block for the given Java method:

```java
/**
 * Initializes the Flink application and executes the data processing pipeline.
 * 
 * @param args the command-line arguments
 * @throws Exception if an error occurs during execution
 */
```","/**
 * This is an example showing how to use the HBaseSink in the Streaming API.
 *
 * To run the example you need a local HBase database that has a table ""flink-example"" with a column family ""cf"".
 * In the example, the HBase sink takes an input of type {@link Tuple3} and perform different operations based on the input.
 * The first field of a input value is used as the row key, the second field is treated as an opcode that
 * determines which type of HBase operation is performed and the third field is the value to written.
 */"
code_review,qwen_coder,v2_structured,doc_generation,apache/flink,code_review:dc73155187,0.3125,0.175,0.0086,0.1619,0.8426,0.5616,"java
/**
 * The entry point of the program which sets up and executes a stream processing job to write data to an HBase table.
 *
 * @param args An array of string arguments passed to the main method. Typically empty as this method is self-contained.
 * @throws Exception If any error occurs during the setup or execution of the stream processing job, such as connection issues with HBase.
 */","/**
 * This is an example showing how to use the HBaseSink in the Streaming API.
 *
 * To run the example you need a local HBase database that has a table ""flink-example"" with a column family ""cf"".
 * In the example, the HBase sink takes an input of type {@link Tuple3} and perform different operations based on the input.
 * The first field of a input value is used as the row key, the second field is treated as an opcode that
 * determines which type of HBase operation is performed and the third field is the value to written.
 */"
code_review,groq,v3_template,doc_generation,apache/flink,code_review:dc73155187,0.1912,0.1324,0.009,0.0881,0.8514,0.7218,"java
/**
 * This method creates a Flink data stream and writes it into an HBase table.
 * @param dataSource The data source for the stream.
 * @return None, as this method does not return any value.
 * @throws Exception If an error occurs during execution.
 */","/**
 * This is an example showing how to use the HBaseSink in the Streaming API.
 *
 * To run the example you need a local HBase database that has a table ""flink-example"" with a column family ""cf"".
 * In the example, the HBase sink takes an input of type {@link Tuple3} and perform different operations based on the input.
 * The first field of a input value is used as the row key, the second field is treated as an opcode that
 * determines which type of HBase operation is performed and the third field is the value to written.
 */"
code_review,huggingface,v3_template,doc_generation,apache/flink,code_review:dc73155187,0.1967,0.1475,0.0027,0.0842,0.8479,0.6946,"Here is the filled template:

/**
 * Creates a Flink stream from a collection and writes it to an HBase table.
 * @param args the command line arguments
 * @throws Exception
 */","/**
 * This is an example showing how to use the HBaseSink in the Streaming API.
 *
 * To run the example you need a local HBase database that has a table ""flink-example"" with a column family ""cf"".
 * In the example, the HBase sink takes an input of type {@link Tuple3} and perform different operations based on the input.
 * The first field of a input value is used as the row key, the second field is treated as an opcode that
 * determines which type of HBase operation is performed and the third field is the value to written.
 */"
code_review,groq,v4_persona,doc_generation,apache/flink,code_review:dc73155187,0.1217,0.0696,0.0013,0.053,0.8495,0.6375,"/**
 * Configures and executes a Flink job that writes data to HBase.
 * 
 * @throws Exception if an error occurs during job execution
 */","/**
 * This is an example showing how to use the HBaseSink in the Streaming API.
 *
 * To run the example you need a local HBase database that has a table ""flink-example"" with a column family ""cf"".
 * In the example, the HBase sink takes an input of type {@link Tuple3} and perform different operations based on the input.
 * The first field of a input value is used as the row key, the second field is treated as an opcode that
 * determines which type of HBase operation is performed and the third field is the value to written.
 */"
code_review,groq,v5_cognitive,doc_generation,apache/flink,code_review:dc73155187,0.3281,0.164,0.0059,0.2509,0.8225,0.6774,"(1) The single responsibility of this method is to set up and execute a Flink job that writes data to an HBase table.

(2) 
- `env`: This parameter represents the Flink execution environment, which is used to create and manage the Flink job.
- `dataSource`: This parameter represents the data source that will be used to create a data stream in Flink.
- `TABLE_NAME`: This parameter represents the name of the HBase table that the data will be written to.
- `FAMILY`: This parameter represents the HBase family that the data will be written to.
- `COLUMN1` and `COLUMN2`: These parameters represent the HBase columns that the data will be written to.

(3)
- This method does not return any value, as it is a void method.
- It throws an `Exception` if there is an error setting up or executing the Flink job.

/** 
 * Sets up and executes a Flink job that writes data to an HBase table.
 * 
 * @param env the Flink execution environment
 * @param dataSource the data source to be used in the Flink job
 * @param TABLE_NAME the name of the HBase table to write to
 * @param FAMILY the HBase family to write to
 * @param COLUMN1 the first HBase column to write to
 * @param COLUMN2 the second HBase column to write to
 * @throws Exception if there is an error setting up or executing the Flink job
 */","/**
 * This is an example showing how to use the HBaseSink in the Streaming API.
 *
 * To run the example you need a local HBase database that has a table ""flink-example"" with a column family ""cf"".
 * In the example, the HBase sink takes an input of type {@link Tuple3} and perform different operations based on the input.
 * The first field of a input value is used as the row key, the second field is treated as an opcode that
 * determines which type of HBase operation is performed and the third field is the value to written.
 */"
code_review,groq,v1_minimal,doc_generation,vaadin/flow,code_review:4207ea3963,0.1818,0.1364,0.0103,0.1166,0.8393,0.5084,"Here's the Javadoc for the given Java code:

```java
/**
 * Creates a new VaadinSession instance.
 * 
 * @param service the VaadinService instance associated with this session
 */
public VaadinSession(VaadinService service) {
    this.service = service;
    resourceRegistry = createStreamResourceRegistry();
}
```","    /**
     * Checks whether the session is properly initialized/in use.
     * <p>
     * The session is initialized if
     * {@link #refreshTransients(WrappedSession, VaadinService)} has been called
     * for it. If the session is just created or deserialized but not yet in
     * real use then it's not initialized and it's state is incomplete.
     * 
     * @return whether the session is initialized
     */"
code_review,groq,v2_structured,doc_generation,vaadin/flow,code_review:4207ea3963,0.0952,0.0714,0.0089,0.0909,0.8483,0.4349,"java
/**
 * Creates a new VaadinSession instance with the given VaadinService.
 * 
 * @param service the VaadinService instance to associate with this VaadinSession
 */
public VaadinSession(VaadinService service) {
        this.service = service;
        resourceRegistry = createStreamResourceRegistry();
}","    /**
     * Checks whether the session is properly initialized/in use.
     * <p>
     * The session is initialized if
     * {@link #refreshTransients(WrappedSession, VaadinService)} has been called
     * for it. If the session is just created or deserialized but not yet in
     * real use then it's not initialized and it's state is incomplete.
     * 
     * @return whether the session is initialized
     */"
code_review,huggingface,v2_structured,doc_generation,vaadin/flow,code_review:4207ea3963,0.1957,0.1304,0.0129,0.1258,0.8404,0.4677,"Here is the complete Javadoc for the given Java method:

```java
/**
 * Initializes a new instance of the VaadinSession class.
 * 
 * @param service the VaadinService instance
 * @return none
 * @throws none
 */
public VaadinSession(VaadinService service) {
    this.service = service;
    resourceRegistry = createStreamResourceRegistry();
}
```","    /**
     * Checks whether the session is properly initialized/in use.
     * <p>
     * The session is initialized if
     * {@link #refreshTransients(WrappedSession, VaadinService)} has been called
     * for it. If the session is just created or deserialized but not yet in
     * real use then it's not initialized and it's state is incomplete.
     * 
     * @return whether the session is initialized
     */"
code_review,qwen_coder,v2_structured,doc_generation,vaadin/flow,code_review:4207ea3963,0.122,0.0976,0.0084,0.1005,0.8487,0.5169,"java
/**
 * Initializes a new VaadinSession with the specified_vaadin_service.
 *
 * @param service the VaadinService associated with this session
 */
public VaadinSession(VaadinService service) {
        this.service = service;
        resourceRegistry = createStreamResourceRegistry();
}","    /**
     * Checks whether the session is properly initialized/in use.
     * <p>
     * The session is initialized if
     * {@link #refreshTransients(WrappedSession, VaadinService)} has been called
     * for it. If the session is just created or deserialized but not yet in
     * real use then it's not initialized and it's state is incomplete.
     * 
     * @return whether the session is initialized
     */"
code_review,groq,v3_template,doc_generation,vaadin/flow,code_review:4207ea3963,0.0923,0.0615,0.0013,0.0533,0.828,0.6593,"/**
 * Creates a new Vaadin session.
 * @param service The Vaadin service.
 */","    /**
     * Checks whether the session is properly initialized/in use.
     * <p>
     * The session is initialized if
     * {@link #refreshTransients(WrappedSession, VaadinService)} has been called
     * for it. If the session is just created or deserialized but not yet in
     * real use then it's not initialized and it's state is incomplete.
     * 
     * @return whether the session is initialized
     */"
code_review,huggingface,v3_template,doc_generation,vaadin/flow,code_review:4207ea3963,0.2078,0.1558,0.0081,0.1127,0.8236,0.4912,"Here is the filled template:

/**
 * Creates a new VaadinSession instance with the given VaadinService.
 * @param service the VaadinService to use
 * @return 
 * @throws 
 */","    /**
     * Checks whether the session is properly initialized/in use.
     * <p>
     * The session is initialized if
     * {@link #refreshTransients(WrappedSession, VaadinService)} has been called
     * for it. If the session is just created or deserialized but not yet in
     * real use then it's not initialized and it's state is incomplete.
     * 
     * @return whether the session is initialized
     */"
code_review,qwen_coder,v3_template,doc_generation,vaadin/flow,code_review:4207ea3963,0.1772,0.1519,0.0094,0.1277,0.8279,0.6876,"/**
 * Creates a new Vaadin session associated with the given service.
 * @param service Vaadin service associated with the session
 * @return The newly created VaadinSession object
 */","    /**
     * Checks whether the session is properly initialized/in use.
     * <p>
     * The session is initialized if
     * {@link #refreshTransients(WrappedSession, VaadinService)} has been called
     * for it. If the session is just created or deserialized but not yet in
     * real use then it's not initialized and it's state is incomplete.
     * 
     * @return whether the session is initialized
     */"
code_review,groq,v4_persona,doc_generation,vaadin/flow,code_review:4207ea3963,0.1351,0.1351,0.006,0.1019,0.8382,0.6829,"/**
 * Initializes a new VaadinSession instance with the given VaadinService.
 * 
 * @param service the VaadinService instance to associate with this session
 */","    /**
     * Checks whether the session is properly initialized/in use.
     * <p>
     * The session is initialized if
     * {@link #refreshTransients(WrappedSession, VaadinService)} has been called
     * for it. If the session is just created or deserialized but not yet in
     * real use then it's not initialized and it's state is incomplete.
     * 
     * @return whether the session is initialized
     */"
code_review,huggingface,v4_persona,doc_generation,vaadin/flow,code_review:4207ea3963,0.2254,0.169,0.0052,0.1294,0.8435,0.6722,"/**
 * Initializes the VaadinSession with the given VaadinService.
 * 
 * @param service the VaadinService to use for this session
 */","    /**
     * Checks whether the session is properly initialized/in use.
     * <p>
     * The session is initialized if
     * {@link #refreshTransients(WrappedSession, VaadinService)} has been called
     * for it. If the session is just created or deserialized but not yet in
     * real use then it's not initialized and it's state is incomplete.
     * 
     * @return whether the session is initialized
     */"
code_review,qwen_coder,v4_persona,doc_generation,vaadin/flow,code_review:4207ea3963,0.1235,0.1235,0.0083,0.0914,0.847,0.5181,"java
/**
 * Initializes a new VaadinSession with the provided VaadinService.
 *
 * @param service The VaadinService associated with this session.
 */
public VaadinSession(VaadinService service) {
    this.service = service;
    resourceRegistry = createStreamResourceRegistry();
}","    /**
     * Checks whether the session is properly initialized/in use.
     * <p>
     * The session is initialized if
     * {@link #refreshTransients(WrappedSession, VaadinService)} has been called
     * for it. If the session is just created or deserialized but not yet in
     * real use then it's not initialized and it's state is incomplete.
     * 
     * @return whether the session is initialized
     */"
code_review,groq,v5_cognitive,doc_generation,vaadin/flow,code_review:4207ea3963,0.2123,0.1564,0.0057,0.1671,0.8297,0.4813,"(1) The single responsibility of this method is to initialize a new instance of VaadinSession with the provided VaadinService.

(2) 
- `VaadinService service`: This parameter represents the VaadinService instance that this VaadinSession will be associated with. It is the core service that provides the functionality for the Vaadin application.

(3) 
- Return: This method does not return any value, it sets the instance variables of the class.
- Throws: This method does not throw any exceptions by default, but it may throw exceptions if the `createStreamResourceRegistry()` method throws any.

Here is the final Javadoc block:

```java
/**
 * Initializes a new instance of VaadinSession with the provided VaadinService.
 * 
 * @param service the VaadinService instance that this VaadinSession will be associated with
 */
public VaadinSession(VaadinService service) {
    this.service = service;
    resourceRegistry = createStreamResourceRegistry();
}
```","    /**
     * Checks whether the session is properly initialized/in use.
     * <p>
     * The session is initialized if
     * {@link #refreshTransients(WrappedSession, VaadinService)} has been called
     * for it. If the session is just created or deserialized but not yet in
     * real use then it's not initialized and it's state is incomplete.
     * 
     * @return whether the session is initialized
     */"
code_review,huggingface,v5_cognitive,doc_generation,vaadin/flow,code_review:4207ea3963,0.2419,0.1935,0.0104,0.1594,0.8215,0.5209,"Here are the sub-answers:

(1) The single responsibility of this method is to initialize a VaadinSession object.

(2) The parameter ""service"" represents the VaadinService that this VaadinSession is associated with.

(3) This method does not return any value, and it throws no exceptions.

And here is the final Javadoc block:

/**
 * Initializes a VaadinSession object with the given VaadinService.
 * 
 * @param service the VaadinService that this VaadinSession is associated with
 */","    /**
     * Checks whether the session is properly initialized/in use.
     * <p>
     * The session is initialized if
     * {@link #refreshTransients(WrappedSession, VaadinService)} has been called
     * for it. If the session is just created or deserialized but not yet in
     * real use then it's not initialized and it's state is incomplete.
     * 
     * @return whether the session is initialized
     */"
code_review,qwen_coder,v5_cognitive,doc_generation,vaadin/flow,code_review:4207ea3963,0.1905,0.1143,0.012,0.1232,0.8593,0.5945,"java
/**
 * Initializes a new Vaadin session associated with the specified Vaadin service.
 *
 * @param service the Vaadin service to which this session belongs
 * @throws IllegalArgumentException if the provided service is null
 */
public VaadinSession(VaadinService service) {
        if (service == null) {
            throw new IllegalArgumentException(""Vaadin service cannot be null"");
        }
        this.service = service;
        resourceRegistry = createStreamResourceRegistry();
    }","    /**
     * Checks whether the session is properly initialized/in use.
     * <p>
     * The session is initialized if
     * {@link #refreshTransients(WrappedSession, VaadinService)} has been called
     * for it. If the session is just created or deserialized but not yet in
     * real use then it's not initialized and it's state is incomplete.
     * 
     * @return whether the session is initialized
     */"
code_review,groq,v1_minimal,doc_generation,Alluxio/alluxio,code_review:2b55a8bac3,0.0723,0.0723,0.0114,0.2447,0.8125,0.5321,"java
/**
 * Tests the builder pattern for DeleteLineageOptions.
 * 
 * This method creates a new instance of DeleteLineageOptions using the builder pattern,
 * sets the cascade option to true, and asserts that the cascade option is indeed true.
 */
public void builderTest() {
    /**
     * Creates a new instance of DeleteLineageOptions with the specified options.
     * 
     * @param conf the Tachyon configuration
     * @return a new instance of DeleteLineageOptions
     */
    DeleteLineageOptions options =
        new DeleteLineageOptions.Builder(new TachyonConf()).setCascade(true).build();
    
    /**
     * Asserts that the cascade option is enabled.
     */
    Assert.assertTrue(options.isCascade());
}","/**
 * Tests for {@link DeleteLineageOptions}.
 */"
code_review,huggingface,v1_minimal,doc_generation,Alluxio/alluxio,code_review:2b55a8bac3,0.0667,0.0667,0.0114,0.1645,0.8251,0.5435,"Here is the Javadoc for the given Java code:

```java
/**
 * Tests the builder pattern for DeleteLineageOptions.
 * 
 * This method creates a DeleteLineageOptions object using the builder pattern and then asserts that the cascade option is set.
 * 
 * @see DeleteLineageOptions
 * @see DeleteLineageOptions.Builder
 */
public void builderTest() {
    DeleteLineageOptions options =
        new DeleteLineageOptions.Builder(new TachyonConf()).setCascade(true).build();
    Assert.assertTrue(options.isCascade());
}
```

Note: The Javadoc is written in a way that it provides a brief description of the method, its purpose, and any relevant information about the classes and methods involved.","/**
 * Tests for {@link DeleteLineageOptions}.
 */"
code_review,qwen_coder,v1_minimal,doc_generation,Alluxio/alluxio,code_review:2b55a8bac3,0.0727,0.0727,0.0134,0.3198,0.8072,0.6247,"java
/**
 * Tests the builder method for {@link DeleteLineageOptions}.
 * 
 * <p>The purpose of this test is to ensure that the builder correctly constructs an instance of
 * {@code DeleteLineageOptions} with all necessary configurations and options set.
 * </p>
 * 
 * @throws Exception if any error occurs during the execution of the test.
 */
public void builderTest() throws Exception {
    // Create a new instance of DeleteLineageOptions using its Builder
    DeleteLineageOptions options = 
        new DeleteLineageOptions.Builder(new TachyonConf())  // Initialize with default configuration
        .setCascade(true)                                    // Set cascade option to true
        .build();                                             // Build the final options object
    
    // Verify that the cascading option is set as expected
    Assert.assertTrue(""The CASCADE option should be set to true"", options.isCascade());
}","/**
 * Tests for {@link DeleteLineageOptions}.
 */"
code_review,groq,v2_structured,doc_generation,Alluxio/alluxio,code_review:2b55a8bac3,0.1765,0.1765,0.0328,0.2632,0.838,0.6248,"java
/**
 * Tests the builder pattern for DeleteLineageOptions.
 * 
 * @param none
 * @throws none
 * @return none
 */
public void builderTest() {
    DeleteLineageOptions options =
        new DeleteLineageOptions.Builder(new TachyonConf()).setCascade(true).build();
    Assert.assertTrue(options.isCascade());
}","/**
 * Tests for {@link DeleteLineageOptions}.
 */"
code_review,huggingface,v2_structured,doc_generation,Alluxio/alluxio,code_review:2b55a8bac3,0.2143,0.2143,0.0328,0.2632,0.8601,0.6136,"Here is the complete Javadoc doc block for the given method:

```java
/**
 * Tests the builder pattern for DeleteLineageOptions.
 * 
 * @param none
 * @return none
 * @throws none
 */
```","/**
 * Tests for {@link DeleteLineageOptions}.
 */"
code_review,qwen_coder,v2_structured,doc_generation,Alluxio/alluxio,code_review:2b55a8bac3,0.044,0.044,0.0043,0.1242,0.8033,0.5241,"java
/**
 * Simulates a test case to delete lineage options with cascading enabled.
 */
public void builderTest() {
    /**
     * Creates an instance of DeleteLineageOptions using a Builder with cascade set to true.
     *
     * @param config The configuration object used to build the DeleteLineageOptions.
     * @return A configured instance of DeleteLineageOptions.
     *
     * @throws IllegalArgumentException if the provided configuration is null.
     */
    DeleteLineageOptions options = 
        new DeleteLineageOptions.Builder(config).setCascade(true).build();
    
    /**
     * Validates that the cascade option is correctly set to true.
     *
     * @return true if the cascade option is set to true, false otherwise.
     */
    Assert.assertTrue(options.isCascade());
}","/**
 * Tests for {@link DeleteLineageOptions}.
 */"
code_review,groq,v3_template,doc_generation,Alluxio/alluxio,code_review:2b55a8bac3,0.1111,0.1111,0.0238,0.1829,0.874,0.5366,"/**
 * Deletes lineage options with cascade enabled.
 * @param options DeleteLineageOptions instance to configure
 * @return void
 */","/**
 * Tests for {@link DeleteLineageOptions}.
 */"
code_review,huggingface,v3_template,doc_generation,Alluxio/alluxio,code_review:2b55a8bac3,0.0417,0.0417,0.0086,0.1327,0.8465,0.5903,"Here is the filled template:

/**
 * Creates a DeleteLineageOptions object with cascade option set to true.
 * @param options DeleteLineageOptions object with cascade option set to true.
 * @return true if the cascade option is set, false otherwise.
 * @throws AssertionError if the cascade option is not set.
 */","/**
 * Tests for {@link DeleteLineageOptions}.
 */"
code_review,groq,v4_persona,doc_generation,Alluxio/alluxio,code_review:2b55a8bac3,0.0833,0.0833,0.0203,0.1765,0.8696,0.6045,"/**
 * Creates a <code>DeleteLineageOptions</code> instance with cascade deletion enabled
 * and verifies that the cascade option is set to true.
 */","/**
 * Tests for {@link DeleteLineageOptions}.
 */"
code_review,groq,v5_cognitive,doc_generation,Alluxio/alluxio,code_review:2b55a8bac3,0.0292,0.0292,0.0069,0.099,0.8105,0.4965,"(1) The single responsibility of this method is to test the functionality of the `DeleteLineageOptions` class, specifically the `Cascade` option.

(2) 
- `DeleteLineageOptions options`: This parameter represents the instance of `DeleteLineageOptions` that is being tested.
- `TachyonConf conf`: This parameter represents the configuration object used to create the `DeleteLineageOptions` instance. However, it is not explicitly passed in the given code. It is assumed to be created with `new TachyonConf()`.

(3) 
- It returns `void`, meaning it does not return any value.
- It throws `AssertionError` under the condition that `options.isCascade()` returns `false`, which would cause the `Assert.assertTrue(options.isCascade())` statement to fail.

/** 
 * Tests the functionality of the DeleteLineageOptions class, specifically the Cascade option.
 * 
 * @param conf the configuration object used to create the DeleteLineageOptions instance
 * @throws AssertionError if the Cascade option is not set to true
 */","/**
 * Tests for {@link DeleteLineageOptions}.
 */"
code_review,groq,v1_minimal,doc_generation,apache/skywalking,code_review:055c0b3248,0.0,0.0,0.0036,0.1587,0.7682,-0.002,"java
/**
 * Tests the serialization of a ServiceResetCommand.
 * 
 * This method creates a ServiceResetCommand instance, serializes it, and then asserts that the serialized command
 * and its arguments match the expected values.
 * 
 * @throws Exception if an error occurs during serialization
 */
public void test_serialize() throws Exception {
    /**
     * Creates a new ServiceResetCommand instance with the specified argument.
     */
    ServiceResetCommand command = new ServiceResetCommand(""aa"");
    
    /**
     * Serializes the command into a Command.Builder instance.
     */
    Command.Builder builder = command.serialize();

    /**
     * Asserts that the serialized command name matches the expected value.
     */
    Assert.assertEquals(ServiceResetCommand.NAME, builder.getCommand());
    
    /**
     * Asserts that the first argument of the serialized command matches the expected value.
     */
    Assert.assertEquals(""aa"", builder.getArgs(0).getValue());
}","/**
 * @author jsbxyyx
 */"
code_review,groq,v2_structured,doc_generation,apache/skywalking,code_review:055c0b3248,0.0,0.0,0.0105,0.1744,0.7878,0.0156,"java
/**
 * Tests the serialization of a ServiceResetCommand instance.
 * 
 * @throws Exception if an error occurs during serialization
 */
public void test_serialize() throws Exception {
    ServiceResetCommand command = new ServiceResetCommand(""aa"");
    Command.Builder builder = command.serialize();

    Assert.assertEquals(ServiceResetCommand.NAME, builder.getCommand());
    Assert.assertEquals(""aa"", builder.getArgs(0).getValue());
}","/**
 * @author jsbxyyx
 */"
code_review,qwen_coder,v2_structured,doc_generation,apache/skywalking,code_review:055c0b3248,0.0,0.0,0.0108,0.1765,0.7981,0.2279,"java
/**
 * Tests the serialization of a {@link ServiceResetCommand}.
 *
 * @param command The {@link ServiceResetCommand} to be serialized.
 * @return A {@link Command.Builder} containing the serialized values.
 * @throws Exception If there is an error during serialization.
 */","/**
 * @author jsbxyyx
 */"
code_review,groq,v3_template,doc_generation,apache/skywalking,code_review:055c0b3248,0.0,0.0,0.0146,0.2,0.8107,0.0044,"/**
 * Tests serialization of a ServiceResetCommand instance.
 * @param command ServiceResetCommand instance to serialize
 * @return Command.Builder instance representing the serialized command
 * @throws Exception if serialization fails
 */","/**
 * @author jsbxyyx
 */"
code_review,huggingface,v3_template,doc_generation,apache/skywalking,code_review:055c0b3248,0.0,0.0,0.0137,0.1948,0.8069,0.0658,"Here is the filled template:

/**
 * Tests the serialization of a ServiceResetCommand.
 * @param command a ServiceResetCommand object
 * @return the serialized command
 * @throws Exception if an error occurs
 */","/**
 * @author jsbxyyx
 */"
code_review,qwen_coder,v3_template,doc_generation,apache/skywalking,code_review:055c0b3248,0.0,0.0,0.0108,0.1765,0.8068,0.1315,"/**
 * Serializes the service reset command into a command builder.
 * @param serviceId The ID of the service to be reset.
 * @return A Command.Builder containing the serialized command and its arguments.
 * @throws IOException if serialization fails.
 */","/**
 * @author jsbxyyx
 */"
code_review,groq,v4_persona,doc_generation,apache/skywalking,code_review:055c0b3248,0.0,0.0,0.0114,0.1807,0.8077,0.121,"java
/**
 * Tests serialization of a ServiceResetCommand instance.
 * 
 * Serializes a ServiceResetCommand instance and verifies that the resulting
 * Command.Builder contains the expected command name and argument value.
 * 
 * @throws Exception if serialization fails
 */","/**
 * @author jsbxyyx
 */"
code_review,huggingface,v4_persona,doc_generation,apache/skywalking,code_review:055c0b3248,0.0,0.0,0.0146,0.2,0.8127,0.1112,"/**
 * Serializes a <code>ServiceResetCommand</code> instance and asserts that the resulting command name and argument value are correct.
 * @throws Exception if an error occurs during serialization or assertion
 */","/**
 * @author jsbxyyx
 */"
code_review,qwen_coder,v4_persona,doc_generation,apache/skywalking,code_review:055c0b3248,0.0,0.0,0.0098,0.1685,0.7905,0.0642,"java
/**
 * Tests the serialization of a <code>ServiceResetCommand</code>.
 * 
 * Creates a new instance of <code>ServiceResetCommand</code> with the specified argument,
 * serializes it using the <code>serialize</code> method, and then asserts that the serialized
 * command has the correct name and argument value.
 */","/**
 * @author jsbxyyx
 */"
code_review,groq,v5_cognitive,doc_generation,apache/skywalking,code_review:055c0b3248,0.0,0.0,0.0026,0.0718,0.7671,-0.0541,"(1) The single responsibility of this method is to test the serialization of a ServiceResetCommand object.

(2) 
- `command`: This is the ServiceResetCommand object being tested. It is expected to be a ServiceResetCommand instance with a specific argument (""aa"").
- `builder`: This is the result of calling the serialize() method on the ServiceResetCommand object. It is a Command.Builder object that represents the serialized form of the command.

(3) 
- Return value: This method does not return any value. It is declared as void.
- Exceptions: This method throws an Exception if any error occurs during the test. This is because it calls Assert.assertEquals() which can throw an AssertionError, and the method is declared to throw Exception.

Here is the final Javadoc block:

```java
/**
 * Tests the serialization of a ServiceResetCommand object.
 * 
 * @param command the ServiceResetCommand object to be serialized
 * @throws Exception if any error occurs during the test
 */
public void test_serialize() throws Exception {
    // method implementation
}
```","/**
 * @author jsbxyyx
 */"
code_review,huggingface,v5_cognitive,doc_generation,apache/skywalking,code_review:055c0b3248,0.0,0.0,0.0044,0.1064,0.7822,0.047,"Here are the sub-answers:

(1) The single responsibility of this method is to test the serialization of a ServiceResetCommand.

(2) The parameter ""command"" represents the ServiceResetCommand to be serialized, and ""builder"" represents the result of the serialization process.

(3) This method does not return any value, and it throws an Exception if any assertion fails.

And here is the final Javadoc block:

/**
 * Tests the serialization of a ServiceResetCommand.
 * 
 * @param command the ServiceResetCommand to be serialized
 * @param builder the result of the serialization process
 * @throws Exception if any assertion fails
 */","/**
 * @author jsbxyyx
 */"
code_review,qwen_coder,v5_cognitive,doc_generation,apache/skywalking,code_review:055c0b3248,0.0,0.0,0.0121,0.1852,0.8042,0.2422,"java
/**
 * Tests the serialization of a {@link ServiceResetCommand} into a {@link Command.Builder}.
 * 
 * @param command The {@link ServiceResetCommand} to be serialized.
 * @throws Exception If an error occurs during the serialization process.
 */","/**
 * @author jsbxyyx
 */"
code_review,groq,v1_minimal,doc_generation,jenkinsci/jenkins,code_review:3cdf45c517,0.0482,0.0482,0.0052,0.1412,0.8483,0.0988,"java
/**
 * A memoizer that caches ExtensionList instances for each Class key.
 * This memoizer is used to lazily create ExtensionList instances on demand.
 * 
 * @see ExtensionList
 */
private transient final Memoizer<Class, ExtensionList> extensionLists = new Memoizer<Class, ExtensionList>() {
    /**
     * Computes the ExtensionList instance for the given Class key.
     * 
     * @param key the Class key for which to compute the ExtensionList instance
     * @return the ExtensionList instance for the given Class key
     */
    public ExtensionList compute(Class key) {
        return ExtensionList.create(Jenkins.this, key);
    }
};","    /**
     * Returns the enabled and activated administrative monitors.
     */"
code_review,huggingface,v1_minimal,doc_generation,jenkinsci/jenkins,code_review:3cdf45c517,0.0339,0.0339,0.0037,0.1179,0.8439,0.0608,"Here is the Javadoc for the given Java code:

```java
/**
 * A memoizer for extension lists, which caches the results of expensive
 * computations. This is used to optimize the creation of extension lists.
 * 
 * @author Kohsuke Kawaguchi
 */
private transient final Memoizer<Class, ExtensionList> extensionLists = new Memoizer<Class, ExtensionList>() {
    /**
     * Computes the extension list for a given class.
     * 
     * @param key the class for which to compute the extension list
     * @return the extension list for the given class
     */
    public ExtensionList compute(Class key) {
        return ExtensionList.create(Jenkins.this, key);
    }
};
```

Note: The Javadoc is written in a way that is consistent with the Java API style guide. The author's name is included as per the convention.","    /**
     * Returns the enabled and activated administrative monitors.
     */"
code_review,qwen_coder,v1_minimal,doc_generation,jenkinsci/jenkins,code_review:3cdf45c517,0.0314,0.0314,0.0024,0.1038,0.8234,0.0351,"Certainly! Below is the JavaDoc comment that you can add to the provided Java code:

```java
/**
 * Caches {@link ExtensionList} instances based on the class type.
 * <p>
 * The cache is designed to be transient, meaning its contents will not be serialized 
 * when Jenkins is saved to disk. This ensures that if the application restarts, 
 * the cache does not retain stale data.
 * </p>
 * <p>
 * This memoization technique avoids recomputation of extension lists for the same class,
 * thus improving performance and reducing memory usage.
 * </p>
 */
private transient final Memoizer<Class, ExtensionList> extensionLists = new Memoizer<Class, ExtensionList>() {
    @Override
    /**
     * Lazily computes and caches an {@link ExtensionList} for the given class type.
     * @param key Class type for which to compute the {@link ExtensionList}.
     * @return An {@link ExtensionList} corresponding to the given class type.
     */
    public ExtensionList compute(Class key) {
        return ExtensionList.create(Jenkins.this, key);
    }
};
```

This JavaDoc provides a detailed description of what the `extensionLists` field represents, explains why it's marked as `transient`, and describes the behavior of the inner class implementing `Memoizer`. It also includes a brief method-level docstring for the `compute` method within the `extensionLists` field definition.","    /**
     * Returns the enabled and activated administrative monitors.
     */"
code_review,groq,v2_structured,doc_generation,jenkinsci/jenkins,code_review:3cdf45c517,0.0625,0.0312,0.0078,0.1678,0.8374,0.0624,"java
/**
 * A memoizer for extension lists, caching the result of {@link ExtensionList#create(Jenkins, Class)} 
 * for each class type. This allows for efficient retrieval of extension lists without having to 
 * recompute them every time.
 */
private transient final Memoizer<Class, ExtensionList> extensionLists = new Memoizer<Class, ExtensionList>() {
    @Override
    public ExtensionList compute(Class key) {
        return ExtensionList.create(Jenkins.this, key);
    }
};","    /**
     * Returns the enabled and activated administrative monitors.
     */"
code_review,huggingface,v2_structured,doc_generation,jenkinsci/jenkins,code_review:3cdf45c517,0.1026,0.1026,0.0119,0.155,0.8483,0.1069,"Here is the complete Javadoc doc block:

/**
 * Creates a memoizer for extension lists.
 * 
 * @param key the key to use for memoization
 * @return the memoized extension list
 * @throws Exception if an error occurs
 */","    /**
     * Returns the enabled and activated administrative monitors.
     */"
code_review,qwen_coder,v2_structured,doc_generation,jenkinsci/jenkins,code_review:3cdf45c517,0.1,0.1,0.0119,0.155,0.8463,0.1013,"java
/**
 * Private memoizer for caching extension lists based on their types.
 * 
 * @param key The class type of the extensions to be cached.
 * @return An {@code ExtensionList} containing the extensions of the specified type.
 */","    /**
     * Returns the enabled and activated administrative monitors.
     */"
code_review,groq,v3_template,doc_generation,jenkinsci/jenkins,code_review:3cdf45c517,0.15,0.15,0.0671,0.2344,0.8359,0.2378,"/**
 * Returns the extension list for the given Jenkins instance and class.
 * @param key the class for which the extension list is requested
 * @return the extension list for the given Jenkins instance and class
 */","    /**
     * Returns the enabled and activated administrative monitors.
     */"
code_review,huggingface,v3_template,doc_generation,jenkinsci/jenkins,code_review:3cdf45c517,0.0889,0.0889,0.0235,0.1866,0.8216,0.144,"Here is the filled template:

/**
 * Returns a memoized extension list for the given class.
 * @param key the class for which to return the memoized extension list
 * @return the memoized extension list
 * @throws NullPointerException if the key is null
 */","    /**
     * Returns the enabled and activated administrative monitors.
     */"
code_review,qwen_coder,v3_template,doc_generation,jenkinsci/jenkins,code_review:3cdf45c517,0.0769,0.0769,0.0202,0.1773,0.8121,0.2107,"/**
 * Returns an {@link ExtensionList} containing all extensions of the specified type.
 * @param clazz The class of the extension type to retrieve.
 * @return An {@link ExtensionList} containing all extensions of the specified type.
 * @throws IllegalArgumentException if the provided class is null or not an extension point.
 */","    /**
     * Returns the enabled and activated administrative monitors.
     */"
code_review,groq,v4_persona,doc_generation,jenkinsci/jenkins,code_review:3cdf45c517,0.1026,0.1026,0.0126,0.1969,0.8332,0.1124,"/**
 * Memoizes the creation of {@link ExtensionList}s for a given {@link Class}.
 * 
 * @param key the class for which to create an {@link ExtensionList}
 * @return the memoized {@link ExtensionList} for the given class
 */","    /**
     * Returns the enabled and activated administrative monitors.
     */"
code_review,groq,v5_cognitive,doc_generation,jenkinsci/jenkins,code_review:3cdf45c517,0.0429,0.0429,0.0034,0.1299,0.8105,0.0929,"(1) The single responsibility of this method is to compute and return an ExtensionList for a given Class key.

(2) The parameter 'key' represents a Class object that is used to identify the ExtensionList to be computed. It is of type Class.

(3) The method returns an ExtensionList object, which is computed based on the provided key. It does not explicitly throw any exceptions, but it may throw exceptions if there are any issues during the computation of the ExtensionList.

Here is the final Javadoc block:

```java
/**
 * Computes and returns an ExtensionList for the given Class key.
 * 
 * @param key the Class object used to identify the ExtensionList to be computed
 * @return an ExtensionList object computed based on the provided key
 * @throws Exception if there are any issues during the computation of the ExtensionList
 */
```","    /**
     * Returns the enabled and activated administrative monitors.
     */"
code_review,groq,v1_minimal,doc_generation,apache/pulsar,code_review:31ce4e8b2f,0.1368,0.1053,0.0057,0.0721,0.7786,0.0469,"Here's the Javadoc for the provided Java code:

```java
/**
 * Constructs a new instance of DelayInjectionMetadataStore.
 * 
 * @param store the underlying metadata store, extended to support delay injection
 */
public DelayInjectionMetadataStore(MetadataStoreExtended store) {
    /**
     * The underlying metadata store.
     */
    this.store = store;
    
    /**
     * A list of delays, implemented as a thread-safe CopyOnWriteArrayList.
     */
    this.delays = new CopyOnWriteArrayList<>();
    
    /**
     * A single-threaded scheduled executor for scheduling delay injections.
     */
    scheduler = Executors.newSingleThreadScheduledExecutor(
            new DefaultThreadFactory(""metadata-store-delay-injection""));
}
```","/**
 * Licensed to the Apache Software Foundation (ASF) under one
 * or more contributor license agreements.  See the NOTICE file
 * distributed with this work for additional information
 * regarding copyright ownership.  The ASF licenses this file
 * to you under the Apache License, Version 2.0 (the
 * ""License""); you may not use this file except in compliance
 * with the License.  You may obtain a copy of the License at
 *
 *   http://www.apache.org/licenses/LICENSE-2.0
 *
 * Unless required by applicable law or agreed to in writing,
 * software distributed under the License is distributed on an
 * ""AS IS"" BASIS, WITHOUT WARRANTIES OR CONDITIONS OF ANY
 * KIND, either express or implied.  See the License for the
 * specific language governing permissions and limitations
 * under the License.
 */"
code_review,groq,v2_structured,doc_generation,apache/pulsar,code_review:31ce4e8b2f,0.0859,0.0613,0.0025,0.0452,0.7762,0.0203,"java
/**
 * Constructs a new DelayInjectionMetadataStore instance.
 * 
 * @param store the underlying MetadataStoreExtended instance to be wrapped
 * @throws NullPointerException if the provided store is null
 */
public DelayInjectionMetadataStore(MetadataStoreExtended store) {
        this.store = store;
        this.delays = new CopyOnWriteArrayList<>();
        scheduler = Executors.newSingleThreadScheduledExecutor(
                new DefaultThreadFactory(""metadata-store-delay-injection""));
}","/**
 * Licensed to the Apache Software Foundation (ASF) under one
 * or more contributor license agreements.  See the NOTICE file
 * distributed with this work for additional information
 * regarding copyright ownership.  The ASF licenses this file
 * to you under the Apache License, Version 2.0 (the
 * ""License""); you may not use this file except in compliance
 * with the License.  You may obtain a copy of the License at
 *
 *   http://www.apache.org/licenses/LICENSE-2.0
 *
 * Unless required by applicable law or agreed to in writing,
 * software distributed under the License is distributed on an
 * ""AS IS"" BASIS, WITHOUT WARRANTIES OR CONDITIONS OF ANY
 * KIND, either express or implied.  See the License for the
 * specific language governing permissions and limitations
 * under the License.
 */"
code_review,groq,v3_template,doc_generation,apache/pulsar,code_review:31ce4e8b2f,0.0571,0.0571,0.0003,0.0377,0.7816,0.0077,"java
/**
 * Constructs a new DelayInjectionMetadataStore instance.
 * @param store The underlying MetadataStoreExtended instance.
 * @throws NullPointerException If the store parameter is null.
 */","/**
 * Licensed to the Apache Software Foundation (ASF) under one
 * or more contributor license agreements.  See the NOTICE file
 * distributed with this work for additional information
 * regarding copyright ownership.  The ASF licenses this file
 * to you under the Apache License, Version 2.0 (the
 * ""License""); you may not use this file except in compliance
 * with the License.  You may obtain a copy of the License at
 *
 *   http://www.apache.org/licenses/LICENSE-2.0
 *
 * Unless required by applicable law or agreed to in writing,
 * software distributed under the License is distributed on an
 * ""AS IS"" BASIS, WITHOUT WARRANTIES OR CONDITIONS OF ANY
 * KIND, either express or implied.  See the License for the
 * specific language governing permissions and limitations
 * under the License.
 */"
code_review,huggingface,v3_template,doc_generation,apache/pulsar,code_review:31ce4e8b2f,0.0952,0.068,0.001,0.054,0.7841,-0.007,"Here is the filled template:

/**
 * Creates a new instance of DelayInjectionMetadataStore, injecting metadata into the given MetadataStoreExtended.
 * @param store the MetadataStoreExtended to inject metadata into
 * @return 
 * @throws 
 */","/**
 * Licensed to the Apache Software Foundation (ASF) under one
 * or more contributor license agreements.  See the NOTICE file
 * distributed with this work for additional information
 * regarding copyright ownership.  The ASF licenses this file
 * to you under the Apache License, Version 2.0 (the
 * ""License""); you may not use this file except in compliance
 * with the License.  You may obtain a copy of the License at
 *
 *   http://www.apache.org/licenses/LICENSE-2.0
 *
 * Unless required by applicable law or agreed to in writing,
 * software distributed under the License is distributed on an
 * ""AS IS"" BASIS, WITHOUT WARRANTIES OR CONDITIONS OF ANY
 * KIND, either express or implied.  See the License for the
 * specific language governing permissions and limitations
 * under the License.
 */"
code_review,qwen_coder,v3_template,doc_generation,apache/pulsar,code_review:31ce4e8b2f,0.0833,0.0595,0.0023,0.041,0.7751,0.0272,"/**
 * Initializes a new instance of DelayInjectionMetadataStore.
 * @param store The underlying metadata store extended object.
 * @throws IllegalArgumentException if the store is null.
 */
```java
public DelayInjectionMetadataStore(MetadataStoreExtended store) {
        this.store = Objects.requireNonNull(store, ""store cannot be null"");
        this.delays = new CopyOnWriteArrayList<>();
        scheduler = Executors.newSingleThreadScheduledExecutor(
                new DefaultThreadFactory(""metadata-store-delay-injection""));
    }
```","/**
 * Licensed to the Apache Software Foundation (ASF) under one
 * or more contributor license agreements.  See the NOTICE file
 * distributed with this work for additional information
 * regarding copyright ownership.  The ASF licenses this file
 * to you under the Apache License, Version 2.0 (the
 * ""License""); you may not use this file except in compliance
 * with the License.  You may obtain a copy of the License at
 *
 *   http://www.apache.org/licenses/LICENSE-2.0
 *
 * Unless required by applicable law or agreed to in writing,
 * software distributed under the License is distributed on an
 * ""AS IS"" BASIS, WITHOUT WARRANTIES OR CONDITIONS OF ANY
 * KIND, either express or implied.  See the License for the
 * specific language governing permissions and limitations
 * under the License.
 */"
code_review,groq,v4_persona,doc_generation,apache/pulsar,code_review:31ce4e8b2f,0.0966,0.069,0.0008,0.05,0.8032,0.078,"/**
 * Constructs a DelayInjectionMetadataStore instance, initializing the underlying metadata store and a single-threaded scheduler.
 * 
 * @param store the extended metadata store to use for storing metadata
 */","/**
 * Licensed to the Apache Software Foundation (ASF) under one
 * or more contributor license agreements.  See the NOTICE file
 * distributed with this work for additional information
 * regarding copyright ownership.  The ASF licenses this file
 * to you under the Apache License, Version 2.0 (the
 * ""License""); you may not use this file except in compliance
 * with the License.  You may obtain a copy of the License at
 *
 *   http://www.apache.org/licenses/LICENSE-2.0
 *
 * Unless required by applicable law or agreed to in writing,
 * software distributed under the License is distributed on an
 * ""AS IS"" BASIS, WITHOUT WARRANTIES OR CONDITIONS OF ANY
 * KIND, either express or implied.  See the License for the
 * specific language governing permissions and limitations
 * under the License.
 */"
code_review,huggingface,v4_persona,doc_generation,apache/pulsar,code_review:31ce4e8b2f,0.1259,0.0839,0.0009,0.0626,0.8043,0.0962,"/**
 * Initializes the metadata store with the given store and creates a new
 * CopyOnWriteArrayList for storing delays.
 * 
 * @param store the metadata store to use
 */","/**
 * Licensed to the Apache Software Foundation (ASF) under one
 * or more contributor license agreements.  See the NOTICE file
 * distributed with this work for additional information
 * regarding copyright ownership.  The ASF licenses this file
 * to you under the Apache License, Version 2.0 (the
 * ""License""); you may not use this file except in compliance
 * with the License.  You may obtain a copy of the License at
 *
 *   http://www.apache.org/licenses/LICENSE-2.0
 *
 * Unless required by applicable law or agreed to in writing,
 * software distributed under the License is distributed on an
 * ""AS IS"" BASIS, WITHOUT WARRANTIES OR CONDITIONS OF ANY
 * KIND, either express or implied.  See the License for the
 * specific language governing permissions and limitations
 * under the License.
 */"
code_review,qwen_coder,v4_persona,doc_generation,apache/pulsar,code_review:31ce4e8b2f,0.1317,0.1198,0.0035,0.0738,0.7934,0.0828,"/**
 * Initializes a new instance of the DelayInjectionMetadataStore class with the specified metadata store extended object.
 * This constructor also sets up a single-threaded scheduled executor service using a DefaultThreadFactory named ""metadata-store-delay-injection"".
 * 
 * @param store The MetadataStoreExtended object to be used for metadata storage and retrieval.
 */","/**
 * Licensed to the Apache Software Foundation (ASF) under one
 * or more contributor license agreements.  See the NOTICE file
 * distributed with this work for additional information
 * regarding copyright ownership.  The ASF licenses this file
 * to you under the Apache License, Version 2.0 (the
 * ""License""); you may not use this file except in compliance
 * with the License.  You may obtain a copy of the License at
 *
 *   http://www.apache.org/licenses/LICENSE-2.0
 *
 * Unless required by applicable law or agreed to in writing,
 * software distributed under the License is distributed on an
 * ""AS IS"" BASIS, WITHOUT WARRANTIES OR CONDITIONS OF ANY
 * KIND, either express or implied.  See the License for the
 * specific language governing permissions and limitations
 * under the License.
 */"
code_review,groq,v5_cognitive,doc_generation,apache/pulsar,code_review:31ce4e8b2f,0.2236,0.118,0.0044,0.1484,0.7683,0.087,"(1) The single responsibility of this method is to initialize a DelayInjectionMetadataStore object by setting up its internal components.

(2) 
- `store`: This parameter represents the MetadataStoreExtended object that this DelayInjectionMetadataStore object will be built upon.
- `delays`: This is an internal field, not a parameter, representing a list of delays. It is initialized in the constructor but not passed in as a parameter.
- `scheduler`: This is an internal field, not a parameter, representing a single-threaded scheduled executor used for scheduling tasks. It is initialized in the constructor but not passed in as a parameter.

(3)
- It returns nothing (void).
- It does not throw any exceptions explicitly, but it may throw exceptions if the `store` parameter is null or if there is an issue with creating the `scheduler` or `delays` fields.

Here is the final Javadoc block:

```java
/**
 * Initializes a DelayInjectionMetadataStore object by setting up its internal components.
 * 
 * @param store the MetadataStoreExtended object that this DelayInjectionMetadataStore object will be built upon
 * @throws NullPointerException if the store parameter is null
 * @throws Exception if there is an issue with creating the scheduler or delays fields
 */
public DelayInjectionMetadataStore(MetadataStoreExtended store) {
    this.store = store;
    this.delays = new CopyOnWriteArrayList<>();
    scheduler = Executors.newSingleThreadScheduledExecutor(
            new DefaultThreadFactory(""metadata-store-delay-injection""));
}
```","/**
 * Licensed to the Apache Software Foundation (ASF) under one
 * or more contributor license agreements.  See the NOTICE file
 * distributed with this work for additional information
 * regarding copyright ownership.  The ASF licenses this file
 * to you under the Apache License, Version 2.0 (the
 * ""License""); you may not use this file except in compliance
 * with the License.  You may obtain a copy of the License at
 *
 *   http://www.apache.org/licenses/LICENSE-2.0
 *
 * Unless required by applicable law or agreed to in writing,
 * software distributed under the License is distributed on an
 * ""AS IS"" BASIS, WITHOUT WARRANTIES OR CONDITIONS OF ANY
 * KIND, either express or implied.  See the License for the
 * specific language governing permissions and limitations
 * under the License.
 */"
code_review,huggingface,v5_cognitive,doc_generation,apache/pulsar,code_review:31ce4e8b2f,0.2447,0.1489,0.0051,0.0966,0.7808,0.077,"Here are the sub-answers:

(1) The single responsibility of this method is to initialize the `DelayInjectionMetadataStore` object.

(2) The parameter `store` represents the `MetadataStoreExtended` object that is being used by the `DelayInjectionMetadataStore` object.

(3) The method does not return any value, and it throws no exceptions.

And here is the final Javadoc block:

/**
 * Initializes the DelayInjectionMetadataStore object.
 * 
 * @param store the MetadataStoreExtended object used by the DelayInjectionMetadataStore object
 */","/**
 * Licensed to the Apache Software Foundation (ASF) under one
 * or more contributor license agreements.  See the NOTICE file
 * distributed with this work for additional information
 * regarding copyright ownership.  The ASF licenses this file
 * to you under the Apache License, Version 2.0 (the
 * ""License""); you may not use this file except in compliance
 * with the License.  You may obtain a copy of the License at
 *
 *   http://www.apache.org/licenses/LICENSE-2.0
 *
 * Unless required by applicable law or agreed to in writing,
 * software distributed under the License is distributed on an
 * ""AS IS"" BASIS, WITHOUT WARRANTIES OR CONDITIONS OF ANY
 * KIND, either express or implied.  See the License for the
 * specific language governing permissions and limitations
 * under the License.
 */"
code_review,qwen_coder,v5_cognitive,doc_generation,apache/pulsar,code_review:31ce4e8b2f,0.0864,0.0494,0.0022,0.0412,0.7812,0.0519,"java
/**
 * Initializes a metadata store with delays injection capabilities.
 *
 * @param store The underlying metadata store implementation to be decorated with delay injection.
 */
public DelayInjectionMetadataStore(MetadataStoreExtended store) {
    this.store = store;
    this.delays = new CopyOnWriteArrayList<>();
    scheduler = Executors.newSingleThreadScheduledExecutor(
            new DefaultThreadFactory(""metadata-store-delay-injection""));
}","/**
 * Licensed to the Apache Software Foundation (ASF) under one
 * or more contributor license agreements.  See the NOTICE file
 * distributed with this work for additional information
 * regarding copyright ownership.  The ASF licenses this file
 * to you under the Apache License, Version 2.0 (the
 * ""License""); you may not use this file except in compliance
 * with the License.  You may obtain a copy of the License at
 *
 *   http://www.apache.org/licenses/LICENSE-2.0
 *
 * Unless required by applicable law or agreed to in writing,
 * software distributed under the License is distributed on an
 * ""AS IS"" BASIS, WITHOUT WARRANTIES OR CONDITIONS OF ANY
 * KIND, either express or implied.  See the License for the
 * specific language governing permissions and limitations
 * under the License.
 */"
code_review,groq,v1_minimal,doc_generation,micronaut-projects/micronaut-core,code_review:52afb76b5e,0.0,0.0,0.0054,0.1128,0.8241,0.1758,"java
/**
 * Finds a date based on the given name. The date is expected to be in RFC 1123 format.
 * 
 * @param name the name of the date to find
 * @return an Optional containing the ZonedDateTime if the date is found, otherwise an empty Optional
 */
default Optional<ZonedDateTime> findDate(CharSequence name) {
    try {
        return findFirst(name).map((str) -> {
                LocalDateTime localDateTime = LocalDateTime.parse(str, DateTimeFormatter.RFC_1123_DATE_TIME);
                return ZonedDateTime.of(localDateTime, ZoneId.of(""GMT""));
            }
        );
    } catch (DateTimeParseException e) {
        return Optional.empty();
    }
}","    /**
     * {@code ""Bearer ""}.
     */"
code_review,huggingface,v1_minimal,doc_generation,micronaut-projects/micronaut-core,code_review:52afb76b5e,0.0132,0.0132,0.0027,0.0721,0.8132,0.134,"Here is the Javadoc for the given Java code:

```java
/**
 * Finds the date associated with the given name.
 * 
 * @param name the name to search for
 * @return an Optional containing the ZonedDateTime if found, otherwise an empty Optional
 */
default Optional<ZonedDateTime> findDate(CharSequence name) {
    try {
        // Searches for the date associated with the given name and parses it into a ZonedDateTime
        return findFirst(name).map((str) -> {
            // Parses the date string into a LocalDateTime
            LocalDateTime localDateTime = LocalDateTime.parse(str, DateTimeFormatter.RFC_1123_DATE_TIME);
            // Converts the LocalDateTime to a ZonedDateTime with the GMT timezone
            return ZonedDateTime.of(localDateTime, ZoneId.of(""GMT""));
        });
    } catch (DateTimeParseException e) {
        // If a DateTimeParseException occurs, returns an empty Optional
        return Optional.empty();
    }
}
```

Note: The Javadoc is written in a way that it provides a clear description of the method, its parameters, and its return value. It also explains the possible exceptions that can occur and how they are handled.","    /**
     * {@code ""Bearer ""}.
     */"
code_review,qwen_coder,v1_minimal,doc_generation,micronaut-projects/micronaut-core,code_review:52afb76b5e,0.0119,0.0119,0.0026,0.0885,0.807,0.1443,"Certainly! Below is the Javadoc for your Java method `findDate`:

```java
/**
 * Finds and parses the first occurrence of a date string from the provided CharSequence.
 * <p>
 * The date string should be in RFC 1123 format, and it will be parsed into
 * a ZonedDateTime object set to the GMT timezone.
 * </p>
 *
 * @param   name A {@link CharSequence} containing the date strings
 * @return  An {@code Optional<ZonedDateTime>} containing the parsed date if successful,
 *          or an empty {@code Optional} if parsing fails due to invalid input formats.
 * @throws  IllegalArgumentException If the input CharSequence does not contain any valid date string
 */
default Optional<ZonedDateTime> findDate(CharSequence name) {
    try {
        return findFirst(name).map((str) -> {
                LocalDateTime localDateTime = LocalDateTime.parse(str, DateTimeFormatter.RFC_1123_DATE_TIME);
                return ZonedDateTime.of(localDateTime, ZoneId.of(""GMT""));
        });
    } catch (DateTimeParseException e) {
        return Optional.empty();
    }
}
```

This Javadoc provides a clear description of what the method does, the expected input, and the possible return values. It also includes the throws clause to indicate that `IllegalArgumentException` might be thrown with specific conditions.","    /**
     * {@code ""Bearer ""}.
     */"
code_review,groq,v2_structured,doc_generation,micronaut-projects/micronaut-core,code_review:52afb76b5e,0.0,0.0,0.005,0.1087,0.8183,0.1859,"java
/**
 * Finds a date represented as a string in RFC 1123 format within the data.
 * 
 * @param name the name of the data to search for the date
 * @return an Optional containing the ZonedDateTime representation of the date, or an empty Optional if no date is found or the date is invalid
 * @throws DateTimeParseException if the date in the data is not in RFC 1123 format
 */
default Optional<ZonedDateTime> findDate(CharSequence name) {
    // method implementation remains the same
}","    /**
     * {@code ""Bearer ""}.
     */"
code_review,huggingface,v2_structured,doc_generation,micronaut-projects/micronaut-core,code_review:52afb76b5e,0.0,0.0,0.0057,0.1172,0.8005,0.2224,"Here is the complete Javadoc doc block for the given method:

```java
/**
 * Returns the first date found in the given name, or an empty Optional if no date is found.
 * 
 * @param name the name to search for dates
 * @return the first date found, or an empty Optional if no date is found
 * @throws DateTimeParseException if the date in the name is not in the correct format
 */
```","    /**
     * {@code ""Bearer ""}.
     */"
code_review,qwen_coder,v2_structured,doc_generation,micronaut-projects/micronaut-core,code_review:52afb76b5e,0.0,0.0,0.0049,0.1071,0.8202,0.1068,"java
/**
 * Finds the first occurrence of a date string in the given CharSequence and converts it to a GMT-based ZonedDateTime.
 *
 * @param name The CharSequence containing the date string to be parsed.
 * @return An Optional containing the converted ZonedDateTime if successful, or an empty Optional if the date string is invalid.
 */
default Optional<ZonedDateTime> findDate(CharSequence name) {
    try {
        return findFirst(name).map((str) -> {
                LocalDateTime localDateTime = LocalDateTime.parse(str, DateTimeFormatter.RFC_1123_DATE_TIME);
                return ZonedDateTime.of(localDateTime, ZoneId.of(""GMT""));
            }
        );
    } catch (DateTimeParseException e) {
        return Optional.empty();
    }
}","    /**
     * {@code ""Bearer ""}.
     */"
code_review,groq,v3_template,doc_generation,micronaut-projects/micronaut-core,code_review:52afb76b5e,0.0,0.0,0.0078,0.1376,0.7844,0.2247,"/**
 * Finds the first date matching the given name and returns it as a ZonedDateTime in GMT.
 * @param name The name to search for a date.
 * @return An Optional containing the ZonedDateTime if found, otherwise an empty Optional.
 * @throws DateTimeParseException If the date string is not in the correct format.
 */","    /**
     * {@code ""Bearer ""}.
     */"
code_review,huggingface,v3_template,doc_generation,micronaut-projects/micronaut-core,code_review:52afb76b5e,0.0,0.0,0.0069,0.1293,0.7797,0.2924,"Here is the filled template:

/**
 * Returns the first date found in the given name as a ZonedDateTime, or an empty Optional if no date is found.
 * @param name the name to search for dates
 * @return the first date found, or an empty Optional if no date is found
 * @throws DateTimeParseException if the date string is invalid
 */","    /**
     * {@code ""Bearer ""}.
     */"
code_review,qwen_coder,v3_template,doc_generation,micronaut-projects/micronaut-core,code_review:52afb76b5e,0.0,0.0,0.0072,0.1327,0.7812,0.3044,"/**
 * Returns the first date found in the input CharSequence as an optional ZonedDateTime in GMT timezone.
 * @param name The CharSequence containing potential date strings.
 * @return An Optional containing the parsed ZonedDateTime if a valid date is found, otherwise an empty Optional.
 * @throws IllegalArgumentException If there is an error parsing any of the dates.
 */","    /**
     * {@code ""Bearer ""}.
     */"
code_review,groq,v4_persona,doc_generation,micronaut-projects/micronaut-core,code_review:52afb76b5e,0.0,0.0,0.0067,0.1271,0.8033,0.2955,"/**
 * Finds a date in the format specified by RFC 1123 (e.g., ""Wed, 21 Jan 2015 16:30:00 GMT"")
 * from the first matching string in the collection, and returns it as a ZonedDateTime in the GMT time zone.
 * 
 * @param name the name of the date to find
 * @return an Optional containing the ZonedDateTime if found, otherwise an empty Optional
 */","    /**
     * {@code ""Bearer ""}.
     */"
code_review,huggingface,v4_persona,doc_generation,micronaut-projects/micronaut-core,code_review:52afb76b5e,0.0,0.0,0.0056,0.1154,0.7782,0.2814,"/**
 * Returns the first date found in the given name as a ZonedDateTime, or an empty Optional if no date is found.
 * The date is parsed from the given name using the RFC 1123 date time format.
 * If the parsing fails, an empty Optional is returned.
 * @param name the name to search for a date in
 * @return the first date found, or an empty Optional if no date is found
 */","    /**
     * {@code ""Bearer ""}.
     */"
code_review,groq,v5_cognitive,doc_generation,micronaut-projects/micronaut-core,code_review:52afb76b5e,0.0,0.0,0.0026,0.0704,0.7787,0.1253,"(1) The single responsibility of this method is to find a ZonedDateTime object from a given name, assuming it's in RFC 1123 format.

(2) 
- `name`: This parameter represents the name to be searched for a date in RFC 1123 format.

(3)
- The method returns an Optional<ZonedDateTime> object, which contains the parsed ZonedDateTime object if found, or an empty Optional if not found or if the input is invalid.
- It throws a DateTimeParseException if the input string cannot be parsed into a LocalDateTime object using the specified DateTimeFormatter.

/** 
 * Finds a ZonedDateTime object from a given name in RFC 1123 format.
 * 
 * @param name the name to be searched for a date
 * @return an Optional containing the parsed ZonedDateTime object if found, or an empty Optional if not found or if the input is invalid
 * @throws DateTimeParseException if the input string cannot be parsed into a LocalDateTime object using the specified DateTimeFormatter
 */","    /**
     * {@code ""Bearer ""}.
     */"
code_review,groq,v1_minimal,doc_generation,broadinstitute/gatk,code_review:cfc5a2b923,0.1702,0.1702,0.0072,0.1069,0.8275,0.4956,"java
/**
 * Returns the class of the annotation feature.
 * 
 * @return the class of the annotation feature, which is {@link GencodeGtfFeature}
 */
protected Class<? extends Feature> getAnnotationFeatureClass() {
    return GencodeGtfFeature.class;
}","    /**
     * Creates a {@link GencodeFuncotation}s based on a given spanning deletion {@link Allele}.
     *
     * Reports reference bases as if they are on the {@link Strand#POSITIVE} strand.
     * @param variant The {@link VariantContext} associated with this annotation.
     * @param annotationTranscript The transcript ID to use for populating this funcotation.
     * @param reference The {@link ReferenceContext} in which the given {@link Allele}s appear.
     * @return An IGR funcotation for the given allele.
     */"
code_review,groq,v2_structured,doc_generation,broadinstitute/gatk,code_review:cfc5a2b923,0.1481,0.1235,0.0024,0.094,0.8232,0.4076,"/**
 * Returns the class of the annotation feature.
 * 
 * @return the class of the annotation feature
 */","    /**
     * Creates a {@link GencodeFuncotation}s based on a given spanning deletion {@link Allele}.
     *
     * Reports reference bases as if they are on the {@link Strand#POSITIVE} strand.
     * @param variant The {@link VariantContext} associated with this annotation.
     * @param annotationTranscript The transcript ID to use for populating this funcotation.
     * @param reference The {@link ReferenceContext} in which the given {@link Allele}s appear.
     * @return An IGR funcotation for the given allele.
     */"
code_review,groq,v3_template,doc_generation,broadinstitute/gatk,code_review:cfc5a2b923,0.1266,0.1013,0.0012,0.0791,0.8251,0.3902,"/**
 * Returns the annotation feature class.
 * @return The class of the annotation feature.
 */","    /**
     * Creates a {@link GencodeFuncotation}s based on a given spanning deletion {@link Allele}.
     *
     * Reports reference bases as if they are on the {@link Strand#POSITIVE} strand.
     * @param variant The {@link VariantContext} associated with this annotation.
     * @param annotationTranscript The transcript ID to use for populating this funcotation.
     * @param reference The {@link ReferenceContext} in which the given {@link Allele}s appear.
     * @return An IGR funcotation for the given allele.
     */"
code_review,huggingface,v3_template,doc_generation,broadinstitute/gatk,code_review:cfc5a2b923,0.1176,0.1176,0.0043,0.0734,0.807,0.385,"Here is the filled template:

/**
 * Returns the annotation feature class.
 * @param none
 * @return Class<? extends Feature>
 * @throws none
 */","    /**
     * Creates a {@link GencodeFuncotation}s based on a given spanning deletion {@link Allele}.
     *
     * Reports reference bases as if they are on the {@link Strand#POSITIVE} strand.
     * @param variant The {@link VariantContext} associated with this annotation.
     * @param annotationTranscript The transcript ID to use for populating this funcotation.
     * @param reference The {@link ReferenceContext} in which the given {@link Allele}s appear.
     * @return An IGR funcotation for the given allele.
     */"
code_review,qwen_coder,v3_template,doc_generation,broadinstitute/gatk,code_review:cfc5a2b923,0.2093,0.186,0.0035,0.1085,0.8239,0.6163,"/**
 * Returns the class of the annotation feature used in the GencodeGtfFeature implementation.
 * @return The class representing the annotation feature.
 */","    /**
     * Creates a {@link GencodeFuncotation}s based on a given spanning deletion {@link Allele}.
     *
     * Reports reference bases as if they are on the {@link Strand#POSITIVE} strand.
     * @param variant The {@link VariantContext} associated with this annotation.
     * @param annotationTranscript The transcript ID to use for populating this funcotation.
     * @param reference The {@link ReferenceContext} in which the given {@link Allele}s appear.
     * @return An IGR funcotation for the given allele.
     */"
code_review,groq,v4_persona,doc_generation,broadinstitute/gatk,code_review:cfc5a2b923,0.1053,0.0789,0.0002,0.0374,0.806,0.5308,"/**
 * Returns the class of the Gencode GTF feature annotation.","    /**
     * Creates a {@link GencodeFuncotation}s based on a given spanning deletion {@link Allele}.
     *
     * Reports reference bases as if they are on the {@link Strand#POSITIVE} strand.
     * @param variant The {@link VariantContext} associated with this annotation.
     * @param annotationTranscript The transcript ID to use for populating this funcotation.
     * @param reference The {@link ReferenceContext} in which the given {@link Allele}s appear.
     * @return An IGR funcotation for the given allele.
     */"
code_review,huggingface,v4_persona,doc_generation,broadinstitute/gatk,code_review:cfc5a2b923,0.1039,0.1039,0.0011,0.0792,0.8223,0.373,"/**
 * Returns the annotation feature class.
 * 
 * @return the annotation feature class
 */","    /**
     * Creates a {@link GencodeFuncotation}s based on a given spanning deletion {@link Allele}.
     *
     * Reports reference bases as if they are on the {@link Strand#POSITIVE} strand.
     * @param variant The {@link VariantContext} associated with this annotation.
     * @param annotationTranscript The transcript ID to use for populating this funcotation.
     * @param reference The {@link ReferenceContext} in which the given {@link Allele}s appear.
     * @return An IGR funcotation for the given allele.
     */"
code_review,qwen_coder,v4_persona,doc_generation,broadinstitute/gatk,code_review:cfc5a2b923,0.234,0.1702,0.0073,0.1292,0.8319,0.5942,"java
/**
 * Returns the class type of annotations used for feature extraction in the Gencode GTF format.
 *
 * @return The class type {@link GencodeGtfFeature} which represents the annotation feature.
 */","    /**
     * Creates a {@link GencodeFuncotation}s based on a given spanning deletion {@link Allele}.
     *
     * Reports reference bases as if they are on the {@link Strand#POSITIVE} strand.
     * @param variant The {@link VariantContext} associated with this annotation.
     * @param annotationTranscript The transcript ID to use for populating this funcotation.
     * @param reference The {@link ReferenceContext} in which the given {@link Allele}s appear.
     * @return An IGR funcotation for the given allele.
     */"
code_review,groq,v5_cognitive,doc_generation,broadinstitute/gatk,code_review:cfc5a2b923,0.1677,0.1161,0.0092,0.1452,0.806,0.3497,"(1) The single responsibility of this method is to return the class of a specific feature.

(2) The parameter is empty, but the method is accessing a class named GencodeGtfFeature, which suggests that this class is a type of feature. 

(3) The method returns a Class object representing the GencodeGtfFeature class. It does not throw any exceptions.

Here is the final Javadoc block:

```java
/**
 * Returns the class of the Gencode GTF feature.
 * 
 * @return the class of the Gencode GTF feature
 */
protected Class<? extends Feature> getAnnotationFeatureClass() {
    return GencodeGtfFeature.class;
}
```","    /**
     * Creates a {@link GencodeFuncotation}s based on a given spanning deletion {@link Allele}.
     *
     * Reports reference bases as if they are on the {@link Strand#POSITIVE} strand.
     * @param variant The {@link VariantContext} associated with this annotation.
     * @param annotationTranscript The transcript ID to use for populating this funcotation.
     * @param reference The {@link ReferenceContext} in which the given {@link Allele}s appear.
     * @return An IGR funcotation for the given allele.
     */"
code_review,huggingface,v5_cognitive,doc_generation,broadinstitute/gatk,code_review:cfc5a2b923,0.1899,0.1392,0.0101,0.1519,0.8014,0.2716,"Here are the answers to the sub-questions:

(1) The single responsibility of this method is to return the class of a feature annotation.

(2) The parameter is none, as the method does not take any parameters. The return value represents the class of a feature annotation.

(3) The method returns a Class<? extends Feature> object, which is the class of a feature annotation. It does not throw any exceptions.

And here is the final Javadoc block:

/**
 * Returns the class of a feature annotation.
 * 
 * @return the class of a feature annotation
 */","    /**
     * Creates a {@link GencodeFuncotation}s based on a given spanning deletion {@link Allele}.
     *
     * Reports reference bases as if they are on the {@link Strand#POSITIVE} strand.
     * @param variant The {@link VariantContext} associated with this annotation.
     * @param annotationTranscript The transcript ID to use for populating this funcotation.
     * @param reference The {@link ReferenceContext} in which the given {@link Allele}s appear.
     * @return An IGR funcotation for the given allele.
     */"
code_review,qwen_coder,v5_cognitive,doc_generation,broadinstitute/gatk,code_review:cfc5a2b923,0.1481,0.1235,0.0025,0.094,0.8255,0.5247,"java
/**
 * Returns the class of the annotation feature.
 *
 * @return The class representing the `GencodeGtfFeature`.
 */","    /**
     * Creates a {@link GencodeFuncotation}s based on a given spanning deletion {@link Allele}.
     *
     * Reports reference bases as if they are on the {@link Strand#POSITIVE} strand.
     * @param variant The {@link VariantContext} associated with this annotation.
     * @param annotationTranscript The transcript ID to use for populating this funcotation.
     * @param reference The {@link ReferenceContext} in which the given {@link Allele}s appear.
     * @return An IGR funcotation for the given allele.
     */"
code_review,groq,v1_minimal,doc_generation,vespa-engine/vespa,code_review:a3da3c4820,0.0,0.0,0.0014,0.0401,0.7686,0.02,"Here's the Javadoc for the given Java code:

```java
/**
 * Compares the hardware specifications of two nodes and returns a YamasSpecReport.
 * 
 * This method takes two HardwareInfo objects, representing the expected and actual hardware configurations.
 * It compares the memory, CPU, network interface, and disk specifications of the two nodes and returns a report
 * indicating whether the hardware configurations are equal or not.
 * 
 * @param node the expected hardware configuration
 * @param actualHardware the actual hardware configuration
 * @return a YamasSpecReport containing the comparison results
 */
public static YamasSpecReport compare(HardwareInfo node, HardwareInfo actualHardware) {
    // ... (rest of the code remains the same)
}
```

However, it's worth noting that the Javadoc could be more detailed and include information about the classes used in the method, such as `YamasSpecReport`, `SpecReportDimensions`, and `SpecReportMetrics`. Here's an updated version:

```java
/**
 * Compares the hardware specifications of two nodes and returns a YamasSpecReport.
 * 
 * This method takes two HardwareInfo objects, representing the expected and actual hardware configurations.
 * It compares the memory, CPU, network interface, and disk specifications of the two nodes and returns a report
 * indicating whether the hardware configurations are equal or not.
 * 
 * The comparison results are stored in a YamasSpecReport object, which contains a set of dimensions and metrics.
 * The dimensions provide information about the hardware specifications, while the metrics indicate whether the
 * hardware configurations are equal or not.
 * 
 * @param node the expected hardware configuration
 * @param actualHardware the actual hardware configuration
 * @return a YamasSpecReport containing the comparison results
 */
public static YamasSpecReport compare(HardwareInfo node, HardwareInfo actualHardware) {
    // ... (rest of the code remains the same)
}
```

This updated Javadoc provides more context about the classes used in the method and the purpose of the `YamasSpecReport` object.","/**
 * Created by olaa on 04/07/2017.
 */"
code_review,huggingface,v1_minimal,doc_generation,vespa-engine/vespa,code_review:a3da3c4820,0.0187,0.0187,0.0042,0.1111,0.7951,0.0483,"Here is the Javadoc for the given Java code:

/**
 * Compares two hardware information objects and generates a YamasSpecReport.
 * 
 * @param node the first hardware information object to compare
 * @param actualHardware the second hardware information object to compare
 * @return a YamasSpecReport object containing the comparison results
 */
public static YamasSpecReport compare(HardwareInfo node, HardwareInfo actualHardware) {
    // ... (rest of the code remains the same)
}

Note: I've kept the Javadoc brief and to the point, focusing on the main purpose of the method and its parameters. If you'd like me to add more details or clarify certain aspects, feel free to let me know!","/**
 * Created by olaa on 04/07/2017.
 */"
code_review,qwen_coder,v1_minimal,doc_generation,vespa-engine/vespa,code_review:a3da3c4820,0.0076,0.0076,0.0016,0.0567,0.7546,-0.0398,"Certainly! Below is the Javadoc for your Java method:

```java
/**
 * Compares two HardwareInfo objects to determine if they are equal in terms of hardware specifications.
 *
 * @param node The expected HardwareInfo object containing the desired hardware configuration.
 * @param actualHardware The actual HardwareInfo object containing the current hardware configuration.
 * @return A {@link YamasSpecReport} object indicating whether the hardware configurations are equal and providing details of any discrepancies.
 */
public static YamasSpecReport compare(HardwareInfo node, HardwareInfo actualHardware) {
    // Initialize variables
    Boolean equalHardware = true;
    YamasSpecReport yamasSpecReport = new YamasSpecReport();
    SpecReportDimensions specReportDimensions = new SpecReportDimensions();
    SpecReportMetrics specReportMetrics = new SpecReportMetrics();

    // Check if either parameter is null and return empty report
    if (node == null || actualHardware == null) {
        return yamasSpecReport;
    }

    // Set metrics based on node and actual hardware comparison
    setReportMetrics(node, actualHardware, specReportMetrics);

    // Compare each component and update equalHardware flag
    equalHardware &= compareMemory(node, actualHardware, specReportDimensions);
    equalHardware &= compareCPU(node, actualHardware, specReportDimensions);
    equalHardware &= compareNetInterface(node, actualHardware, specReportDimensions);
    equalHardware &= compareDisk(node, actualHardware, specReportDimensions);

    // Set match status in metrics
    specReportMetrics.setMatch(equalHardware);
    
    // Set dimensions and metrics in the YamasSpecReport object
    yamasSpecReport.setDimensions(specReportDimensions);
    yamasSpecReport.setMetrics(specReportMetrics);

    // Return the populated YamasSpecReport object
    return yamasSpecReport;
}
```

### Explanation:
- **@param**: Describes the parameters of the method.
  - `node`: The expected `HardwareInfo` object which contains the desired hardware configuration.
  - `actualHardware`: The actual `HardwareInfo` object which contains the current hardware configuration.
  
- **@return**: Specifies the return type of the method along with a brief description of what the method returns.
  - Returns a `YamasSpecReport` object that encapsulates whether the hardware configurations are equal and details of any discrepancies.

### Notes:
- This docstring assumes the existence of other classes (`HardwareInfo`, `YamasSpecReport`, `SpecReportDimensions`, `SpecReportMetrics`) and","/**
 * Created by olaa on 04/07/2017.
 */"
code_review,groq,v2_structured,doc_generation,vespa-engine/vespa,code_review:a3da3c4820,0.0,0.0,0.0075,0.1163,0.7962,0.0295,"java
/**
 * Compares the given hardware information with the actual hardware information and returns a YamasSpecReport.
 * 
 * @param node the hardware information to compare
 * @param actualHardware the actual hardware information to compare against
 * @return a YamasSpecReport containing the comparison results
 */
public static YamasSpecReport compare(HardwareInfo node, HardwareInfo actualHardware) {
    // method implementation...
}","/**
 * Created by olaa on 04/07/2017.
 */"
code_review,huggingface,v2_structured,doc_generation,vespa-engine/vespa,code_review:a3da3c4820,0.0364,0.0364,0.0081,0.155,0.7992,0.0829,"Here is the complete Javadoc doc block:

```java
/**
 * Compares two hardware nodes and generates a report.
 * 
 * @param node the first hardware node to compare
 * @param actualHardware the second hardware node to compare
 * @return a YamasSpecReport object containing the comparison results
 * @throws no exceptions are thrown by this method
 */
```","/**
 * Created by olaa on 04/07/2017.
 */"
code_review,qwen_coder,v2_structured,doc_generation,vespa-engine/vespa,code_review:a3da3c4820,0.0,0.0,0.0108,0.1339,0.8022,0.0558,"java
/**
 * Compares the hardware specifications of two nodes.
 *
 * @param node          the base node to compare against.
 * @param actualHardware the actual hardware information to compare.
 * @return a {@link YamasSpecReport} object containing the comparison results.
 */","/**
 * Created by olaa on 04/07/2017.
 */"
code_review,groq,v3_template,doc_generation,vespa-engine/vespa,code_review:a3da3c4820,0.0,0.0,0.0111,0.1351,0.815,0.1314,"/**
 * Compares two hardware objects and returns a YamasSpecReport indicating their similarity.
 * @param node The expected hardware object.
 * @param actualHardware The actual hardware object to be compared.
 * @return A YamasSpecReport containing the comparison results.
 */","/**
 * Created by olaa on 04/07/2017.
 */"
code_review,huggingface,v3_template,doc_generation,vespa-engine/vespa,code_review:a3da3c4820,0.0,0.0,0.0078,0.1181,0.7972,0.0901,"Here is the filled template:

/**
 * Compares two hardware configurations and returns a YamasSpecReport.
 * @param node HardwareInfo object representing the expected hardware configuration
 * @param actualHardware HardwareInfo object representing the actual hardware configuration
 * @return YamasSpecReport object containing the comparison results
 * @throws Exception if either the node or actualHardware is null
 */","/**
 * Created by olaa on 04/07/2017.
 */"
code_review,qwen_coder,v3_template,doc_generation,vespa-engine/vespa,code_review:a3da3c4820,0.0,0.0,0.0086,0.123,0.8136,0.0785,"java
/**
 * Compares two HardwareInfo objects and generates a report indicating their hardware specifications match status.
 * @param node The expected or reference HardwareInfo object.
 * @param actualHardware The actual HardwareInfo object to be compared.
 * @return A YamasSpecReport object containing the dimensions and metrics of the comparison.
 */","/**
 * Created by olaa on 04/07/2017.
 */"
code_review,groq,v4_persona,doc_generation,vespa-engine/vespa,code_review:a3da3c4820,0.0,0.0,0.0079,0.119,0.808,0.0557,"java
/**
 * Compares the given hardware information with actual hardware and returns a YamasSpecReport.
 * 
 * The comparison includes memory, CPU, net interface, and disk specifications.
 * 
 * @param node the hardware information to compare
 * @param actualHardware the actual hardware to compare against
 * @return a YamasSpecReport containing the comparison results
 */","/**
 * Created by olaa on 04/07/2017.
 */"
code_review,huggingface,v4_persona,doc_generation,vespa-engine/vespa,code_review:a3da3c4820,0.0,0.0,0.0068,0.1111,0.7957,0.0959,"/**
 * Compares two <code>HardwareInfo</code> objects and returns a <code>YamasSpecReport</code> containing the comparison results.
 * The report includes the comparison of memory, CPU, network interface, and disk specifications.
 * If either input object is null, an empty report is returned.
 * @param node the expected hardware information
 * @param actualHardware the actual hardware information
 * @return a <code>YamasSpecReport</code> containing the comparison results
 */","/**
 * Created by olaa on 04/07/2017.
 */"
code_review,groq,v5_cognitive,doc_generation,vespa-engine/vespa,code_review:a3da3c4820,0.0315,0.0315,0.0037,0.1232,0.7845,0.0479,"(1) The single responsibility of this method is to compare two pieces of hardware (represented by `node` and `actualHardware`) and return a report on their similarity.

(2) 
- `node`: This parameter represents the expected hardware configuration.
- `actualHardware`: This parameter represents the actual hardware configuration being compared.

(3)
- The method returns a `YamasSpecReport` object, which contains a report on the similarity between the two hardware configurations.
- It throws no exceptions, but returns a default report if either `node` or `actualHardware` is null.

/** 
 * Compares two hardware configurations and returns a report on their similarity.
 * 
 * @param node the expected hardware configuration
 * @param actualHardware the actual hardware configuration being compared
 * @return a YamasSpecReport object containing a report on the similarity between the two hardware configurations
 */","/**
 * Created by olaa on 04/07/2017.
 */"
code_review,groq,v1_minimal,doc_generation,sleuthkit/autopsy,code_review:757c6cd128,0.0435,0.0435,0.0035,0.1154,0.8006,0.3042,"Here's the Javadoc for the given Java code:

```java
/**
 * Constructs a new instance of PListViewer.
 * Initializes the outline view, sets up the outline model, and customizes the view.
 */
public PListViewer() {
    // Create an Outlineview and add to the panel
    /**
     * Creates a new instance of the outline view.
     */
    outlineView = new org.openide.explorer.view.OutlineView();
    
    /**
     * Initializes the components of the view.
     */
    initComponents();
    
    /**
     * Retrieves the outline from the outline view.
     */
    outline = outlineView.getOutline();
    
    /**
     * Sets the label for the nodes column in the outline model.
     * @see DefaultOutlineModel#setNodesColumnLabel(String)
     */
    ((DefaultOutlineModel) outline.getOutlineModel()).setNodesColumnLabel(""Key""); 
    
    /**
     * Customizes the node labels for the key column.
     */
    Bundle.PListNode_KeyCol();
    
    /**
     * Sets the property columns for the outline view.
     * @see OutlineView#setPropertyColumns(String, String, String...)
     */
    outlineView.setPropertyColumns(
            ""Type"", Bundle.PListNode_TypeCol(),
            ""Value"", Bundle.PListNode_ValueCol());
    
    /**
     * Customizes the view.
     */
    customize();
}
```","/**
 * PListViewer - a file viewer for binary plist files. 
 *
 */"
code_review,groq,v2_structured,doc_generation,sleuthkit/autopsy,code_review:757c6cd128,0.0267,0.0267,0.0076,0.1381,0.8042,0.313,"java
/**
 * Initializes the PListViewer component.
 * 
 * This method creates an OutlineView, adds it to the panel, and configures its properties.
 * 
 * @throws Exception if an error occurs during initialization
 */
public PListViewer() {
        
        // Create an Outlineview and add to the panel
        outlineView = new org.openide.explorer.view.OutlineView();
        
        initComponents();
         
        outline = outlineView.getOutline();
        
        ((DefaultOutlineModel) outline.getOutlineModel()).setNodesColumnLabel(""Key""); 
        
        Bundle.PListNode_KeyCol();
        outlineView.setPropertyColumns(
                ""Type"", Bundle.PListNode_TypeCol(),
                ""Value"", Bundle.PListNode_ValueCol());
         
        customize();
}","/**
 * PListViewer - a file viewer for binary plist files. 
 *
 */"
code_review,huggingface,v2_structured,doc_generation,sleuthkit/autopsy,code_review:757c6cd128,0.1429,0.0714,0.0179,0.1724,0.8622,0.423,"Here is the complete Javadoc doc block for the method:

```java
/**
 * Initializes the PListViewer.
 * 
 * @param none
 * @return none
 * @throws none
 */
```","/**
 * PListViewer - a file viewer for binary plist files. 
 *
 */"
code_review,qwen_coder,v2_structured,doc_generation,sleuthkit/autopsy,code_review:757c6cd128,0.0513,0.0513,0.0072,0.1359,0.8224,0.3064,"java
/**
 * Constructs a new instance of PListViewer.
 *
 * @param none Takes no parameters.
 * @return nothing This constructor does not return a value.
 * @throws nothing This constructor does not throw exceptions.
 */
public PListViewer() {

    // Create an Outline view and add to the panel
    outlineView = new org.openide.explorer.view.OutlineView();

    initComponents();

    outline = outlineView.getOutline();

    ((DefaultOutlineModel) outline.getOutlineModel()).setNodesColumnLabel(""Key"");

    Bundle.PListNode_KeyCol();
    outlineView.setPropertyColumns(
            ""Type"", Bundle.PListNode_TypeCol(),
            ""Value"", Bundle.PListNode_ValueCol());

    customize();
}","/**
 * PListViewer - a file viewer for binary plist files. 
 *
 */"
code_review,groq,v3_template,doc_generation,sleuthkit/autopsy,code_review:757c6cd128,0.0625,0.0625,0.0166,0.1701,0.8663,0.502,"/**
 * Initializes the PListViewer with its components and settings.
 * @param panel The panel to which the components will be added.
 * @return None
 * @throws Exception None
 */","/**
 * PListViewer - a file viewer for binary plist files. 
 *
 */"
code_review,huggingface,v3_template,doc_generation,sleuthkit/autopsy,code_review:757c6cd128,0.1538,0.0769,0.022,0.2128,0.8604,0.4868,"Here is the filled template:

/**
 * Initializes a new PListViewer instance.
 * @param none none
 * @return none
 * @throws none none
 */","/**
 * PListViewer - a file viewer for binary plist files. 
 *
 */"
code_review,qwen_coder,v3_template,doc_generation,sleuthkit/autopsy,code_review:757c6cd128,0.0548,0.0274,0.0074,0.1117,0.8016,0.3617,"java
/**
 * initializes and sets up the components of the viewer.
 * 
 * @param none No parameters required.
 * @return void No return value.
 * @throws none No exception thrown.
 */
public PListViewer() {
       
        // Create an Outlineview and add to the panel
        outlineView = new org.openide.explorer.view.OutlineView();
        
        initComponents();
         
        outline = outlineView.getOutline();
        
        ((DefaultOutlineModel) outline.getOutlineModel()).setNodesColumnLabel(""Key""); 
        
        Bundle.PListNode_KeyCol();
        outlineView.setPropertyColumns(
                ""Type"", Bundle.PListNode_TypeCol(),
                ""Value"", Bundle.PListNode_ValueCol());
         
        customize();
    }","/**
 * PListViewer - a file viewer for binary plist files. 
 *
 */"
code_review,groq,v4_persona,doc_generation,sleuthkit/autopsy,code_review:757c6cd128,0.08,0.08,0.0243,0.2696,0.8826,0.5468,"java
/**
 * Initializes the PListViewer component by creating an OutlineView, 
 * setting up its properties, and customizing its appearance.
 */","/**
 * PListViewer - a file viewer for binary plist files. 
 *
 */"
code_review,huggingface,v4_persona,doc_generation,sleuthkit/autopsy,code_review:757c6cd128,0.0513,0.0513,0.013,0.1613,0.8618,0.4098,"/**
 * Initializes the PListViewer component.
 * Creates an OutlineView and adds it to the panel.
 * Sets the nodes column label to ""Key"".
 * Sets the property columns to ""Type"", ""Value"".
 * Calls the customize method.
 */","/**
 * PListViewer - a file viewer for binary plist files. 
 *
 */"
code_review,qwen_coder,v4_persona,doc_generation,sleuthkit/autopsy,code_review:757c6cd128,0.1081,0.0541,0.0146,0.1656,0.8529,0.4402,"java
/**
 * Constructs a new instance of the {@code PListViewer}.
 * Initializes the outline view with specific configurations and components,
 * sets the nodes column label to ""Key"", and configures property columns.
 */","/**
 * PListViewer - a file viewer for binary plist files. 
 *
 */"
code_review,groq,v5_cognitive,doc_generation,sleuthkit/autopsy,code_review:757c6cd128,0.0252,0.0252,0.0033,0.1268,0.8146,0.388,"(1) The single responsibility of this method is to initialize and customize the PListViewer component.

(2) The parameters are:
- None, as this is a constructor method.
- However, the method uses several variables and methods from the class itself and other classes, such as `outlineView`, `outline`, `Bundle`, `PListNode_KeyCol()`, `PListNode_TypeCol()`, and `PListNode_ValueCol()`. These variables and methods represent the components and data of the PListViewer, including its layout, properties, and data columns.

(3) This method does not return any value. It throws no exceptions explicitly, but it may throw exceptions if any of the methods it calls (e.g., `initComponents()`, `Bundle.PListNode_KeyCol()`, etc.) throw exceptions.

Here is the final Javadoc block:

```java
/**
 * Initializes and customizes the PListViewer component.
 * 
 * This constructor method sets up the outline view, adds nodes and columns, and customizes the component.
 * 
 * @throws Exception if any of the methods called within this constructor throw an exception
 */
public PListViewer() {
    // ...
}
```","/**
 * PListViewer - a file viewer for binary plist files. 
 *
 */"
code_review,huggingface,v5_cognitive,doc_generation,sleuthkit/autopsy,code_review:757c6cd128,0.036,0.036,0.0052,0.1408,0.8182,0.409,"Here are the sub-answers:

(1) The single responsibility of this method is to initialize the PListViewer object.

(2) The parameters are:
- `outlineView`: an instance of `org.openide.explorer.view.OutlineView` representing the outline view.
- `outline`: an instance of `org.openide.explorer.view.OutlineView` representing the outline.
- `Bundle.PListNode_KeyCol()`: a method that returns a key column label.
- `Bundle.PListNode_TypeCol()`: a method that returns a type column label.
- `Bundle.PListNode_ValueCol()`: a method that returns a value column label.

(3) The method does not return any value. It throws no exceptions.

And here is the final Javadoc block:

/**
 * Initializes the PListViewer object.
 */","/**
 * PListViewer - a file viewer for binary plist files. 
 *
 */"
code_review,qwen_coder,v5_cognitive,doc_generation,sleuthkit/autopsy,code_review:757c6cd128,0.0779,0.0519,0.0065,0.1538,0.8434,0.3657,"java
/**
 * Initializes a new instance of <code>PListViewer</code> that sets up an OutlineView with specific configurations.
 * 
 * This method performs the following tasks:
 * 1. Creates an OutlineView instance.
 * 2. Initiates component initialization.
 * 3. Retrieves the Outline component from the OutlineView.
 * 4. Configures the default nodes column label to ""Key"".
 * 5. Sets localized property columns for the OutlineView: ""Type"" and ""Value"".
 * 6. Applies customizations specified in the {@link #customize()} method.
 */","/**
 * PListViewer - a file viewer for binary plist files. 
 *
 */"
code_review,groq,v1_minimal,doc_generation,DSpace/DSpace,code_review:a6b7881120,0.0627,0.057,0.0029,0.1583,0.7704,0.0447,"Here's the Javadoc for the given Java code:

```java
/**
 * Test to verify the retrieval of all authorization features.
 * 
 * This method tests the following scenarios:
 * - Retrieval of all features by an administrator with valid credentials.
 * - Retrieval of features by an administrator with invalid credentials.
 * - Retrieval of features by an ePerson with valid credentials.
 * 
 * @throws Exception if any exception occurs during the execution of this test.
 */
public void findAllTest() throws Exception {
    // ... existing code ...
}
```

However, if you want to provide more detailed information about each step in the test, you could break it down into separate sections using Javadoc tags like `@throws`, `@param`, `@return`, etc. Here's an example:

```java
/**
 * Test to verify the retrieval of all authorization features.
 * 
 * This method tests the following scenarios:
 * - Retrieval of all features by an administrator with valid credentials.
 * - Retrieval of features by an administrator with invalid credentials.
 * - Retrieval of features by an ePerson with valid credentials.
 * 
 * @throws Exception if any exception occurs during the execution of this test.
 */
public void findAllTest() throws Exception {
    // Retrieve the number of features from the database
    int featuresNum = authzFeatureService.findAll().size();
    
    // Limit the number of features to be returned to 20 if it exceeds 20
    int expReturn = featuresNum > 20 ? 20 : featuresNum;

    // Authenticate the administrator with valid credentials
    String adminToken = getAuthToken(admin.getEmail(), password);

    // Perform a GET request to retrieve all features as an administrator with valid credentials
    getClient(adminToken).perform(get(""/api/authz/features""))
            .andExpect(status().isOk())
            .andExpect(jsonPath(""$._embedded.features"", Matchers.hasSize(is(expReturn))))
            .andExpect(jsonPath(""$._links.self.href"", Matchers.containsString(""/api/authz/features"")))
            .andExpect(jsonPath(""$.page.size"", is(20)))
            .andExpect(jsonPath(""$.page.totalElements"", is(featuresNum)));

    // Perform a GET request to retrieve features as an administrator with invalid credentials
    getClient().perform(get(""/api/authz/features"")).andExpect(status().isUnauthorized());

    // Authenticate the ePerson with valid credentials
    String epersonAuthToken = getAuthToken(eperson.getEmail(), password);

    // Perform a GET request to retrieve features as an ePerson with valid credentials
    getClient(epersonAuthToken).","/**
 * The contents of this file are subject to the license and copyright
 * detailed in the LICENSE and NOTICE files at the root of the source
 * tree and available online at
 *
 * http://www.dspace.org/license/
 */"
code_review,huggingface,v1_minimal,doc_generation,DSpace/DSpace,code_review:a6b7881120,0.1084,0.0788,0.0067,0.201,0.7606,0.005,"Here is the Javadoc for the given Java code:

```java
/**
 * Finds all test features.
 * 
 * @throws Exception
 */
public void findAllTest() throws Exception {
    int featuresNum = authzFeatureService.findAll().size();
    int expReturn = featuresNum > 20 ? 20 : featuresNum;
    String adminToken = getAuthToken(admin.getEmail(), password);

    // Perform GET request to /api/authz/features with admin token
    getClient(adminToken).perform(get(""/api/authz/features"")).andExpect(status().isOk())
            .andExpect(jsonPath(""$._embedded.features"", Matchers.hasSize(is(expReturn))))
            .andExpect(jsonPath(""$._links.self.href"", Matchers.containsString(""/api/authz/features"")))
            .andExpect(jsonPath(""$.page.size"", is(20)))
            .andExpect(jsonPath(""$.page.totalElements"", is(featuresNum)));

    // Perform GET request to /api/authz/features without admin token
    getClient().perform(get(""/api/authz/features"")).andExpect(status().isUnauthorized());

    // Perform GET request to /api/authz/features with eperson token
    String epersonAuthToken = getAuthToken(eperson.getEmail(), password);
    getClient(epersonAuthToken).perform(get(""/api/authz/features"")).andExpect(status().isForbidden());
}
```

Note: The Javadoc is written in a way that it provides a brief description of the method, its parameters, and its exceptions. It also provides a clear and concise explanation of what the method does.","/**
 * The contents of this file are subject to the license and copyright
 * detailed in the LICENSE and NOTICE files at the root of the source
 * tree and available online at
 *
 * http://www.dspace.org/license/
 */"
code_review,qwen_coder,v1_minimal,doc_generation,DSpace/DSpace,code_review:a6b7881120,0.0821,0.0704,0.0029,0.1724,0.768,-0.0059,"Certainly! Below is the JavaDoc comment (`/** ... */`) added to your code snippet:

```java
/**
 * This method is used to test different scenarios of retrieving all authorization features.
 *
 * @throws Exception if any errors occur during the test execution.
 */
public void findAllTest() throws Exception {
    int featuresNum = authzFeatureService.findAll().size(); // Get total number of authorization features.
    int expReturn = featuresNum > 20 ? 20 : featuresNum; // Determine expected return size based on the number of features.

    String adminToken = getAuthToken(admin.getEmail(), password); // Retrieve an authentication token for the admin user.

    /**
     * Perform a GET request to retrieve all authorization features as an authenticated admin and assert various conditions.
     */
    getClient(adminToken)
            .perform(get(""/api/authz/features""))
            .andExpect(status().isOk()) // Ensure the response status is HTTP OK.
            .andExpect(jsonPath(""$._embedded.features"", Matchers.hasSize(is(expReturn)))) // Verify the actual size of returned features matches the expectation.
            .andExpect(jsonPath(""$._links.self.href"", Matchers.containsString(""/api/authz/features""))) // Confirm the self link contains the expected string.
            .andExpect(jsonPath(""$.page.size"", is(20))) // Assert that the page size in the response is 20.
            .andExpect(jsonPath(""$.page.totalElements"", is(featuresNum))); // Check that the total number of elements is correct.

    /**
     * Perform a GET request without authentication and assert that it results in HTTP Unauthorized status.
     */
    getClient()
            .perform(get(""/api/authz/features""))
            .andExpect(status().isUnauthorized()); // Ensure the response status is HTTP Unauthorized when not authenticated.

    String epersonAuthToken = getAuthToken(eperson.getEmail(), password); // Retrieve an authentication token for the eperson user.

    /**
     * Perform a GET request to retrieve all authorization features as an authenticated eperson and assert that it results in HTTP Forbidden status.
     */
    getClient(epersonAuthToken)
            .perform(get(""/api/authz/features""))
            .andExpect(status().isForbidden()); // Ensure the response status is HTTP Forbidden for an unauthorized user.
}
```

JavaDoc comments help document your code, making it easier for other developers to understand its functionality and usage. They also serve as valuable aids for generating API documentation and refactoring tools like IDEs.","/**
 * The contents of this file are subject to the license and copyright
 * detailed in the LICENSE and NOTICE files at the root of the source
 * tree and available online at
 *
 * http://www.dspace.org/license/
 */"
code_review,groq,v2_structured,doc_generation,DSpace/DSpace,code_review:a6b7881120,0.1698,0.1321,0.0099,0.1878,0.8054,0.039,"java
/**
 * Tests the findAll endpoint of the authorization feature service by verifying the response 
 * from the API and checking for proper authentication and authorization.
 * 
 * @param authzFeatureService the authorization feature service used to retrieve features
 * @param admin the admin user
 * @param password the password for the admin user
 * @param eperson the ePerson user
 * @throws Exception if an error occurs during the test
 */
public void findAllTest() throws Exception {
    // method body remains the same
}","/**
 * The contents of this file are subject to the license and copyright
 * detailed in the LICENSE and NOTICE files at the root of the source
 * tree and available online at
 *
 * http://www.dspace.org/license/
 */"
code_review,huggingface,v2_structured,doc_generation,DSpace/DSpace,code_review:a6b7881120,0.1782,0.1584,0.0102,0.1807,0.7998,0.0959,"Here is the complete Javadoc doc block for the method:

```java
/**
 * Finds all test features and performs various HTTP requests to verify their existence.
 * 
 * @param authzFeatureService the feature service used to find all features
 * @param admin the administrator's email
 * @param password the administrator's password
 * @param eperson the eperson's email
 * @throws Exception if any error occurs during the feature finding and HTTP request process
 */
```","/**
 * The contents of this file are subject to the license and copyright
 * detailed in the LICENSE and NOTICE files at the root of the source
 * tree and available online at
 *
 * http://www.dspace.org/license/
 */"
code_review,qwen_coder,v2_structured,doc_generation,DSpace/DSpace,code_review:a6b7881120,0.2188,0.2188,0.0211,0.2274,0.8202,0.1059,"java
/**
 * Executes a series of tests to verify the behavior of the {@link AuthzFeatureService#findAll()} method.
 *
 * @throws Exception if an error occurs during the execution of the test cases.
 */","/**
 * The contents of this file are subject to the license and copyright
 * detailed in the LICENSE and NOTICE files at the root of the source
 * tree and available online at
 *
 * http://www.dspace.org/license/
 */"
code_review,groq,v3_template,doc_generation,DSpace/DSpace,code_review:a6b7881120,0.1647,0.1176,0.0108,0.1754,0.8105,0.1661,"/**
 * Retrieves all features and verifies the expected response for an admin user, 
 * then tests unauthorized and forbidden responses for a regular user.
 * @param admin the admin user object
 * @param password the admin user's password
 * @param eperson the regular user object
 * @throws Exception if an error occurs during the test
 */","/**
 * The contents of this file are subject to the license and copyright
 * detailed in the LICENSE and NOTICE files at the root of the source
 * tree and available online at
 *
 * http://www.dspace.org/license/
 */"
code_review,huggingface,v3_template,doc_generation,DSpace/DSpace,code_review:a6b7881120,0.2078,0.1558,0.0132,0.1795,0.8088,0.1454,"Here is the filled template:

/**
 * Finds all test features and returns the number of features, up to a maximum of 20.
 * @param featuresNum the number of features found
 * @return the number of features, up to 20
 * @throws Exception if an error occurs
 */","/**
 * The contents of this file are subject to the license and copyright
 * detailed in the LICENSE and NOTICE files at the root of the source
 * tree and available online at
 *
 * http://www.dspace.org/license/
 */"
code_review,groq,v4_persona,doc_generation,DSpace/DSpace,code_review:a6b7881120,0.1379,0.1379,0.0069,0.235,0.8044,0.0025,"java
/**
 * Tests the findAll endpoint of the authorization features API.
 * 
 * This method performs the following assertions:
 * - The response status code is OK (200).
 * - The number of features returned is limited to 20, or the actual number if less than 20.
 * - The self link in the response contains the expected path.
 * - The page size in the response is 20.
 * - The total number of elements in the response matches the actual number of features.
 * 
 * Additionally, this method tests that:
 * - An unauthorized response is returned when an unauthenticated client makes the request.
 * - A forbidden response is returned when an authenticated ePerson client makes the request.
 * 
 * @throws Exception if any of the assertions fail
 */","/**
 * The contents of this file are subject to the license and copyright
 * detailed in the LICENSE and NOTICE files at the root of the source
 * tree and available online at
 *
 * http://www.dspace.org/license/
 */"
code_review,groq,v5_cognitive,doc_generation,DSpace/DSpace,code_review:a6b7881120,0.1231,0.1231,0.0058,0.1852,0.7899,0.053,"(1) The single responsibility of this method is to test the functionality of the authorization feature service, specifically to verify that it returns the correct number of features and handles authentication correctly.

(2) 
- `admin`: This parameter represents the admin user's email, which is used to authenticate the request.
- `password`: This parameter represents the password of the admin user, which is used to authenticate the request.
- `authzFeatureService`: This parameter represents the service that provides authorization features, which is used to retrieve the number of features.

(3)
- This method does not return any value (void).
- It throws an `Exception` if any of the assertions in the test fail.

/** 
 * Tests the authorization feature service by verifying that it returns the correct number of features and handles authentication correctly.
 * 
 * @param admin the admin user's email
 * @param password the password of the admin user
 * @param authzFeatureService the service that provides authorization features
 * @throws Exception if any of the assertions in the test fail
 */","/**
 * The contents of this file are subject to the license and copyright
 * detailed in the LICENSE and NOTICE files at the root of the source
 * tree and available online at
 *
 * http://www.dspace.org/license/
 */"
code_review,groq,v1_minimal,doc_generation,netty/netty,code_review:37c96e5580,0.1714,0.1429,0.0154,0.1124,0.8276,0.5121,"java
/**
 * Constructs a new instance of the CorsHandler.
 * 
 * @param config the CorsConfig instance that defines the CORS configuration
 */
public CorsHandler(final CorsConfig config) {
    this.config = config;
}","/**
 * Handles <a href=""http://www.w3.org/TR/cors/"">Cross Origin Resource Sharing</a> (CORS) requests.
 * <p>
 * This handler can be configured using a {@link io.netty.handler.codec.http.cors.CorsConfig}, please
 * refer to this class for details about the configuration options available.
 */"
code_review,huggingface,v1_minimal,doc_generation,netty/netty,code_review:37c96e5580,0.198,0.1188,0.0107,0.1418,0.8257,0.4429,"Here is the Javadoc for the given Java code:

```java
/**
 * Initializes a new instance of the CorsHandler class.
 * 
 * @param config The CorsConfig object that contains the configuration for CORS.
 */
public CorsHandler(final CorsConfig config) {
    this.config = config;
}
```

This Javadoc provides a brief description of the constructor method, and specifies the parameter `config` which is of type `CorsConfig`.","/**
 * Handles <a href=""http://www.w3.org/TR/cors/"">Cross Origin Resource Sharing</a> (CORS) requests.
 * <p>
 * This handler can be configured using a {@link io.netty.handler.codec.http.cors.CorsConfig}, please
 * refer to this class for details about the configuration options available.
 */"
code_review,qwen_coder,v1_minimal,doc_generation,netty/netty,code_review:37c96e5580,0.3019,0.1887,0.0092,0.2394,0.8283,0.4899,"Certainly! Below is the Javadoc comment for the given Java constructor:

```java
/**
 * Constructs a new instance of {@code CorsHandler} with the specified CORS configuration.
 *
 * @param config the CORS configuration to be used by this handler
 */
public CorsHandler(final CorsConfig config) {
    this.config = config;
}
```

This Javadoc comment provides a clear description of what the `CorsHandler` class does and documents the parameter it accepts.","/**
 * Handles <a href=""http://www.w3.org/TR/cors/"">Cross Origin Resource Sharing</a> (CORS) requests.
 * <p>
 * This handler can be configured using a {@link io.netty.handler.codec.http.cors.CorsConfig}, please
 * refer to this class for details about the configuration options available.
 */"
code_review,groq,v2_structured,doc_generation,netty/netty,code_review:37c96e5580,0.303,0.1212,0.0158,0.1709,0.8482,0.6071,"/**
 * Initializes a new instance of the CorsHandler class with the specified CorsConfig.
 * 
 * @param config the CorsConfig to use for handling CORS requests
 */","/**
 * Handles <a href=""http://www.w3.org/TR/cors/"">Cross Origin Resource Sharing</a> (CORS) requests.
 * <p>
 * This handler can be configured using a {@link io.netty.handler.codec.http.cors.CorsConfig}, please
 * refer to this class for details about the configuration options available.
 */"
code_review,huggingface,v2_structured,doc_generation,netty/netty,code_review:37c96e5580,0.2532,0.1519,0.0161,0.1366,0.8278,0.5285,"Here is the complete Javadoc for the given Java method:

```java
/**
 * Initializes the CORS handler with the given configuration.
 * 
 * @param config the configuration for the CORS handler
 */
public CorsHandler(final CorsConfig config) {
    this.config = config;
}
```","/**
 * Handles <a href=""http://www.w3.org/TR/cors/"">Cross Origin Resource Sharing</a> (CORS) requests.
 * <p>
 * This handler can be configured using a {@link io.netty.handler.codec.http.cors.CorsConfig}, please
 * refer to this class for details about the configuration options available.
 */"
code_review,qwen_coder,v2_structured,doc_generation,netty/netty,code_review:37c96e5580,0.2941,0.2059,0.0157,0.1271,0.834,0.554,"java
/**
 * Constructs a CorsHandler with the specified CORS configuration.
 *
 * @param config The CORS configuration to use.
 */
public CorsHandler(final CorsConfig config) {
    this.config = config;
}","/**
 * Handles <a href=""http://www.w3.org/TR/cors/"">Cross Origin Resource Sharing</a> (CORS) requests.
 * <p>
 * This handler can be configured using a {@link io.netty.handler.codec.http.cors.CorsConfig}, please
 * refer to this class for details about the configuration options available.
 */"
code_review,groq,v3_template,doc_generation,netty/netty,code_review:37c96e5580,0.2813,0.1562,0.0148,0.1293,0.853,0.5696,"/**
 * Initializes a new instance of the CorsHandler class with the specified CORS configuration.
 * @param config The CORS configuration to use.
 */","/**
 * Handles <a href=""http://www.w3.org/TR/cors/"">Cross Origin Resource Sharing</a> (CORS) requests.
 * <p>
 * This handler can be configured using a {@link io.netty.handler.codec.http.cors.CorsConfig}, please
 * refer to this class for details about the configuration options available.
 */"
code_review,huggingface,v3_template,doc_generation,netty/netty,code_review:37c96e5580,0.1875,0.1562,0.0152,0.1816,0.8297,0.57,"Here is the filled template:

/**
 * Initializes the CORS handler with the given configuration.
 * @param config the CORS configuration
 * @return 
 * @throws 
 */","/**
 * Handles <a href=""http://www.w3.org/TR/cors/"">Cross Origin Resource Sharing</a> (CORS) requests.
 * <p>
 * This handler can be configured using a {@link io.netty.handler.codec.http.cors.CorsConfig}, please
 * refer to this class for details about the configuration options available.
 */"
code_review,qwen_coder,v3_template,doc_generation,netty/netty,code_review:37c96e5580,0.2278,0.1772,0.0149,0.0972,0.8418,0.5193,"java
/**
 * Initializes a new instance of the <code>CorsHandler</code> class with a specific CORS configuration.
 * @param config The <code>CorsConfig</code> object containing the CORS settings.
 */
public CorsHandler(final CorsConfig config) {
    this.config = config;
}","/**
 * Handles <a href=""http://www.w3.org/TR/cors/"">Cross Origin Resource Sharing</a> (CORS) requests.
 * <p>
 * This handler can be configured using a {@link io.netty.handler.codec.http.cors.CorsConfig}, please
 * refer to this class for details about the configuration options available.
 */"
code_review,groq,v4_persona,doc_generation,netty/netty,code_review:37c96e5580,0.1905,0.0952,0.0141,0.1297,0.8388,0.5934,"/**
 * Initializes the CorsHandler instance with the provided CorsConfig.
 * 
 * @param config the CorsConfig to be used by this CorsHandler instance.","/**
 * Handles <a href=""http://www.w3.org/TR/cors/"">Cross Origin Resource Sharing</a> (CORS) requests.
 * <p>
 * This handler can be configured using a {@link io.netty.handler.codec.http.cors.CorsConfig}, please
 * refer to this class for details about the configuration options available.
 */"
code_review,huggingface,v4_persona,doc_generation,netty/netty,code_review:37c96e5580,0.2069,0.1034,0.0148,0.1702,0.8469,0.6181,"/**
 * Initializes the CorsHandler with the given CorsConfig.
 * 
 * @param config the configuration for CORS handling
 */","/**
 * Handles <a href=""http://www.w3.org/TR/cors/"">Cross Origin Resource Sharing</a> (CORS) requests.
 * <p>
 * This handler can be configured using a {@link io.netty.handler.codec.http.cors.CorsConfig}, please
 * refer to this class for details about the configuration options available.
 */"
code_review,qwen_coder,v4_persona,doc_generation,netty/netty,code_review:37c96e5580,0.303,0.1818,0.0152,0.1429,0.861,0.6444,"java
/**
 * Constructs a new instance ofCorsHandler with the specified CORS configuration.
 *
 * @param config Configuration object containing settings for Cross-Origin Resource Sharing.
 */","/**
 * Handles <a href=""http://www.w3.org/TR/cors/"">Cross Origin Resource Sharing</a> (CORS) requests.
 * <p>
 * This handler can be configured using a {@link io.netty.handler.codec.http.cors.CorsConfig}, please
 * refer to this class for details about the configuration options available.
 */"
code_review,groq,v5_cognitive,doc_generation,netty/netty,code_review:37c96e5580,0.2759,0.2069,0.0077,0.1617,0.8245,0.5485,"(1) The single responsibility of this method is to initialize the CorsHandler object with a given CorsConfig.

(2) The parameter 'config' represents the CORS (Cross-Origin Resource Sharing) configuration.

(3) This method does not return any value, and it does not throw any exceptions.

Here is the final Javadoc:

```java
/**
 * Initializes the CorsHandler object with a given CORS configuration.
 * 
 * @param config the CORS configuration
 */
public CorsHandler(final CorsConfig config) {
    this.config = config;
}
```","/**
 * Handles <a href=""http://www.w3.org/TR/cors/"">Cross Origin Resource Sharing</a> (CORS) requests.
 * <p>
 * This handler can be configured using a {@link io.netty.handler.codec.http.cors.CorsConfig}, please
 * refer to this class for details about the configuration options available.
 */"
code_review,huggingface,v5_cognitive,doc_generation,netty/netty,code_review:37c96e5580,0.2439,0.1463,0.0088,0.1728,0.8253,0.5966,"Here are the sub-answers:

(1) The single responsibility of this method is to initialize the CorsHandler object with the given CorsConfig.

(2) The parameter ""config"" represents the configuration for the CORS (Cross-Origin Resource Sharing) handler.

(3) The method does not return any value, and it does not throw any exceptions.

And here is the final Javadoc block:

/**
 * Initializes the CorsHandler object with the given CorsConfig.
 * 
 * @param config the configuration for the CORS (Cross-Origin Resource Sharing) handler
 */","/**
 * Handles <a href=""http://www.w3.org/TR/cors/"">Cross Origin Resource Sharing</a> (CORS) requests.
 * <p>
 * This handler can be configured using a {@link io.netty.handler.codec.http.cors.CorsConfig}, please
 * refer to this class for details about the configuration options available.
 */"
code_review,qwen_coder,v5_cognitive,doc_generation,netty/netty,code_review:37c96e5580,0.1972,0.1408,0.0153,0.113,0.8563,0.5718,"java
/**
 * Initializes a new instance of <code>CorsHandler</code> with the specified CORS configuration.
 *
 * @param config The CORS configuration that defines the allowed origins, methods, headers, etc.
 */","/**
 * Handles <a href=""http://www.w3.org/TR/cors/"">Cross Origin Resource Sharing</a> (CORS) requests.
 * <p>
 * This handler can be configured using a {@link io.netty.handler.codec.http.cors.CorsConfig}, please
 * refer to this class for details about the configuration options available.
 */"
code_review,groq,v1_minimal,doc_generation,cdapio/cdap,code_review:932f0f7414,0.1026,0.1026,0.0123,0.1562,0.833,0.5373,"Here's the Javadoc for the given Java code:

```java
/**
 * Constructs a new instance of ServiceWorkerTwillRunnable.
 * 
 * @param worker The ServiceWorker instance associated with this runnable.
 */
public ServiceWorkerTwillRunnable(ServiceWorker worker) {
    this.worker = worker;
}
```","/**
 * {@link TwillRunnable} to run a {@link ServiceWorker}.
 */"
code_review,huggingface,v1_minimal,doc_generation,cdapio/cdap,code_review:932f0f7414,0.0984,0.0656,0.0079,0.1656,0.8303,0.4695,"Here is the Javadoc for the given Java code:

```java
/**
 * Initializes a new instance of the ServiceWorkerTwillRunnable class.
 * 
 * @param worker The ServiceWorker instance to be associated with this ServiceWorkerTwillRunnable.
 */
public ServiceWorkerTwillRunnable(ServiceWorker worker) {
    this.worker = worker;
}
```

This Javadoc provides a brief description of the constructor method, including its purpose and the parameter it takes.","/**
 * {@link TwillRunnable} to run a {@link ServiceWorker}.
 */"
code_review,qwen_coder,v1_minimal,doc_generation,cdapio/cdap,code_review:932f0f7414,0.0964,0.0723,0.0058,0.1445,0.8517,0.5417,"Certainly! Here is the Javadoc comment for the Java code:

```java
/**
 * Constructs a new instance of {@code ServiceWorkerTwillRunnable}.
 *
 * @param worker the {@link ServiceWorker} that this task will manage and run.
 */
public ServiceWorkerTwillRunnable(ServiceWorker worker) {
    this.worker = worker;
}
```

The Javadoc provides a clear description of what the constructor does, including a parameter label and its type, along with a brief summary at the beginning. This helps understand the purpose and usage of the constructor in your documentation.","/**
 * {@link TwillRunnable} to run a {@link ServiceWorker}.
 */"
code_review,groq,v2_structured,doc_generation,cdapio/cdap,code_review:932f0f7414,0.2,0.1333,0.0179,0.2119,0.8569,0.6913,"/**
 * Constructs a new instance of ServiceWorkerTwillRunnable, associating it with the specified ServiceWorker.
 * 
 * @param worker the ServiceWorker instance to be associated with this ServiceWorkerTwillRunnable
 */","/**
 * {@link TwillRunnable} to run a {@link ServiceWorker}.
 */"
code_review,huggingface,v2_structured,doc_generation,cdapio/cdap,code_review:932f0f7414,0.1304,0.087,0.0106,0.1838,0.8338,0.494,"Here is the complete Javadoc for the given method:

```java
/**
 * Initializes a new instance of the ServiceWorkerTwillRunnable class with the specified ServiceWorker.
 * 
 * @param worker the ServiceWorker to be used by this instance
 */
public ServiceWorkerTwillRunnable(ServiceWorker worker) {
    this.worker = worker;
}
```","/**
 * {@link TwillRunnable} to run a {@link ServiceWorker}.
 */"
code_review,groq,v3_template,doc_generation,cdapio/cdap,code_review:932f0f7414,0.2222,0.1481,0.021,0.2193,0.871,0.6423,"/**
 * Initializes a new instance of the ServiceWorkerTwillRunnable class with the specified worker.
 * @param worker The ServiceWorker instance to be used.
 */","/**
 * {@link TwillRunnable} to run a {@link ServiceWorker}.
 */"
code_review,groq,v4_persona,doc_generation,cdapio/cdap,code_review:932f0f7414,0.2222,0.2222,0.0364,0.2481,0.87,0.593,"/**
 * Initializes a new instance of the ServiceWorkerTwillRunnable with the specified ServiceWorker.","/**
 * {@link TwillRunnable} to run a {@link ServiceWorker}.
 */"
code_review,groq,v5_cognitive,doc_generation,cdapio/cdap,code_review:932f0f7414,0.0769,0.0769,0.0063,0.1506,0.8272,0.4984,"(1) The single responsibility of this method is to initialize the ServiceWorkerTwillRunnable object with a given ServiceWorker object.

(2) The parameter 'worker' represents the ServiceWorker object that this ServiceWorkerTwillRunnable object will be associated with.

(3) This method does not return any value, and it does not throw any exceptions.

/** 
 * Initializes the ServiceWorkerTwillRunnable object with a given ServiceWorker object.
 * 
 * @param worker the ServiceWorker object that this ServiceWorkerTwillRunnable object will be associated with
 */","/**
 * {@link TwillRunnable} to run a {@link ServiceWorker}.
 */"
code_review,groq,v1_minimal,doc_generation,line/armeria,code_review:13ca552a37,0.0541,0.0541,0.0191,0.102,0.8572,0.433,"java
/**
 * Unwraps the underlying client request context.
 * 
 * @return the underlying client request context
 */
public ClientRequestContext unwrap() {
    return ctx;
}","    /**
     * @param ctx used to parse http properties
     * @param headersBuilder receives headers injected by {@link HttpClientHandler#handleSend(brave.http.HttpClientRequest)}.
     */"
code_review,groq,v2_structured,doc_generation,line/armeria,code_review:13ca552a37,0.0,0.0,0.023,0.1042,0.8532,0.443,"/**
 * Returns the underlying client request context, effectively unwrapping this context.
 * 
 * @return the underlying client request context
 */","    /**
     * @param ctx used to parse http properties
     * @param headersBuilder receives headers injected by {@link HttpClientHandler#handleSend(brave.http.HttpClientRequest)}.
     */"
code_review,huggingface,v2_structured,doc_generation,line/armeria,code_review:13ca552a37,0.0435,0.0435,0.0134,0.0971,0.8503,0.3921,"Here is the complete Javadoc for the given method:

```java
/**
 * Returns the underlying client request context.
 * 
 * @return the underlying client request context
 */
public ClientRequestContext unwrap() {
    return ctx;
}
```","    /**
     * @param ctx used to parse http properties
     * @param headersBuilder receives headers injected by {@link HttpClientHandler#handleSend(brave.http.HttpClientRequest)}.
     */"
code_review,qwen_coder,v2_structured,doc_generation,line/armeria,code_review:13ca552a37,0.1778,0.1778,0.0395,0.1961,0.8635,0.4147,"java
/**
 * Unwraps the current client request context.
 *
 * @param ctx The context to be unwrapped.
 * @return The unwrapped {@link ClientRequestContext}.
 */
public ClientRequestContext unwrap(ClientRequestContext ctx) {
    return ctx;
}","    /**
     * @param ctx used to parse http properties
     * @param headersBuilder receives headers injected by {@link HttpClientHandler#handleSend(brave.http.HttpClientRequest)}.
     */"
code_review,groq,v3_template,doc_generation,line/armeria,code_review:13ca552a37,0.0,0.0,0.0251,0.1706,0.8441,0.4805,"/**
 * Removes the outermost ClientRequestContext wrapper.
 * @return The inner ClientRequestContext object.
 */","    /**
     * @param ctx used to parse http properties
     * @param headersBuilder receives headers injected by {@link HttpClientHandler#handleSend(brave.http.HttpClientRequest)}.
     */"
code_review,huggingface,v3_template,doc_generation,line/armeria,code_review:13ca552a37,0.0526,0.0526,0.024,0.1276,0.834,0.4093,"Here is the filled template:

/**
 * Returns the underlying request context.
 * @param none
 * @return the underlying request context
 * @throws none
 */","    /**
     * @param ctx used to parse http properties
     * @param headersBuilder receives headers injected by {@link HttpClientHandler#handleSend(brave.http.HttpClientRequest)}.
     */"
code_review,qwen_coder,v3_template,doc_generation,line/armeria,code_review:13ca552a37,0.069,0.069,0.0239,0.0802,0.8655,0.4281,"/**
 * Returns the wrapped ClientRequestContext.
 */
 ```java
public ClientRequestContext unwrap() {
            return ctx;
        }
```","    /**
     * @param ctx used to parse http properties
     * @param headersBuilder receives headers injected by {@link HttpClientHandler#handleSend(brave.http.HttpClientRequest)}.
     */"
code_review,groq,v4_persona,doc_generation,line/armeria,code_review:13ca552a37,0.0,0.0,0.0157,0.0995,0.8426,0.401,"/**
 * Returns the underlying client request context, if any, that was previously wrapped.
 * 
 * @return the underlying client request context, or null if none was previously wrapped
 */","    /**
     * @param ctx used to parse http properties
     * @param headersBuilder receives headers injected by {@link HttpClientHandler#handleSend(brave.http.HttpClientRequest)}.
     */"
code_review,huggingface,v4_persona,doc_generation,line/armeria,code_review:13ca552a37,0.0,0.0,0.0257,0.1064,0.8547,0.4523,"/**
 * Returns the underlying client request context.
 * 
 * @return the underlying client request context
 */","    /**
     * @param ctx used to parse http properties
     * @param headersBuilder receives headers injected by {@link HttpClientHandler#handleSend(brave.http.HttpClientRequest)}.
     */"
code_review,qwen_coder,v4_persona,doc_generation,line/armeria,code_review:13ca552a37,0.0556,0.0556,0.0199,0.1026,0.858,0.4085,"java
/**
 * Returns the underlying client request context.
 *
 * @return the client request context
 */
public ClientRequestContext unwrap() {
    return ctx;
}","    /**
     * @param ctx used to parse http properties
     * @param headersBuilder receives headers injected by {@link HttpClientHandler#handleSend(brave.http.HttpClientRequest)}.
     */"
code_review,groq,v5_cognitive,doc_generation,line/armeria,code_review:13ca552a37,0.029,0.029,0.0037,0.0833,0.8158,0.3854,"(1) The single responsibility of this method is to unwrap the ClientRequestContext object, returning the underlying context.

(2) 
- The method has no parameters, so there are no parameters to describe.
- The method does not take any parameters, but it is likely a part of a larger class that has a field named 'ctx' representing the ClientRequestContext object.

(3)
- The method returns a ClientRequestContext object.
- It does not throw any exceptions under normal circumstances, as it simply returns the underlying context. However, if the underlying context is null, it could potentially throw a NullPointerException when trying to unwrap it.

/** 
 * Unwraps the ClientRequestContext object, returning the underlying context.
 * 
 * @return the underlying ClientRequestContext object
 * @throws NullPointerException if the underlying context is null
 */","    /**
     * @param ctx used to parse http properties
     * @param headersBuilder receives headers injected by {@link HttpClientHandler#handleSend(brave.http.HttpClientRequest)}.
     */"
code_review,huggingface,v5_cognitive,doc_generation,line/armeria,code_review:13ca552a37,0.0482,0.0482,0.0071,0.1046,0.8158,0.4255,"Here are the sub-answers:

(1) The single responsibility of this method is to unwrap the client request context.

(2) The parameter `ctx` represents the client request context to be unwrapped.

(3) The method returns the unwrapped client request context. It does not throw any exceptions.

And here is the final Javadoc block:

/**
 * Unwraps the client request context.
 * 
 * @return the unwrapped client request context
 */","    /**
     * @param ctx used to parse http properties
     * @param headersBuilder receives headers injected by {@link HttpClientHandler#handleSend(brave.http.HttpClientRequest)}.
     */"
code_review,qwen_coder,v5_cognitive,doc_generation,line/armeria,code_review:13ca552a37,0.0571,0.0571,0.0243,0.1302,0.8458,0.4129,"java
/**
 * Returns the underlying client request context.
 *
 * @return the client request context wrapped by this object.
 */","    /**
     * @param ctx used to parse http properties
     * @param headersBuilder receives headers injected by {@link HttpClientHandler#handleSend(brave.http.HttpClientRequest)}.
     */"
code_review,groq,v1_minimal,doc_generation,mulesoft/mule,code_review:3246f50e7b,0.046,0.0383,0.0045,0.1902,0.7812,0.5407,"java
/**
 * Validates the provided {@link ExtensionModel} for overrides of equals and hashCode methods.
 * 
 * This method will only execute if the provided {@link ExtensionModel} is not in AST mode and is not a compile-time extension.
 * 
 * @param extensionModel the {@link ExtensionModel} to validate
 * @param problemsReporter the {@link ProblemsReporter} to report any issues found
 */
public void validate(ExtensionModel extensionModel, ProblemsReporter problemsReporter) {
    if (!isCompiletime(extensionModel) || isASTMode(extensionModel)) {
      return;
    }

    /**
     * Walks the provided {@link ExtensionModel} and validates the overrides of equals and hashCode methods in all configuration and connection provider models.
     */
    new ExtensionWalker() {

      /**
       * Called for each configuration model found in the extension.
       * 
       * @param model the configuration model to process
       */
      @Override
      protected void onConfiguration(ConfigurationModel model) {
        /**
         * Iterates over all parameter models in the configuration model and validates the type of each parameter.
         */
        model.getAllParameterModels().forEach(parameterModel -> parameterModel.getType().accept(new MetadataTypeVisitor() {

          /**
           * Called when a parameter type is an object type.
           * 
           * @param objectType the object type to validate
           */
          @Override
          public void visitObject(ObjectType objectType) {
            validateOverridesEqualsAndHashCode(objectType, problemsReporter, model);
          }
        }));
      }

      /**
       * Called for each connection provider model found in the extension.
       * 
       * @param owner the owner of the connection provider model
       * @param model the connection provider model to process
       */
      @Override
      protected void onConnectionProvider(HasConnectionProviderModels owner, ConnectionProviderModel model) {
        /**
         * Iterates over all parameter models in the connection provider model and validates the type of each parameter.
         */
        model.getAllParameterModels().forEach(parameterModel -> parameterModel.getType().accept(new MetadataTypeVisitor() {

          /**
           * Called when a parameter type is an object type.
           * 
           * @param objectType the object type to validate
           */
          @Override
          public void visitObject(ObjectType objectType) {
            validateOverridesEqualsAndHashCode(objectType, problemsReporter, model);
          }
        }));
      }
    }.walk(extensionModel);
  }","/**
 * Validates that POJOs parameter overrides Equals and HashCode
 *
 * @since 4.2
 */"
code_review,huggingface,v1_minimal,doc_generation,mulesoft/mule,code_review:3246f50e7b,0.044,0.0366,0.0043,0.1714,0.7609,0.3612,"Here is the Javadoc for the given Java code:

```java
/**
 * Validates the given extension model.
 * 
 * @param extensionModel the extension model to validate
 * @param problemsReporter the reporter to report any problems found
 */
public void validate(ExtensionModel extensionModel, ProblemsReporter problemsReporter) {
    if (!isCompiletime(extensionModel) || isASTMode(extensionModel)) {
        // If the extension model is not in compile-time mode or is in AST mode, return immediately
        return;
    }

    // Create a new ExtensionWalker to walk the extension model
    new ExtensionWalker() {

        /**
         * Called when a configuration model is encountered.
         * 
         * @param model the configuration model
         */
        @Override
        protected void onConfiguration(ConfigurationModel model) {
            // Get all parameter models in the configuration model
            model.getAllParameterModels().forEach(parameterModel -> {
                // Get the type of the parameter model
                parameterModel.getType().accept(new MetadataTypeVisitor() {

                    /**
                     * Called when an object type is encountered.
                     * 
                     * @param objectType the object type
                     */
                    @Override
                    public void visitObject(ObjectType objectType) {
                        // Validate the overrides, equals, and hash code of the object type
                        validateOverridesEqualsAndHashCode(objectType, problemsReporter, model);
                    }
                });
            });
        }

        /**
         * Called when a connection provider model is encountered.
         * 
         * @param owner the owner of the connection provider model
         * @param model the connection provider model
         */
        @Override
        protected void onConnectionProvider(HasConnectionProviderModels owner, ConnectionProviderModel model) {
            // Get all parameter models in the connection provider model
            model.getAllParameterModels().forEach(parameterModel -> {
                // Get the type of the parameter model
                parameterModel.getType().accept(new MetadataTypeVisitor() {

                    /**
                     * Called when an object type is encountered.
                     * 
                     * @param objectType the object type
                     */
                    @Override
                    public void visitObject(ObjectType objectType) {
                        // Validate the overrides, equals, and hash code of the object type
                        validateOverridesEqualsAndHashCode(objectType, problemsReporter, model);
                    }
                });
            });
        }
    }.walk(extensionModel);
}
```

Note: The Javadoc comments are written in a way that they can be used as a documentation for the method and its inner classes.","/**
 * Validates that POJOs parameter overrides Equals and HashCode
 *
 * @since 4.2
 */"
code_review,qwen_coder,v1_minimal,doc_generation,mulesoft/mule,code_review:3246f50e7b,0.0392,0.0392,0.0041,0.2134,0.7886,0.453,"Here's the Javadoc for your code:

```java
/**
 * Validates the given {@link ExtensionModel} by checking if it is in compile-time mode and not in AST mode.
 * If conditions are met, it walks through the extension model using an {@link ExtensionWalker}.
 * During the walk:
 * - For each {@link ConfigurationModel}, it iterates over all its {@link ParameterModel}s and checks their type.
 *   If a type is an {@link ObjectType}, it validates that the object overrides both equals/hashCode methods.
 * - For each {@link ConnectionProviderModel}, which is owned by an instance of {@link HasConnectionProviderModels},
 *   it iterates over all its {@link ParameterModel}s and checks their type.
 *   Similar to configuration models, it validates that object types override equals/hashCode methods.
 * Any validation issues are reported to the provided {@link ProblemsReporter}.
 *
 * @param extensionModel The model of the extension to be validated.
 * @param problemsReporter Object to report any problems found during the validation process.
 */
public void validate(ExtensionModel extensionModel, ProblemsReporter problemsReporter) {

    // Check if the extension model is not in compile-time or is already in AST mode
    if (!isCompiletime(extensionModel) || isASTMode(extensionModel)) {
        return; // Exit method without doing anything
    }

    // Create and use the ExtensionWalker to iterate through the extensionModel hierarchy
    new ExtensionWalker() {

        @Override
        // Action taken when encountering a ConfigurationModel
        protected void onConfiguration(ConfigurationModel model) {
            // Iterate through each ParameterModel within the ConfigurationModel
            model.getAllParameterModels().forEach(parameterModel -> {
                // Accepts a visitor pattern to call appropriate methods based on the ParameterModel's Type
                parameterModel.getType().accept(new MetadataTypeVisitor() {

                    @Override
                    // Action taken for ObjectType
                    public void visitObject(ObjectType objectType) {
                        // Validate thatObjectType overrides equals and hashCode methods
                        validateOverridesEqualsAndHashCode(objectType, problemsReporter, model);
                    }
                });
            });
        }

        @Override
        // Action taken when encountering a ConnectionProviderModel
        protected void onConnectionProvider(HasConnectionProviderModels owner, ConnectionProviderModel model) {
            // Similar to above, iterates through each ParameterModel within the ConnectionProviderModel
            model.getAllParameterModels().forEach(parameterModel -> {
                // Visitor pattern implementation: calls visitObject specifically for ObjectType
                parameterModel.getType().","/**
 * Validates that POJOs parameter overrides Equals and HashCode
 *
 * @since 4.2
 */"
code_review,groq,v2_structured,doc_generation,mulesoft/mule,code_review:3246f50e7b,0.1961,0.1961,0.0262,0.4043,0.8409,0.5127,"java
/**
 * Validates the given extension model by checking for overrides of equals and hashCode methods.
 * 
 * @param extensionModel the extension model to validate
 * @param problemsReporter the reporter to report any problems found during validation
 */
public void validate(ExtensionModel extensionModel, ProblemsReporter problemsReporter) {
    // ...
}","/**
 * Validates that POJOs parameter overrides Equals and HashCode
 *
 * @since 4.2
 */"
code_review,huggingface,v2_structured,doc_generation,mulesoft/mule,code_review:3246f50e7b,0.0435,0.0435,0.0266,0.1944,0.82,0.4231,"Here is the complete Javadoc doc block:

```java
/**
 * Validates the given extension model.
 * 
 * @param extensionModel the extension model to validate
 * @param problemsReporter the reporter to report any problems
 */
public void validate(ExtensionModel extensionModel, ProblemsReporter problemsReporter) {
    // ...
}
```","/**
 * Validates that POJOs parameter overrides Equals and HashCode
 *
 * @since 4.2
 */"
code_review,qwen_coder,v2_structured,doc_generation,mulesoft/mule,code_review:3246f50e7b,0.037,0.037,0.0116,0.1483,0.7737,0.3739,"java
/**
 * Validates the {@code ExtensionModel} based on certain criteria using an {@code ExtensionWalker}.
 *
 * @param extensionModel The model to be validated.
 * @param problemsReporter A reporter to log validation problems.
 */
public void validate(ExtensionModel extensionModel, ProblemsReporter problemsReporter) {
    if (!isCompiletime(extensionModel) || isASTMode(extensionModel)) {
      return;
    }

    new ExtensionWalker() {

      @Override
      protected void onConfiguration(ConfigurationModel model) {
        model.getAllParameterModels().forEach(parameterModel -> parameterModel.getType().accept(new MetadataTypeVisitor() {

          @Override
          public void visitObject(ObjectType objectType) {
            validateOverridesEqualsAndHashCode(objectType, problemsReporter, model);
          }
        }));
      }

      @Override
      protected void onConnectionProvider(HasConnectionProviderModels owner, ConnectionProviderModel model) {
        model.getAllParameterModels().forEach(parameterModel -> parameterModel.getType().accept(new MetadataTypeVisitor() {

          @Override
          public void visitObject(ObjectType objectType) {
            validateOverridesEqualsAndHashCode(objectType, problemsReporter, model);
          }
        }));
      }
    }.walk(extensionModel);
}","/**
 * Validates that POJOs parameter overrides Equals and HashCode
 *
 * @since 4.2
 */"
code_review,groq,v3_template,doc_generation,mulesoft/mule,code_review:3246f50e7b,0.25,0.25,0.0346,0.5278,0.8667,0.6144,"/**
 * Validates the overrides of equals and hashCode methods in the given extension model.
 * @param extensionModel The extension model to validate.
 * @param problemsReporter The reporter to report any problems found.
 */","/**
 * Validates that POJOs parameter overrides Equals and HashCode
 *
 * @since 4.2
 */"
code_review,huggingface,v3_template,doc_generation,mulesoft/mule,code_review:3246f50e7b,0.0909,0.0909,0.029,0.2299,0.84,0.3379,"Here is the filled template:

/**
 * Validates the given extension model and its connections.
 * @param extensionModel the extension model to validate
 * @param problemsReporter the reporter for problems found
 * @throws Exception if the validation fails
 */","/**
 * Validates that POJOs parameter overrides Equals and HashCode
 *
 * @since 4.2
 */"
code_review,groq,v4_persona,doc_generation,mulesoft/mule,code_review:3246f50e7b,0.08,0.08,0.0271,0.1934,0.8454,0.4943,"java
/**
 * Validates the provided {@code extensionModel} by checking for correct usage of
 * {@code @EqualsAndHashCode} annotations on object types in configuration and connection provider models.
 *
 * @param extensionModel the model to validate
 * @param problemsReporter the reporter to report any validation issues
 */","/**
 * Validates that POJOs parameter overrides Equals and HashCode
 *
 * @since 4.2
 */"
code_review,groq,v5_cognitive,doc_generation,mulesoft/mule,code_review:3246f50e7b,0.092,0.0805,0.0075,0.2742,0.805,0.4399,"(1) The single responsibility of this method is to validate the configuration of an extension model by checking for overrides of equals and hashCode methods.

(2) 
- `extensionModel`: This parameter represents the extension model to be validated. It is an instance of `ExtensionModel`.
- `problemsReporter`: This parameter represents the reporter that will be used to report any problems found during validation. It is an instance of `ProblemsReporter`.

(3) 
- This method does not return any value (void).
- It does not throw any exceptions under normal circumstances. However, it may throw exceptions if there are any issues with the `extensionModel` or `problemsReporter` parameters, or if any problems are encountered during validation. 

Here is the final Javadoc block:

```java
/**
 * Validates the configuration of the given extension model by checking for overrides of equals and hashCode methods.
 * 
 * @param extensionModel the extension model to be validated
 * @param problemsReporter the reporter that will be used to report any problems found during validation
 */
public void validate(ExtensionModel extensionModel, ProblemsReporter problemsReporter) {
    // method implementation
}
```","/**
 * Validates that POJOs parameter overrides Equals and HashCode
 *
 * @since 4.2
 */"
code_review,groq,v1_minimal+meta,doc_generation,apache/carbondata,code_review:a223f6ca97,0.0702,0.0702,0.0078,0.1866,0.8568,0.4084,"typescript
/**
 * Initializes a new instance of CarbonProperties by loading default properties.
 * 
 * This constructor is private to enforce the use of the factory method for instance creation.
 */
private constructor() {
    // Load default properties
    // This can be implemented based on the actual requirements
    // For example, it could load properties from a configuration file or database
}","  /**
   * Boolean type properties default value
   */"
code_review,groq,v2_structured+meta,doc_generation,apache/carbondata,code_review:a223f6ca97,0.075,0.075,0.0055,0.184,0.8321,0.3959,"javascript
/**
 * Initializes the CarbonProperties instance with default properties.
 * 
 * @throws {Error} if there is an error loading or validating properties.
 */
function initializeCarbonProperties() {
    try {
        // Initialize CarbonProperties instance with default properties
        const carbonProperties = new CarbonProperties({
            // Default properties go here
            property1: 'default value 1',
            property2: 'default value 2',
            // Add more properties as needed
        });

        // Return the initialized CarbonProperties instance
        return carbonProperties;
    } catch (error) {
        // Re-throw the error with a more informative message
        throw new Error('Error initializing CarbonProperties instance:', error);
    }
}","  /**
   * Boolean type properties default value
   */"
code_review,groq,v3_template+meta,doc_generation,apache/carbondata,code_review:a223f6ca97,0.0952,0.0952,0.0199,0.2083,0.8668,0.346,"javascript
/**
 * Initializes a new instance of the CarbonProperties class.
 * 
 * @returns {void}
 */
function CarbonProperties() {
    // Initialize properties here
}","  /**
   * Boolean type properties default value
   */"
code_review,groq,v4_persona+meta,doc_generation,apache/carbondata,code_review:a223f6ca97,0.0561,0.0561,0.0038,0.1463,0.8199,0.3604,"javascript
/**
 * Initializes the internal properties object with default values and merges any custom properties.
 *
 * @param {Object} [customProperties={}] - An object containing custom properties to merge with the default properties.
 * @returns {Object} The initialized properties object.
 */
function initProperties(customProperties = {}) {
  // Define the default properties object
  const defaultProperties = {
    // Add default properties here
    property1: 'default value 1',
    property2: 'default value 2',
    // ...
  };

  // Merge the custom properties with the default properties
  const properties = { ...defaultProperties, ...customProperties };

  return properties;
}

// Example usage:
const customProperties = {
  property1: 'custom value 1',
  property3: 'custom value 3',
};

const properties = initProperties(customProperties);
console.log(properties);
// Output:
// {
//   property1: 'custom value 1',
//   property2: 'default value 2',
//   property3: 'custom value 3',
// }","  /**
   * Boolean type properties default value
   */"
code_review,groq,v5_cognitive+meta,doc_generation,apache/carbondata,code_review:a223f6ca97,0.006,0.006,0.0012,0.0442,0.7934,0.2466,"Here's the Java method with a clear and concise Javadoc:

```java
/**
 * Initializes the CarbonProperties instance.
 * 
 * This method is responsible for loading and validating the properties.
 * It may throw an exception if an error occurs during property loading or validation.
 * 
 * @throws IOException if an I/O error occurs while loading properties
 * @throws ConfigurationException if a configuration error occurs during property validation
 */
public void init() throws IOException, ConfigurationException {
    // Method implementation here
}
```

However, if you want to make the method more robust and handle potential exceptions, you can modify it like this:

```java
/**
 * Initializes the CarbonProperties instance.
 * 
 * This method is responsible for loading and validating the properties.
 * It may throw an exception if an error occurs during property loading or validation.
 * 
 * @throws IOException if an I/O error occurs while loading properties
 * @throws ConfigurationException if a configuration error occurs during property validation
 */
public void init() {
    try {
        // Method implementation here
    } catch (IOException e) {
        // Handle IOException
        throw new IOException(""Error initializing CarbonProperties"", e);
    } catch (ConfigurationException e) {
        // Handle ConfigurationException
        throw new ConfigurationException(""Error validating CarbonProperties"", e);
    }
}
```

Or, you can use a more modern approach with Java 8's `try-with-resources` statement and `Optional` to handle potential exceptions:

```java
/**
 * Initializes the CarbonProperties instance.
 * 
 * This method is responsible for loading and validating the properties.
 * It may throw an exception if an error occurs during property loading or validation.
 * 
 * @throws IOException if an I/O error occurs while loading properties
 * @throws ConfigurationException if a configuration error occurs during property validation
 */
public void init() {
    try {
        // Method implementation here
    } catch (IOException | ConfigurationException e) {
        // Handle exceptions
        throw new RuntimeException(""Error initializing CarbonProperties"", e);
    }
}
```

Or, you can use a more functional programming approach with Java 8's `Optional`:

```java
/**
 * Initializes the CarbonProperties instance.
 * 
 * This method is responsible for loading and validating the properties.
 * It may throw an exception if an error occurs during property loading or validation.
 * 
 * @throws IOException if an I/O error occurs while loading properties
 * @throws ConfigurationException if a configuration error occurs during property validation
 */
public void init","  /**
   * Boolean type properties default value
   */"
code_review,groq,v1_minimal+meta,doc_generation,bndtools/bnd,code_review:cb14ce66b6,0.1964,0.1429,0.0122,0.1925,0.8079,0.1122,"javascript
/**
 * Retrieves the file extension from the given file name, or returns a specified default value if no extension is found.
 * 
 * @param {string} fileName The file name to extract the extension from.
 * @param {string} [deflt=''] The default value to return if no extension is found. Defaults to an empty string.
 * @returns {string} The file extension or the default value.
 */
function getFileExtension(fileName, deflt = '') {
  // Split the file name by '.' to separate the file name and the extension
  const fileParts = fileName.split('.');

  // If the file name does not contain a '.', return the default value
  if (fileParts.length < 2) {
    return deflt;
  }

  // Get the last part of the file name, which is the extension
  const extension = fileParts.pop();

  // Return the file extension
  return extension;
}

// Example usage:
console.log(getFileExtension('example.txt'));  // Output: txt
console.log(getFileExtension('example'));  // Output: (empty string)
console.log(getFileExtension('example.txt', 'unknown'));  // Output: txt
console.log(getFileExtension('example', 'unknown'));  // Output: unknown","	/**
	 * Creates a symbolic link from {@code link} to the {@code target}, or
	 * copies {@code target} to {@code link} if running on Windows.
	 * <p>
	 * Creating symbolic links on Windows requires administrator permissions, so
	 * copying is a safer fallback.
	 *
	 * @param link the location of the symbolic link, or destination of the
	 *            copy.
	 * @param target the target of the symbolic link, or source of the copy.
	 * @return {@code true} if the operation succeeds, {@code false} otherwise.
	 */"
code_review,groq,v2_structured+meta,doc_generation,bndtools/bnd,code_review:cb14ce66b6,0.1925,0.1506,0.0122,0.1946,0.8054,0.1132,"javascript
/**
 * Retrieves the file extension from a given file name, or returns a specified default value if no extension is found.
 * 
 * @param {string} fileName The name of the file to extract the extension from.
 * @param {string} [defaultValue] The default value to return if the file name does not contain an extension.
 * @returns {string} The file extension, or the default value if the file name does not contain an extension.
 */
function getFileExtension(fileName, defaultValue = '') {
  // Check if the file name is a string
  if (typeof fileName !== 'string') {
    throw new Error('File name must be a string');
  }

  // Split the file name by the last occurrence of '.' to separate the file name and extension
  const lastDotIndex = fileName.lastIndexOf('.');

  // If '.' is not found, return the default value
  if (lastDotIndex === -1) {
    return defaultValue;
  }

  // Return the file extension
  return fileName.substring(lastDotIndex);
}

// Example usage:
console.log(getFileExtension('example.txt'));  // Output: .txt
console.log(getFileExtension('example'));  // Output: (empty string)
console.log(getFileExtension('example.txt', 'default'));  // Output: .txt
console.log(getFileExtension('example', 'default'));  // Output: default","	/**
	 * Creates a symbolic link from {@code link} to the {@code target}, or
	 * copies {@code target} to {@code link} if running on Windows.
	 * <p>
	 * Creating symbolic links on Windows requires administrator permissions, so
	 * copying is a safer fallback.
	 *
	 * @param link the location of the symbolic link, or destination of the
	 *            copy.
	 * @param target the target of the symbolic link, or source of the copy.
	 * @return {@code true} if the operation succeeds, {@code false} otherwise.
	 */"
code_review,groq,v3_template+meta,doc_generation,bndtools/bnd,code_review:cb14ce66b6,0.1758,0.1319,0.0098,0.1874,0.8063,0.121,"Here's how you can implement the method in Java:

```java
public class Main {

    /**
     * Retrieves the file extension from the provided file name, falling back to a specified default value if no extension is present.
     * 
     * @param fileName the file name to extract the extension from
     * @param defaultValue the default value to return if no extension is found
     * @return the file extension, or the specified default value if no extension is found
     */
    public static String getFileExtension(String fileName, String defaultValue) {
        // Find the last occurrence of a dot in the file name
        int lastDotIndex = fileName.lastIndexOf('.');

        // If no dot is found, return the default value
        if (lastDotIndex == -1) {
            return defaultValue;
        }

        // Extract the file extension
        String extension = fileName.substring(lastDotIndex + 1);

        // Return the file extension
        return extension;
    }

    public static void main(String[] args) {
        // Example usage:
        System.out.println(getFileExtension(""example.txt"", ""unknown""));  // Outputs: txt
        System.out.println(getFileExtension(""example"", ""unknown""));  // Outputs: unknown
    }
}
```

This method works by finding the last occurrence of a dot in the file name using the `lastIndexOf` method. If no dot is found, it returns the default value. Otherwise, it extracts the file extension by taking the substring of the file name starting from the index after the last dot.","	/**
	 * Creates a symbolic link from {@code link} to the {@code target}, or
	 * copies {@code target} to {@code link} if running on Windows.
	 * <p>
	 * Creating symbolic links on Windows requires administrator permissions, so
	 * copying is a safer fallback.
	 *
	 * @param link the location of the symbolic link, or destination of the
	 *            copy.
	 * @param target the target of the symbolic link, or source of the copy.
	 * @return {@code true} if the operation succeeds, {@code false} otherwise.
	 */"
code_review,groq,v4_persona+meta,doc_generation,bndtools/bnd,code_review:cb14ce66b6,0.1842,0.1404,0.0119,0.1864,0.8085,0.1218,"javascript
/**
 * Extracts the file extension from the given file name, returning the default value if the file name does not contain an extension.
 *
 * @param {string} fileName The file name to extract the extension from.
 * @param {string} [defaultExtension=''] The default file extension to return if the file name does not contain an extension.
 * @returns {string} The file extension, or the default value if the file name does not contain an extension.
 */
function getFileExtension(fileName, defaultExtension = '') {
  // Find the last occurrence of a dot in the file name
  const lastDotIndex = fileName.lastIndexOf('.');

  // If a dot is found, return the file extension
  if (lastDotIndex !== -1) {
    // Return the file extension, including the dot
    return fileName.substring(lastDotIndex);
  } else {
    // If no dot is found, return the default extension
    return defaultExtension;
  }
}

// Example usage:
console.log(getFileExtension('example.txt'));  // Output: .txt
console.log(getFileExtension('example'));  // Output: (empty string)
console.log(getFileExtension('example.txt', '.default'));  // Output: .txt
console.log(getFileExtension('example', '.default'));  // Output: .default","	/**
	 * Creates a symbolic link from {@code link} to the {@code target}, or
	 * copies {@code target} to {@code link} if running on Windows.
	 * <p>
	 * Creating symbolic links on Windows requires administrator permissions, so
	 * copying is a safer fallback.
	 *
	 * @param link the location of the symbolic link, or destination of the
	 *            copy.
	 * @param target the target of the symbolic link, or source of the copy.
	 * @return {@code true} if the operation succeeds, {@code false} otherwise.
	 */"
code_review,groq,v5_cognitive+meta,doc_generation,bndtools/bnd,code_review:cb14ce66b6,0.1841,0.1423,0.0117,0.1874,0.8087,0.169,"java
/**
 * Extracts the file extension from a given file name, returning a specified default value if the file name does not contain an extension.
 *
 * @param fileName the name of the file from which to extract the extension
 * @param default  the default value to return if the file name does not contain an extension
 * @return the extracted file extension as a string, or the specified default value if no extension is found
 * @throws NullPointerException if the default parameter is null
 */
public String extractFileExtension(String fileName, String defaultExtension) {
    // Check if the default parameter is null and throw a NullPointerException if it is
    if (defaultExtension == null) {
        throw new NullPointerException(""Default extension cannot be null"");
    }

    // Find the last occurrence of a dot in the file name
    int extensionIndex = fileName.lastIndexOf('.');

    // If no dot is found, return the default extension
    if (extensionIndex == -1) {
        return defaultExtension;
    }

    // Extract the file extension by taking the substring starting from the last dot
    String fileExtension = fileName.substring(extensionIndex + 1);

    // Return the extracted file extension
    return fileExtension;
}","	/**
	 * Creates a symbolic link from {@code link} to the {@code target}, or
	 * copies {@code target} to {@code link} if running on Windows.
	 * <p>
	 * Creating symbolic links on Windows requires administrator permissions, so
	 * copying is a safer fallback.
	 *
	 * @param link the location of the symbolic link, or destination of the
	 *            copy.
	 * @param target the target of the symbolic link, or source of the copy.
	 * @return {@code true} if the operation succeeds, {@code false} otherwise.
	 */"
code_review,groq,v1_minimal+meta,doc_generation,testcontainers/testcontainers-java,code_review:965b6511fd,0.0375,0.0375,0.0035,0.183,0.7946,0.3181,"It appears to be a Javadoc comment in Java. Here's a breakdown of the comment:

- `/**`: This is the start of a Javadoc comment.
- `Creates a new instance of JdbcDatabaseContainer, specifying the Docker image name for the database container.`: This is a brief description of the method.
- `*`: This is a Javadoc comment separator.
- `@param {string} dockerImageName The name of the Docker image to use for the database container.`: This is a parameter description. The `@param` tag is used to describe a method parameter.

However, there are a few issues with the comment:

- The parameter type should be in the format of `@param paramName description`, not `@param {type} paramName description`.
- The parameter type should be enclosed in angle brackets `<>`, not curly brackets `{}`.

Here's the corrected comment:

```markdown
/**
 * Creates a new instance of JdbcDatabaseContainer, specifying the Docker image name for the database container.
 * 
 * @param dockerImageName The name of the Docker image to use for the database container.
 */
```","    /**
     * @return the database name
     */"
code_review,groq,v2_structured+meta,doc_generation,testcontainers/testcontainers-java,code_review:965b6511fd,0.0414,0.0414,0.0034,0.1777,0.8371,0.3205,"javascript
/**
 * Initializes a new JdbcDatabaseContainer instance with the specified Docker image name.
 * 
 * @param {string} dockerImageName The name of the Docker image to use for the database container.
 */
function JdbcDatabaseContainer(dockerImageName) {
    /**
     * The name of the Docker image used for the database container.
     * @type {string}
     */
    this.dockerImageName = dockerImageName;

    /**
     * Initializes the database container.
     */
    this.init = function() {
        // Initialize the database container using the specified Docker image.
        // This can involve creating a new container, starting it, and configuring it as needed.
    };

    /**
     * Starts the database container.
     */
    this.start = function() {
        // Start the database container.
        // This can involve starting the container if it's not already running.
    };

    /**
     * Stops the database container.
     */
    this.stop = function() {
        // Stop the database container.
        // This can involve stopping the container if it's running.
    };

    /**
     * Deletes the database container.
     */
    this.delete = function() {
        // Delete the database container.
        // This can involve removing the container from the Docker host.
    };
}","    /**
     * @return the database name
     */"
code_review,groq,v3_template+meta,doc_generation,testcontainers/testcontainers-java,code_review:965b6511fd,0.0488,0.0488,0.0047,0.2232,0.8387,0.3171,"javascript
/**
 * Initializes a new instance of the JdbcDatabaseContainer class.
 * 
 * @param {string} dockerImageName The name of the Docker image to use for the database container.
 */
function JdbcDatabaseContainer(dockerImageName) {
    /**
     * The name of the Docker image to use for the database container.
     * @type {string}
     */
    this.dockerImageName = dockerImageName;

    // Initialize the database container
    this.init();
}

/**
 * Initializes the database container.
 */
JdbcDatabaseContainer.prototype.init = function() {
    // Create a new Docker container from the specified image
    // This is a placeholder for the actual Docker container creation logic
    // You would need to use a library like Dockerode or Dockerode-Node to interact with Docker
    console.log(`Creating a new Docker container from image ${this.dockerImageName}`);
};

// Example usage:
const container = new JdbcDatabaseContainer('mysql:latest');
console.log(container.dockerImageName);
container.init();","    /**
     * @return the database name
     */"
code_review,groq,v4_persona+meta,doc_generation,testcontainers/testcontainers-java,code_review:965b6511fd,0.0976,0.0732,0.0066,0.1948,0.8485,0.3354,"javascript
/**
 * Initializes a new JdbcDatabaseContainer instance with the specified Docker image.
 * 
 * @param {string} dockerImageName The Docker image name to use for the database container.
 */
function createJdbcDatabaseContainer(dockerImageName) {
    // Check if the provided Docker image name is valid
    if (typeof dockerImageName !== 'string' || dockerImageName.trim() === '') {
        throw new Error('Invalid Docker image name');
    }

    // Create a new JdbcDatabaseContainer instance
    const jdbcDatabaseContainer = {
        dockerImageName,
        // Initialize other properties as needed
    };

    return jdbcDatabaseContainer;
}

// Example usage:
const databaseContainer = createJdbcDatabaseContainer('mysql:latest');
console.log(databaseContainer.dockerImageName); // Output: mysql:latest","    /**
     * @return the database name
     */"
code_review,groq,v5_cognitive+meta,doc_generation,testcontainers/testcontainers-java,code_review:965b6511fd,0.0265,0.0265,0.0065,0.1059,0.8349,-0.0471,"java
/**
 * Calculates the greatest common divisor (GCD) of two integers using the Euclidean algorithm.
 * 
 * This method takes two integers as input and returns their GCD. It uses the Euclidean algorithm
 * to efficiently calculate the GCD, which is the largest number that divides both input integers
 * without leaving a remainder.
 * 
 * @param a the first integer
 * @param b the second integer
 * @return the greatest common divisor of a and b
 * @throws IllegalArgumentException if either a or b is not a positive integer
 */
public class Main {
    public static int calculateGcd(int a, int b) {
        // Check if both inputs are positive integers
        if (a <= 0 || b <= 0) {
            throw new IllegalArgumentException(""Both inputs must be positive integers"");
        }

        // Use the Euclidean algorithm to calculate the GCD
        while (b != 0) {
            int temp = b;
            b = a % b;
            a = temp;
        }

        return a;
    }

    public static void main(String[] args) {
        System.out.println(calculateGcd(48, 18));  // Output: 6
    }
}","    /**
     * @return the database name
     */"
code_review,groq,v1_minimal+meta,doc_generation,GoogleCloudPlatform/java-docs-samples,code_review:588397bd08,0.0245,0.0245,0.0012,0.0805,0.7984,0.5139,"**tearDown Method Purpose and Behavior in Java**

The `tearDown` method is a crucial part of the Test-Driven Development (TDD) cycle in Java. It is typically called after each test method has completed its execution. The primary purpose of the `tearDown` method is to perform any necessary cleanup tasks to ensure that the test environment is restored to its original state.

**Interaction with Stackdriver Trace Exporter**

In the context of the Stackdriver Trace Exporter, the `tearDown` method is responsible for exporting any collected traces to Stackdriver after the test has completed. This ensures that the traces are properly recorded and can be analyzed for debugging and performance optimization purposes.

**Javadoc Comments for the tearDown Method**

Here is an example of Javadoc comments that clearly outline the responsibilities of the `tearDown` method:
```java
/**
 * Performs any necessary cleanup tasks after the test has completed.
 * This includes closing any open resources, resetting the test state,
 * and exporting any collected traces to Stackdriver.
 *
 * @throws Exception if an error occurs during cleanup
 */
public void tearDown() throws Exception {
    // Close any open resources
    closeResources();

    // Reset the test state
    resetState();

    // Export any collected traces to Stackdriver
    exportTracesToStackdriver();
}

/**
 * Closes any open resources, such as database connections or file handles.
 */
private void closeResources() {
    // Implementation details
}

/**
 * Resets the test state to its original configuration.
 */
private void resetState() {
    // Implementation details
}

/**
 * Exports any collected traces to Stackdriver.
 *
 * @throws Exception if an error occurs during export
 */
private void exportTracesToStackdriver() throws Exception {
    // Implementation details
}
```
**Example Use Case**

Here is an example of how the `tearDown` method might be used in a test class:
```java
public class MyTest {
    private StackdriverTraceExporter exporter;

    @Before
    public void setUp() {
        exporter = new StackdriverTraceExporter();
    }

    @Test
    public void testMyMethod() {
        // Test code here
    }

    @After
    public void tearDown() throws Exception {
        super.tearDown();
        exporter.exportTracesToStackdriver();
    }
}
```
In this example, the `tearDown` method is called after each test method has completed its execution. It first calls the `tearDown` method of the superclass to perform any additional cleanup tasks, and then","/**
 * Tests for stackdriver tracing sample.
 */"
code_review,groq,v2_structured+meta,doc_generation,GoogleCloudPlatform/java-docs-samples,code_review:588397bd08,0.1905,0.1905,0.0214,0.4,0.8844,0.5075,"/**
 * Unregisters the Stackdriver Trace Exporter after use.
 * 
 * @throws IllegalStateException if the exporter has not been registered
 */","/**
 * Tests for stackdriver tracing sample.
 */"
code_review,groq,v3_template+meta,doc_generation,GoogleCloudPlatform/java-docs-samples,code_review:588397bd08,0.0656,0.0656,0.0064,0.1799,0.8324,0.4303,"javascript
/**
 * Unregisters the Stackdriver Trace Exporter instance.
 * 
 * This method removes the exporter instance, effectively disabling Stackdriver Trace export.
 * 
 * @throws {Error} If the exporter instance is not registered.
 */
function unregisterStackdriverTraceExporter() {
    // Check if the exporter instance is registered
    if (!this._stackdriverTraceExporter) {
        throw new Error('Stackdriver Trace Exporter instance is not registered');
    }

    // Unregister the exporter instance
    this._stackdriverTraceExporter = null;
}","/**
 * Tests for stackdriver tracing sample.
 */"
code_review,groq,v4_persona+meta,doc_generation,GoogleCloudPlatform/java-docs-samples,code_review:588397bd08,0.0571,0.0571,0.0061,0.262,0.8342,0.3613,"javascript
/**
 * Unregisters the Stackdriver Trace Exporter, enabling its reinitialization or replacement.
 */
export function unregisterStackdriverTraceExporter() {
  // Check if the exporter is registered
  if (globalThis.console && globalThis.console.log) {
    globalThis.console.log(""Unregistering Stackdriver Trace Exporter..."");
  }

  // Unregister the exporter
  // Assuming the exporter is registered with a function like this:
  // globalThis.stackdriverTraceExporter = function() { ... };
  delete globalThis.stackdriverTraceExporter;

  if (globalThis.console && globalThis.console.log) {
    globalThis.console.log(""Stackdriver Trace Exporter unregistered."");
  }
}","/**
 * Tests for stackdriver tracing sample.
 */"
code_review,groq,v5_cognitive+meta,doc_generation,GoogleCloudPlatform/java-docs-samples,code_review:588397bd08,0.0,0.0,0.0081,0.12,0.851,0.4135,"java
/**
 * Unregisters the StackdriverTraceExporter instance, effectively tearing down the setup process.
 * This method is the counterpart to the setup process, ensuring that all resources are released when the exporter is no longer needed.
 * 
 * @see #setUp()
 */
public void tearDown() {
    // implementation to unregister the StackdriverTraceExporter instance
}","/**
 * Tests for stackdriver tracing sample.
 */"
code_review,groq,v1_minimal+meta,doc_generation,ReactiveX/RxJava,code_review:b9f97b4a40,0.1268,0.0986,0.0082,0.1089,0.7927,0.0565,"java
/**
 * Creates a new CompletableSubject instance.
 *
 * This method returns a CompletableSubject that can be used to emit a single
 * completion signal, which can be used to represent the completion of an asynchronous
 * computation, such as a network request or a database query.
 *
 * @return a new CompletableSubject instance
 */
public CompletableSubject create() {
    // method implementation
}","/**
 * Copyright 2016 Netflix, Inc.
 *
 * Licensed under the Apache License, Version 2.0 (the ""License""); you may not use this file except in
 * compliance with the License. You may obtain a copy of the License at
 *
 * http://www.apache.org/licenses/LICENSE-2.0
 *
 * Unless required by applicable law or agreed to in writing, software distributed under the License is
 * distributed on an ""AS IS"" BASIS, WITHOUT WARRANTIES OR CONDITIONS OF ANY KIND, either express or implied. See
 * the License for the specific language governing permissions and limitations under the License.
 */"
code_review,groq,v2_structured+meta,doc_generation,ReactiveX/RxJava,code_review:b9f97b4a40,0.058,0.0435,0.006,0.0498,0.7672,0.0017,"typescript
import { Subject } from 'rxjs';

/**
 * Creates and returns a new CompletableSubject instance.
 * 
 * @return a new CompletableSubject instance, ready to be subscribed to and completed.
 */
function createCompletableSubject(): Subject<any> {
    return new Subject();
}

// Example usage:
const completableSubject = createCompletableSubject();
completableSubject.subscribe({
    complete: () => console.log('Completed!'),
    error: (error) => console.log('Error:', error),
});","/**
 * Copyright 2016 Netflix, Inc.
 *
 * Licensed under the Apache License, Version 2.0 (the ""License""); you may not use this file except in
 * compliance with the License. You may obtain a copy of the License at
 *
 * http://www.apache.org/licenses/LICENSE-2.0
 *
 * Unless required by applicable law or agreed to in writing, software distributed under the License is
 * distributed on an ""AS IS"" BASIS, WITHOUT WARRANTIES OR CONDITIONS OF ANY KIND, either express or implied. See
 * the License for the specific language governing permissions and limitations under the License.
 */"
code_review,groq,v3_template+meta,doc_generation,ReactiveX/RxJava,code_review:b9f97b4a40,0.1185,0.0889,0.0053,0.0664,0.7685,0.0222,"javascript
/**
 * Creates and returns a new instance of CompletableSubject.
 * @returns {CompletableSubject} A new CompletableSubject instance.
 */
function createCompletableSubject() {
    // Import the CompletableSubject class from the rxjs library
    const { CompletableSubject } = require('rxjs');

    // Create a new instance of CompletableSubject
    const subject = new CompletableSubject();

    // Return the new instance
    return subject;
}","/**
 * Copyright 2016 Netflix, Inc.
 *
 * Licensed under the Apache License, Version 2.0 (the ""License""); you may not use this file except in
 * compliance with the License. You may obtain a copy of the License at
 *
 * http://www.apache.org/licenses/LICENSE-2.0
 *
 * Unless required by applicable law or agreed to in writing, software distributed under the License is
 * distributed on an ""AS IS"" BASIS, WITHOUT WARRANTIES OR CONDITIONS OF ANY KIND, either express or implied. See
 * the License for the specific language governing permissions and limitations under the License.
 */"
code_review,groq,v4_persona+meta,doc_generation,ReactiveX/RxJava,code_review:b9f97b4a40,0.0339,0.0339,0.0027,0.0456,0.7782,-0.0353,"typescript
/**
 * Creates a new CompletableSubject instance, allowing emission of a single completion signal.
 * 
 * @returns A new CompletableSubject instance.
 */
function createCompletableSubject(): import('rxjs').CompletableSubject {
    return new import('rxjs').CompletableSubject();
}","/**
 * Copyright 2016 Netflix, Inc.
 *
 * Licensed under the Apache License, Version 2.0 (the ""License""); you may not use this file except in
 * compliance with the License. You may obtain a copy of the License at
 *
 * http://www.apache.org/licenses/LICENSE-2.0
 *
 * Unless required by applicable law or agreed to in writing, software distributed under the License is
 * distributed on an ""AS IS"" BASIS, WITHOUT WARRANTIES OR CONDITIONS OF ANY KIND, either express or implied. See
 * the License for the specific language governing permissions and limitations under the License.
 */"
code_review,groq,v5_cognitive+meta,doc_generation,ReactiveX/RxJava,code_review:b9f97b4a40,0.1583,0.1079,0.0053,0.1659,0.7715,0.0449,"Here's the documented Java method with a clear and concise Javadoc:

```java
/**
 * Creates a new instance of {@link CompletableSubject} that can be used to create a {@link Completable} instance.
 * 
 * This method does not require any input parameters and returns a new instance of {@link CompletableSubject}.
 * It does not throw any exceptions under normal circumstances.
 * 
 * @return a new instance of {@link CompletableSubject}
 */
public static CompletableSubject create() {
    return new CompletableSubject();
}
```

However, to make the Javadoc even more informative, we can add a brief description of the purpose of the method and its return value:

```java
/**
 * Creates a new instance of {@link CompletableSubject} that can be used to create a {@link Completable} instance.
 * 
 * This method provides a factory for creating new instances of {@link CompletableSubject}, which can be used to create
 * {@link Completable} instances that can be subscribed to and observed for completion or error notifications.
 * 
 * @return a new instance of {@link CompletableSubject}
 */
public static CompletableSubject create() {
    return new CompletableSubject();
}
```

This updated Javadoc provides a clear understanding of the purpose of the `create` method and its return value, making it easier for other developers to use and understand the method.","/**
 * Copyright 2016 Netflix, Inc.
 *
 * Licensed under the Apache License, Version 2.0 (the ""License""); you may not use this file except in
 * compliance with the License. You may obtain a copy of the License at
 *
 * http://www.apache.org/licenses/LICENSE-2.0
 *
 * Unless required by applicable law or agreed to in writing, software distributed under the License is
 * distributed on an ""AS IS"" BASIS, WITHOUT WARRANTIES OR CONDITIONS OF ANY KIND, either express or implied. See
 * the License for the specific language governing permissions and limitations under the License.
 */"
code_review,groq,v1_minimal+meta,doc_generation,vaticle/typedb,code_review:0eae1ce0ac,0.0,0.0,0.0036,0.0872,0.7862,-0.0905,"javascript
/**
 * Creates a new instance of UndefineQueryImpl.
 *
 * @param {Array<string|Pattern>} varPatterns Variable patterns to be undefined.
 * @param {Transaction} tx The transaction in which the query will be executed, or null for a transactionless context.
 * @returns {UndefineQueryImpl} A new instance of UndefineQueryImpl.
 */
function createUndefineQueryImpl(varPatterns, tx) {
  // Check if varPatterns is an array and tx is a valid transaction or null
  if (!Array.isArray(varPatterns) || (tx !== null && !(tx instanceof Transaction))) {
    throw new Error('Invalid input parameters');
  }

  // Create a new instance of UndefineQueryImpl
  const undefineQueryImpl = new UndefineQueryImpl();

  // Initialize the variable patterns and transaction
  undefineQueryImpl.varPatterns = varPatterns;
  undefineQueryImpl.tx = tx;

  // Return the new instance of UndefineQueryImpl
  return undefineQueryImpl;
}","/**
 * @author Felix Chapman
 */"
code_review,groq,v2_structured+meta,doc_generation,vaticle/typedb,code_review:0eae1ce0ac,0.0,0.0,0.0025,0.0673,0.7679,-0.0801,"javascript
/**
 * Creates a new instance of UndefineQueryImpl.
 * 
 * @param {Array<string|Pattern>} varPatterns List of variable patterns to be undefined.
 * @param {Transaction} tx Transaction in which the query will be executed, or null if not applicable.
 * @returns {UndefineQueryImpl} A new instance of UndefineQueryImpl.
 */
function createUndefineQueryImpl(varPatterns, tx) {
    // Check if varPatterns is an array and tx is a valid Transaction object
    if (!Array.isArray(varPatterns)) {
        throw new Error('varPatterns must be an array');
    }
    
    if (tx !== null && !(tx instanceof Transaction)) {
        throw new Error('tx must be a valid Transaction object or null');
    }

    // Create a new instance of UndefineQueryImpl
    const undefineQueryImpl = new UndefineQueryImpl();

    // Initialize the varPatterns property of the UndefineQueryImpl instance
    undefineQueryImpl.varPatterns = varPatterns;

    // Initialize the tx property of the UndefineQueryImpl instance
    undefineQueryImpl.tx = tx;

    return undefineQueryImpl;
}

// Define the UndefineQueryImpl class
class UndefineQueryImpl {
    constructor() {
        this.varPatterns = [];
        this.tx = null;
    }
}

// Define the Transaction class
class Transaction {
    constructor() {
        // Transaction implementation
    }
}","/**
 * @author Felix Chapman
 */"
code_review,groq,v3_template+meta,doc_generation,vaticle/typedb,code_review:0eae1ce0ac,0.0,0.0,0.0013,0.0702,0.7633,-0.1318,"Here's a Java class `UndefineQueryImpl` that implements the described functionality:

```java
import java.util.List;

/**
 * Represents a query to undefine variable patterns within a transaction.
 */
public class UndefineQueryImpl {

    private List<String> varPatterns;
    private Transaction tx;

    /**
     * Creates a new instance of UndefineQueryImpl to undefine the given variable patterns within the specified transaction.
     * 
     * @param varPatterns List of variable patterns to be undefined.
     * @param tx Transaction in which the query will be executed, or null for a query without transactional requirements.
     */
    public UndefineQueryImpl(List<String> varPatterns, Transaction tx) {
        this.varPatterns = varPatterns;
        this.tx = tx;
    }

    // Getters and setters for varPatterns and tx

    public List<String> getVarPatterns() {
        return varPatterns;
    }

    public void setVarPatterns(List<String> varPatterns) {
        this.varPatterns = varPatterns;
    }

    public Transaction getTx() {
        return tx;
    }

    public void setTx(Transaction tx) {
        this.tx = tx;
    }

    /**
     * Executes the query to undefine the variable patterns within the transaction.
     * 
     * @return true if the query was executed successfully, false otherwise.
     */
    public boolean execute() {
        // Implement the logic to undefine the variable patterns within the transaction
        // For example:
        if (tx != null) {
            // Execute the query within the transaction
            tx.execute(() -> {
                // Undefine the variable patterns
                for (String pattern : varPatterns) {
                    // Implement the logic to undefine the pattern
                    // For example:
                    System.out.println(""Undefining variable pattern: "" + pattern);
                }
                return true;
            });
        } else {
            // Execute the query without transactional requirements
            for (String pattern : varPatterns) {
                // Implement the logic to undefine the pattern
                // For example:
                System.out.println(""Undefining variable pattern: "" + pattern);
            }
        }
        return true;
    }
}

/**
 * Represents a transaction in which a query can be executed.
 */
interface Transaction {
    boolean execute(Runnable action);
}
```

This implementation provides a basic structure for the `UndefineQueryImpl` class and the `Transaction` interface. You can extend and modify it","/**
 * @author Felix Chapman
 */"
code_review,groq,v4_persona+meta,doc_generation,vaticle/typedb,code_review:0eae1ce0ac,0.0,0.0,0.0029,0.0761,0.7731,-0.0577,"javascript
/**
 * Creates a new instance of UndefineQueryImpl.
 * 
 * @param {Array<string>|string} varPatterns Variable patterns to be undefined.
 * @param {Transaction|null} tx The transaction in which the query will be executed, or null if not applicable.
 * @returns {UndefineQueryImpl} A new instance of UndefineQueryImpl.
 */
function createUndefineQueryImpl(varPatterns, tx) {
    // Check if varPatterns is an array or a string
    if (!Array.isArray(varPatterns) && typeof varPatterns !== 'string') {
        throw new Error('varPatterns must be an array or a string');
    }

    // Check if tx is a valid transaction object or null
    if (tx !== null && typeof tx !== 'object') {
        throw new Error('tx must be a valid transaction object or null');
    }

    // Create a new instance of UndefineQueryImpl
    return new UndefineQueryImpl(varPatterns, tx);
}

// Define the UndefineQueryImpl class
class UndefineQueryImpl {
    constructor(varPatterns, tx) {
        this.varPatterns = varPatterns;
        this.tx = tx;
    }
}","/**
 * @author Felix Chapman
 */"
code_review,groq,v5_cognitive+meta,doc_generation,vaticle/typedb,code_review:0eae1ce0ac,0.0,0.0,0.0014,0.0426,0.7766,0.0011,"Here's an example of how you could document the Java method using Javadoc:

```java
/**
 * This method calculates the sum of two numbers.
 * 
 * @param num1 The first number to add.
 * @param num2 The second number to add.
 * @return The sum of num1 and num2.
 * @throws NullPointerException If either num1 or num2 is null.
 * @throws NumberFormatException If either num1 or num2 is not a valid number.
 * @throws ArithmeticException If the sum of num1 and num2 overflows.
 */
public double calculateSum(double num1, double num2) {
    // Method implementation here
}
```

However, since you haven't provided the Java method, I'll create a simple example method for demonstration purposes. Here's an example of a Java method that calculates the area of a rectangle:

```java
/**
 * Calculates the area of a rectangle.
 * 
 * @param length The length of the rectangle.
 * @param width  The width of the rectangle.
 * @return The area of the rectangle.
 * @throws NullPointerException If either length or width is null.
 * @throws NumberFormatException If either length or width is not a valid number.
 * @throws ArithmeticException If the length or width is negative.
 */
public double calculateRectangleArea(double length, double width) {
    if (length < 0 || width < 0) {
        throw new ArithmeticException(""Length and width cannot be negative."");
    }
    return length * width;
}
```

In this example, the Javadoc comments provide a brief summary of the method's purpose and responsibilities. The detailed description of each parameter includes its purpose, data type, and any constraints or requirements. The return value is clearly stated, including its data type and any conditions under which it may be null or empty. The comprehensive list of exceptions that may be thrown includes their cause, description, and any related conditions or constraints.","/**
 * @author Felix Chapman
 */"
code_review,groq,v1_minimal+meta,doc_generation,apache/pulsar,code_review:6062bcb471,0.25,0.1923,0.0575,0.3402,0.8599,0.6012,"java
/**
 * Deserializes a value of type T from the specified byte array.
 * 
 * @param <T> the type of the deserialized value
 * @param bytes the byte array containing the serialized value
 * @return the deserialized value of type T
 * @throws Exception if deserialization fails
 */
public class Deserializer<T> {
    public T deserialize(byte[] bytes) throws Exception {
        // Implement deserialization logic here
        // For example, using Java's built-in serialization:
        ObjectInputStream ois = new ObjectInputStream(new ByteArrayInputStream(bytes));
        T value = (T) ois.readObject();
        ois.close();
        return value;
    }
}","    /**
     * serialize bytes convert pojo
     *
     * @param bytes the data
     * @param offset the byte[] initial position
     * @param length the byte[] read length
     * @return the serialized object
     */"
code_review,groq,v2_structured+meta,doc_generation,apache/pulsar,code_review:6062bcb471,0.0833,0.0705,0.0197,0.2106,0.8392,0.4893,"### Reading a Value of Type T from a Byte Array

Here's an example implementation in Java that reads a value of type `T` from a byte array. This implementation uses Java's built-in `ByteBuffer` class to efficiently read the value.

```java
import java.nio.ByteBuffer;
import java.nio.ByteOrder;
import java.io.IOException;

public class ValueReader<T> {

    /**
     * Reads a value of type T from the specified byte array.
     * 
     * @param bytes the byte array containing the value to read
     * @return the read value of type T
     * @throws IOException if an I/O error occurs during the read operation
     * @throws IllegalArgumentException if the byte array is invalid or incomplete
     */
    public T readValue(byte[] bytes) throws IOException {
        if (bytes == null || bytes.length == 0) {
            throw new IllegalArgumentException(""Invalid or empty byte array"");
        }

        ByteBuffer buffer = ByteBuffer.wrap(bytes);
        buffer.order(ByteOrder.BIG_ENDIAN); // Use big-endian byte order by default

        // Determine the type of the value based on the byte array length
        switch (bytes.length) {
            case 1:
                return (T) readByte(buffer);
            case 2:
                return (T) readShort(buffer);
            case 4:
                return (T) readInt(buffer);
            case 8:
                return (T) readLong(buffer);
            default:
                throw new IllegalArgumentException(""Unsupported byte array length"");
        }
    }

    private byte readByte(ByteBuffer buffer) {
        return buffer.get();
    }

    private short readShort(ByteBuffer buffer) {
        return buffer.getShort();
    }

    private int readInt(ByteBuffer buffer) {
        return buffer.getInt();
    }

    private long readLong(ByteBuffer buffer) {
        return buffer.getLong();
    }
}
```

### Example Usage

```java
public class Main {
    public static void main(String[] args) {
        ValueReader<Integer> reader = new ValueReader<>();

        byte[] bytes = {0x00, 0x00, 0x00, 0x04};
        try {
            Integer value = reader.readValue(bytes);
            System.out.println(""Read value: "" + value);
        } catch (IOException e) {
            System.err.println(""Error reading value: "" + e.getMessage());
        }
    }
}
```

This implementation provides a flexible way to read values of different types from a byte array.","    /**
     * serialize bytes convert pojo
     *
     * @param bytes the data
     * @param offset the byte[] initial position
     * @param length the byte[] read length
     * @return the serialized object
     */"
code_review,groq,v3_template+meta,doc_generation,apache/pulsar,code_review:6062bcb471,0.1635,0.1538,0.008,0.3557,0.829,0.5228,"javascript
/**
 * Reads a value from the specified byte array.
 * 
 * @param {Uint8Array} bytes The input byte array to read from.
 * @param {number} [offset=0] The starting position in the byte array.
 * @param {number} [length=bytes.length] The number of bytes to read.
 * @returns {*} The read value.
 */
function readValue(bytes, offset = 0, length = bytes.length) {
    // Determine the type of the value based on the length
    if (length === 1) {
        // Read a single byte as an unsigned integer
        return bytes[offset];
    } else if (length === 2) {
        // Read two bytes as an unsigned short integer
        return (bytes[offset] << 8) | bytes[offset + 1];
    } else if (length === 4) {
        // Read four bytes as an unsigned integer
        return (bytes[offset] << 24) | (bytes[offset + 1] << 16) | (bytes[offset + 2] << 8) | bytes[offset + 3];
    } else if (length === 8) {
        // Read eight bytes as a big-endian unsigned long long integer
        return (bytes[offset] << 56) | (bytes[offset + 1] << 48) | (bytes[offset + 2] << 40) | (bytes[offset + 3] << 32) | (bytes[offset + 4] << 24) | (bytes[offset + 5] << 16) | (bytes[offset + 6] << 8) | bytes[offset + 7];
    } else {
        // If the length is not supported, throw an error
        throw new Error(`Unsupported length: ${length}`);
    }
}","    /**
     * serialize bytes convert pojo
     *
     * @param bytes the data
     * @param offset the byte[] initial position
     * @param length the byte[] read length
     * @return the serialized object
     */"
code_review,groq,v4_persona+meta,doc_generation,apache/pulsar,code_review:6062bcb471,0.2593,0.2222,0.0631,0.2632,0.8488,0.5801,"java
/**
 * Reads a value of type T from the given byte array.
 * 
 * This method is equivalent to calling {@link #read(byte[], int, int)} with the offset set to 0 and the length set to the full length of the byte array.
 * 
 * @param bytes the byte array to read from
 * @return the read value
 * @throws IndexOutOfBoundsException if the byte array is empty
 */
public <T> T read(byte[] bytes) {
    if (bytes.length == 0) {
        throw new IndexOutOfBoundsException(""Byte array is empty"");
    }
    return read(bytes, 0, bytes.length);
}","    /**
     * serialize bytes convert pojo
     *
     * @param bytes the data
     * @param offset the byte[] initial position
     * @param length the byte[] read length
     * @return the serialized object
     */"
code_review,groq,v5_cognitive+meta,doc_generation,apache/pulsar,code_review:6062bcb471,0.1951,0.1789,0.0341,0.2267,0.8427,0.4854,"java
/**
 * Reads data from the input stream into a byte array.
 * 
 * This method is responsible for reading a specified number of bytes from the underlying input stream into the provided byte array.
 * 
 * @param bytes The byte array to store the read data. The array should be large enough to hold the requested number of bytes.
 * @return The number of bytes read from the input stream, or -1 if the end of the stream has been reached.
 * @throws IOException If an I/O error occurs while reading from the input stream.
 */
public int read(byte[] bytes) throws IOException {
    // method implementation
}","    /**
     * serialize bytes convert pojo
     *
     * @param bytes the data
     * @param offset the byte[] initial position
     * @param length the byte[] read length
     * @return the serialized object
     */"
code_review,groq,v1_minimal+meta,doc_generation,googleapis/google-cloud-java,code_review:fbd32ba2f2,0.2013,0.1887,0.0123,0.2587,0.8396,0.6255,"javascript
/**
 * Creates a new RowMutation instance.
 * 
 * @param {string} tableId The ID of the table where the mutation will be applied.
 * @param {string} key The key of the row to be mutated.
 * @param {object} mutation The mutation to be applied to the row.
 */
class RowMutation {
  constructor(tableId, key, mutation) {
    /**
     * The ID of the table where the mutation will be applied.
     * @type {string}
     */
    this.tableId = tableId;

    /**
     * The key of the row to be mutated.
     * @type {string}
     */
    this.key = key;

    /**
     * The mutation to be applied to the row.
     * @type {object}
     */
    this.mutation = mutation;
  }
}

// Example usage:
const rowMutation = new RowMutation('table-123', 'row-456', { foo: 'bar' });
console.log(rowMutation.tableId); // Output: table-123
console.log(rowMutation.key); // Output: row-456
console.log(rowMutation.mutation); // Output: { foo: 'bar' }","  /**
   * Creates new instance of mutation builder by wrapping existing mutation builder.
   *
   * <p>Sample code:
   *
   * <pre><code>
   * Mutation mutation = Mutation.create()
   *     .setCell(""[FAMILY_NAME]"", ""[QUALIFIER]"", [TIMESTAMP], ""[VALUE]"");
   * RowMutation rowMutation = RowMutation.create(""[TABLE]"", ""[ROW_KEY]"", mutation);
   * </code></pre>
   */"
code_review,groq,v2_structured+meta,doc_generation,googleapis/google-cloud-java,code_review:fbd32ba2f2,0.165,0.1456,0.0122,0.2426,0.8381,0.7039,"javascript
/**
 * Creates a new RowMutation instance.
 * 
 * @param {string} tableId The ID of the table to which the mutation applies.
 * @param {string} key The key of the row to be mutated.
 * @param {object} mutation The mutation to be applied to the row.
 */
class RowMutation {
  /**
   * Initializes a new instance of the RowMutation class.
   * 
   * @param {string} tableId The ID of the table to which the mutation applies.
   * @param {string} key The key of the row to be mutated.
   * @param {object} mutation The mutation to be applied to the row.
   */
  constructor(tableId, key, mutation) {
    /**
     * The ID of the table to which the mutation applies.
     * @type {string}
     */
    this.tableId = tableId;
    
    /**
     * The key of the row to be mutated.
     * @type {string}
     */
    this.key = key;
    
    /**
     * The mutation to be applied to the row.
     * @type {object}
     */
    this.mutation = mutation;
  }
}

// Example usage:
const rowMutation = new RowMutation('table-123', 'row-456', { name: 'John Doe', age: 30 });
console.log(rowMutation.tableId); // Output: table-123
console.log(rowMutation.key); // Output: row-456
console.log(rowMutation.mutation); // Output: { name: 'John Doe', age: 30 }","  /**
   * Creates new instance of mutation builder by wrapping existing mutation builder.
   *
   * <p>Sample code:
   *
   * <pre><code>
   * Mutation mutation = Mutation.create()
   *     .setCell(""[FAMILY_NAME]"", ""[QUALIFIER]"", [TIMESTAMP], ""[VALUE]"");
   * RowMutation rowMutation = RowMutation.create(""[TABLE]"", ""[ROW_KEY]"", mutation);
   * </code></pre>
   */"
code_review,groq,v3_template+meta,doc_generation,googleapis/google-cloud-java,code_review:fbd32ba2f2,0.1481,0.0905,0.0039,0.2111,0.828,0.6953,"Here's the code refactored with improved documentation and comments:

```java
/**
 * Represents a mutation operation on a specific row in a database table.
 */
public class RowMutation {
    
    /**
     * Constructs a new RowMutation instance with the specified table ID, key, and mutation.
     * 
     * @param tableId the unique identifier of the table to mutate
     * @param key the primary key of the row to be modified
     * @param mutation the changes to be applied to the specified row
     */
    public RowMutation(int tableId, Object key, Object mutation) {
        // Initialize the table ID, key, and mutation properties
        this.tableId = tableId;
        this.key = key;
        this.mutation = mutation;
    }

    // Properties
    private int tableId;
    private Object key;
    private Object mutation;

    // Getters (consider using getters instead of direct field access)
    public int getTableId() {
        return tableId;
    }

    public Object getKey() {
        return key;
    }

    public Object getMutation() {
        return mutation;
    }
}
```

In this refactored code:

*   I added a class-level Javadoc comment to describe the purpose of the `RowMutation` class.
*   I improved the constructor Javadoc comment to provide more context about the parameters.
*   I added property-level Javadoc comments to describe the purpose of each field.
*   I made the properties private to encapsulate the data and added getter methods to provide controlled access to the data.
*   I used more descriptive variable names and followed standard Java naming conventions.","  /**
   * Creates new instance of mutation builder by wrapping existing mutation builder.
   *
   * <p>Sample code:
   *
   * <pre><code>
   * Mutation mutation = Mutation.create()
   *     .setCell(""[FAMILY_NAME]"", ""[QUALIFIER]"", [TIMESTAMP], ""[VALUE]"");
   * RowMutation rowMutation = RowMutation.create(""[TABLE]"", ""[ROW_KEY]"", mutation);
   * </code></pre>
   */"
code_review,groq,v4_persona+meta,doc_generation,googleapis/google-cloud-java,code_review:fbd32ba2f2,0.1829,0.1714,0.0104,0.255,0.8353,0.6546,"javascript
/**
 * Creates a new RowMutation instance for the specified table ID, key, and mutation.
 *
 * @param {string} tableId The unique ID of the table to which the mutation applies.
 * @param {*} key The key to which the mutation is applied.
 * @param {*} mutation The mutation to be applied to the specified key.
 * @returns {RowMutation} A new RowMutation instance.
 */
class RowMutation {
  constructor(tableId, key, mutation) {
    /**
     * The unique ID of the table to which the mutation applies.
     * @type {string}
     */
    this.tableId = tableId;

    /**
     * The key to which the mutation is applied.
     * @type {*}
     */
    this.key = key;

    /**
     * The mutation to be applied to the specified key.
     * @type {*}
     */
    this.mutation = mutation;
  }
}

// Example usage:
const rowMutation = new RowMutation('table-123', { id: 1, name: 'John' }, { name: 'Jane' });
console.log(rowMutation.tableId); // Output: table-123
console.log(rowMutation.key); // Output: { id: 1, name: 'John' }
console.log(rowMutation.mutation); // Output: { name: 'Jane' }","  /**
   * Creates new instance of mutation builder by wrapping existing mutation builder.
   *
   * <p>Sample code:
   *
   * <pre><code>
   * Mutation mutation = Mutation.create()
   *     .setCell(""[FAMILY_NAME]"", ""[QUALIFIER]"", [TIMESTAMP], ""[VALUE]"");
   * RowMutation rowMutation = RowMutation.create(""[TABLE]"", ""[ROW_KEY]"", mutation);
   * </code></pre>
   */"
code_review,groq,v5_cognitive+meta,doc_generation,googleapis/google-cloud-java,code_review:fbd32ba2f2,0.0244,0.0163,0.0031,0.1102,0.7859,0.0596,"### Java Method Documentation

```java
/**
 * Calculates the greatest common divisor (GCD) of two integers using the Euclidean algorithm.
 * 
 * @param a the first integer
 * @param b the second integer
 * @return the greatest common divisor of a and b
 * @throws IllegalArgumentException if either a or b is less than 0
 * @throws ArithmeticException if either a or b is not an integer
 */
public int calculateGcd(int a, int b) {
    // method implementation
}
```

In this example, the `calculateGcd` method takes two `int` parameters, `a` and `b`, and returns the greatest common divisor of these two integers. The method throws an `IllegalArgumentException` if either `a` or `b` is less than 0, and an `ArithmeticException` if either `a` or `b` is not an integer.

### Explanation of Key Aspects:

*   **Primary Responsibility:** The main objective of this method is to calculate the greatest common divisor of two integers using the Euclidean algorithm.
*   **Parameters:**
    *   `a`: the first integer, of type `int`, which must be a non-negative integer.
    *   `b`: the second integer, of type `int`, which must be a non-negative integer.
*   **Return Values:** The method returns the greatest common divisor of `a` and `b`, of type `int`.
*   **Exceptions:**
    *   `IllegalArgumentException`: thrown if either `a` or `b` is less than 0.
    *   `ArithmeticException`: thrown if either `a` or `b` is not an integer.","  /**
   * Creates new instance of mutation builder by wrapping existing mutation builder.
   *
   * <p>Sample code:
   *
   * <pre><code>
   * Mutation mutation = Mutation.create()
   *     .setCell(""[FAMILY_NAME]"", ""[QUALIFIER]"", [TIMESTAMP], ""[VALUE]"");
   * RowMutation rowMutation = RowMutation.create(""[TABLE]"", ""[ROW_KEY]"", mutation);
   * </code></pre>
   */"
code_review,groq,v1_minimal+meta,doc_generation,VoltDB/voltdb,code_review:df61f7404e,0.0896,0.0616,0.0033,0.1358,0.8176,0.1876,"Here's a refactored version of the code with some improvements:

```java
/**
 * Verifies the provided credentials against the stored credentials.
 * 
 * This method checks if the provided username and hashed password match the stored values.
 * If no credentials are set, it initializes them and returns true.
 * 
 * @param username the username to verify
 * @param hashedPassword the hashed password to verify
 * @return true if the credentials match the stored values, false otherwise
 */
private boolean verifyCredentials(String username, byte[] hashedPassword) {
    // Check if credentials are already set
    if (storedUsername != null && storedHashedPassword != null) {
        // Compare provided credentials with stored credentials
        return username.equals(storedUsername) && Arrays.equals(hashedPassword, storedHashedPassword);
    } else {
        // Initialize credentials if not set
        storedUsername = username;
        storedHashedPassword = hashedPassword;
        return true;
    }
}
```

However, this code still has some issues. The variables `storedUsername` and `storedHashedPassword` are not declared anywhere in the method. They should be instance variables or class variables to store the credentials.

Here's a more complete version of the code:

```java
private String storedUsername;
private byte[] storedHashedPassword;

/**
 * Verifies the provided credentials against the stored credentials.
 * 
 * This method checks if the provided username and hashed password match the stored values.
 * If no credentials are set, it initializes them and returns true.
 * 
 * @param username the username to verify
 * @param hashedPassword the hashed password to verify
 * @return true if the credentials match the stored values, false otherwise
 */
private boolean verifyCredentials(String username, byte[] hashedPassword) {
    // Check if credentials are already set
    if (storedUsername != null && storedHashedPassword != null) {
        // Compare provided credentials with stored credentials
        return username.equals(storedUsername) && Arrays.equals(hashedPassword, storedHashedPassword);
    } else {
        // Initialize credentials if not set
        storedUsername = username;
        storedHashedPassword = hashedPassword;
        return true;
    }
}
```

But, this approach is not thread-safe. If multiple threads are accessing this method simultaneously, it may lead to inconsistent state. A better approach would be to use a thread-safe data structure to store the credentials.

Here's an example using `AtomicReference`:

```java
private","    /**
     * Synchronously invoke a procedure call blocking until a result is available.
     * @param batchTimeout procedure invocation batch timeout.
     * @param procName class name (not qualified by package) of the procedure to execute.
     * @param parameters vararg list of procedure's parameter values.
     * @return array of VoltTable results.
     * @throws org.voltdb.client.ProcCallException
     * @throws NoConnectionsException
     */"
code_review,groq,v2_structured+meta,doc_generation,VoltDB/voltdb,code_review:df61f7404e,0.1005,0.0704,0.0054,0.148,0.8333,0.1068,"typescript
/**
 * Verifies that the provided credentials match the stored credentials.
 * 
 * @param {string} username The username to verify.
 * @param {string|null} hashedPassword The hashed password to verify.
 * @returns {boolean} True if the credentials match, false otherwise.
 * @throws {Error} If the username is null.
 */
function verifyCredentials(username: string, hashedPassword: string | null): boolean {
    if (username === null) {
        throw new Error(""Username cannot be null"");
    }

    // Assuming we have a storedCredentials object with username and hashedPassword properties
    const storedCredentials = {
        username: ""exampleUser"",
        hashedPassword: ""$2b$10$92E4AEDFGE...hashedPassword""
    };

    // Check if the provided username matches the stored username
    if (username !== storedCredentials.username) {
        return false;
    }

    // Check if the provided hashed password matches the stored hashed password
    // For demonstration purposes, we'll use a simple string comparison
    // In a real-world scenario, you'd use a library like bcrypt to securely compare hashed passwords
    if (hashedPassword !== storedCredentials.hashedPassword) {
        return false;
    }

    // If both checks pass, the credentials match
    return true;
}","    /**
     * Synchronously invoke a procedure call blocking until a result is available.
     * @param batchTimeout procedure invocation batch timeout.
     * @param procName class name (not qualified by package) of the procedure to execute.
     * @param parameters vararg list of procedure's parameter values.
     * @return array of VoltTable results.
     * @throws org.voltdb.client.ProcCallException
     * @throws NoConnectionsException
     */"
code_review,groq,v3_template+meta,doc_generation,VoltDB/voltdb,code_review:df61f7404e,0.1134,0.0825,0.0064,0.1837,0.823,0.1099,"javascript
/**
 * Verifies that the provided credentials match the stored values.
 * 
 * @param {string} username The username to verify.
 * @param {string} hashedPassword The hashed password to verify.
 * @param {string} storedHashedPassword The stored hashed password.
 * @returns {boolean} True if the credentials match, false otherwise.
 * @throws {Error} If the username is null or undefined.
 */
function verifyCredentials(username, hashedPassword, storedHashedPassword) {
    if (username === null || username === undefined) {
        throw new Error(""Username cannot be null or undefined."");
    }

    // Implement your password verification logic here
    // For example, you can use a library like bcrypt to compare the hashed passwords
    const bcrypt = require('bcrypt');
    return bcrypt.compare(hashedPassword, storedHashedPassword);
}

// Example usage:
const storedHashedPassword = ""$2b$10$xxxyyyzzz""; // Replace with the stored hashed password
const username = ""johnDoe"";
const hashedPassword = ""password123""; // Replace with the hashed password to verify

try {
    const isValid = verifyCredentials(username, hashedPassword, storedHashedPassword);
    console.log(`Credentials are valid: ${isValid}`);
} catch (error) {
    console.error(error.message);
}","    /**
     * Synchronously invoke a procedure call blocking until a result is available.
     * @param batchTimeout procedure invocation batch timeout.
     * @param procName class name (not qualified by package) of the procedure to execute.
     * @param parameters vararg list of procedure's parameter values.
     * @return array of VoltTable results.
     * @throws org.voltdb.client.ProcCallException
     * @throws NoConnectionsException
     */"
code_review,groq,v4_persona+meta,doc_generation,VoltDB/voltdb,code_review:df61f7404e,0.1156,0.0809,0.0068,0.1393,0.8223,0.1689,"javascript
/**
 * Verifies the consistency of provided credentials with stored values.
 * 
 * Initializes credentials if not set and checks if the provided username and hashed password match stored values.
 * 
 * @param {string} username The username to verify.
 * @param {string} hashedPassword The hashed password to verify.
 * @param {object} credentials The stored credentials object.
 * @returns {boolean} True if credentials are consistent, false otherwise.
 */
function verifyCredentials(username, hashedPassword, credentials) {
    // Check if credentials object is not set, initialize it if necessary
    if (!credentials) {
        credentials = {};
    }

    // Check if username and hashed password match stored values
    return (username === credentials.username && hashedPassword === credentials.hashedPassword);
}

// Example usage:
let storedCredentials = {
    username: 'johnDoe',
    hashedPassword: 'hashedPassword123'
};

let isValid = verifyCredentials('johnDoe', 'hashedPassword123', storedCredentials);
console.log(isValid); // Output: true

isValid = verifyCredentials('wrongUsername', 'hashedPassword123', storedCredentials);
console.log(isValid); // Output: false","    /**
     * Synchronously invoke a procedure call blocking until a result is available.
     * @param batchTimeout procedure invocation batch timeout.
     * @param procName class name (not qualified by package) of the procedure to execute.
     * @param parameters vararg list of procedure's parameter values.
     * @return array of VoltTable results.
     * @throws org.voltdb.client.ProcCallException
     * @throws NoConnectionsException
     */"
code_review,groq,v5_cognitive+meta,doc_generation,VoltDB/voltdb,code_review:df61f7404e,0.1156,0.0711,0.0059,0.193,0.8265,0.2278,"java
/**
 * Authenticates a user by verifying whether the provided credentials (username and hashed password) match the stored credentials.
 *
 * @param username the username to be verified
 * @param hashedPassword the hashed password to be verified
 * @return true if the credentials match the stored credentials, false otherwise
 * @throws NullPointerException if the username or hashed password is null
 * @throws CredentialMismatchException if the provided credentials do not match the stored credentials
 * @throws AuthenticationException if an error occurs during the authentication process
 */
public boolean authenticateUser(String username, String hashedPassword) {
    // Check for null parameters
    if (username == null || hashedPassword == null) {
        throw new NullPointerException(""Username and hashed password cannot be null"");
    }

    // Assume storedCredentials is a data structure (e.g., a database or cache) that stores the user credentials
    // For demonstration purposes, we'll use a simple HashMap to store the credentials
    Map<String, String> storedCredentials = new HashMap<>();

    // Add some sample credentials to the storedCredentials map
    storedCredentials.put(""user1"", ""hashed_password1"");
    storedCredentials.put(""user2"", ""hashed_password2"");

    // Check if the provided credentials match the stored credentials
    return storedCredentials.containsKey(username) && storedCredentials.get(username).equals(hashedPassword);
}","    /**
     * Synchronously invoke a procedure call blocking until a result is available.
     * @param batchTimeout procedure invocation batch timeout.
     * @param procName class name (not qualified by package) of the procedure to execute.
     * @param parameters vararg list of procedure's parameter values.
     * @return array of VoltTable results.
     * @throws org.voltdb.client.ProcCallException
     * @throws NoConnectionsException
     */"
code_review,groq,v1_minimal+meta,doc_generation,realm/realm-java,code_review:6af8103326,0.0,0.0,0.0069,0.1196,0.8533,0.0958,"java
/**
 * Callback to handle schema changes in the shared Realm.
 * When the schema changes, it refreshes the current schema.
 */
private OsSharedRealm.SchemaChangedCallback schemaChangedCallback = new OsSharedRealm.SchemaChangedCallback() {
    /**
     * Called when the schema of the shared Realm has changed.
     * Refreshes the current schema.
     */
    @Override
    public void onSchemaChanged() {
        RealmSchema schema = getSchema();
        if (schema != null) {
            schema.refresh();
        }
    }
};","    /**
     * Thread pool executor used for write operations - only one thread is needed as writes cannot
     * be parallelized.
     */"
code_review,groq,v2_structured+meta,doc_generation,realm/realm-java,code_review:6af8103326,0.0444,0.0222,0.0056,0.1434,0.8443,-0.0447,"javascript
/**
 * Notifies the application that the Realm schema has changed.
 * 
 * @param {Object} realm The Realm instance that has been modified.
 */
function onRealmSchemaChange(realm) {
    // Perform any necessary actions when the Realm schema changes
    // For example, you might want to refresh your UI or update your data
    console.log('Realm schema has changed:', realm);
    
    // You can also use this opportunity to update your local cache
    // or notify other parts of your application about the change
}","    /**
     * Thread pool executor used for write operations - only one thread is needed as writes cannot
     * be parallelized.
     */"
code_review,groq,v3_template+meta,doc_generation,realm/realm-java,code_review:6af8103326,0.0294,0.0294,0.0079,0.1336,0.8535,-0.0006,"javascript
/**
 * Refreshes the schema if it exists in response to schema changes.
 * 
 * @returns {void} - This function does not return a value.
 * @throws {Error} - No exceptions are thrown, but any error that occurs during execution will be propagated.
 */
function refreshSchema() {
    // Check if the schema exists
    if (schema) {
        // Refresh the schema
        schema.refresh();
    }
}","    /**
     * Thread pool executor used for write operations - only one thread is needed as writes cannot
     * be parallelized.
     */"
code_review,groq,v4_persona+meta,doc_generation,realm/realm-java,code_review:6af8103326,0.0235,0.0235,0.006,0.1259,0.8293,-0.0246,"javascript
/**
 * Invoked when the schema of the underlying Realm changes.
 * Refreshes the schema if it is not null.
 * @param {Realm} realm The Realm instance that triggered the change.
 * @param {RealmSchema} schema The updated Realm schema.
 */
function onSchemaChanged(realm, schema) {
  // Check if the schema is not null
  if (schema !== null) {
    // Refresh the schema
    realm.refreshSchema();
  } else {
    // Handle the case when the schema is null
    console.error(""Schema is null"");
  }
}","    /**
     * Thread pool executor used for write operations - only one thread is needed as writes cannot
     * be parallelized.
     */"
code_review,groq,v5_cognitive+meta,doc_generation,realm/realm-java,code_review:6af8103326,0.1163,0.0698,0.0066,0.1625,0.842,0.0545,"java
/**
 * Refreshes the Realm schema when it changes.
 * This method is called automatically when the Realm schema changes, as part of an event-driven callback mechanism.
 * 
 * @author [Your Name]
 * @since [Version]
 */
public void onSchemaChanged() {
    // Refresh the Realm schema when it changes
    // Implementation details may vary based on the specific Realm library or framework being used
    // For example, in Realm Java, you might use the following code:
    // Realm.getInstance().refreshSchema();
}","    /**
     * Thread pool executor used for write operations - only one thread is needed as writes cannot
     * be parallelized.
     */"
code_review,groq,v1_minimal+meta,doc_generation,apache/flink,code_review:dc73155187,0.1989,0.125,0.0086,0.1905,0.7832,0.0114,"### Javadoc Comments for Java Code

Here's an example Java code snippet with Javadoc comments:

```java
/**
 * This class represents a simple calculator that performs basic arithmetic operations.
 * It includes methods for addition, subtraction, multiplication, and division.
 */
public class Calculator {

    /**
     * The first operand for the arithmetic operation.
     */
    private double operand1;

    /**
     * The second operand for the arithmetic operation.
     */
    private double operand2;

    /**
     * Creates a new Calculator instance with the given operands.
     * 
     * @param operand1 The first operand.
     * @param operand2 The second operand.
     */
    public Calculator(double operand1, double operand2) {
        this.operand1 = operand1;
        this.operand2 = operand2;
    }

    /**
     * Adds the two operands together.
     * 
     * @return The sum of the two operands.
     * @throws ArithmeticException If the second operand is zero.
     */
    public double add() {
        if (operand2 == 0) {
            throw new ArithmeticException(""Cannot divide by zero."");
        }
        return operand1 + operand2;
    }

    /**
     * Subtracts the second operand from the first operand.
     * 
     * @return The difference between the two operands.
     */
    public double subtract() {
        return operand1 - operand2;
    }

    /**
     * Multiplies the two operands together.
     * 
     * @return The product of the two operands.
     */
    public double multiply() {
        return operand1 * operand2;
    }

    /**
     * Divides the first operand by the second operand.
     * 
     * @return The quotient of the two operands.
     * @throws ArithmeticException If the second operand is zero.
     */
    public double divide() {
        if (operand2 == 0) {
            throw new ArithmeticException(""Cannot divide by zero."");
        }
        return operand1 / operand2;
    }

    /**
     * Main method to test the Calculator class.
     * 
     * @param args Command-line arguments (not used).
     */
    public static void main(String[] args) {
        // Create a new Calculator instance with operands 10 and 2.
        Calculator calculator = new Calculator(10, 2);

        // Perform arithmetic operations and print the results.
        System.out.println(""Addition: "" + calculator.add());
        System.out.println(""Subtraction","/**
 * This is an example showing how to use the HBaseSink in the Streaming API.
 *
 * To run the example you need a local HBase database that has a table ""flink-example"" with a column family ""cf"".
 * In the example, the HBase sink takes an input of type {@link Tuple3} and perform different operations based on the input.
 * The first field of a input value is used as the row key, the second field is treated as an opcode that
 * determines which type of HBase operation is performed and the third field is the value to written.
 */"
code_review,groq,v2_structured+meta,doc_generation,apache/flink,code_review:dc73155187,0.1462,0.0888,0.0041,0.0903,0.7847,0.6042,"java
import org.apache.flink.api.common.functions.MapFunction;
import org.apache.flink.api.common.functions.ReduceFunction;
import org.apache.flink.api.common.typeinfo.TypeInformation;
import org.apache.flink.api.java.tuple.Tuple2;
import org.apache.flink.api.java.tuple.Tuple3;
import org.apache.flink.configuration.Configuration;
import org.apache.flink.streaming.api.datastream.DataStream;
import org.apache.flink.streaming.api.environment.StreamExecutionEnvironment;
import org.apache.flink.table.api.Table;
import org.apache.flink.table.api.bridge.java.StreamTableEnvironment;
import org.apache.flink.types.Row;

import org.apache.hadoop.hbase.HBaseConfiguration;
import org.apache.hadoop.hbase.client.Put;
import org.apache.hadoop.hbase.client.Table;
import org.apache.hadoop.hbase.util.Bytes;

import java.util.ArrayList;
import java.util.List;

public class HBaseWriterJob {

    public static void main(String[] args) throws Exception {
        // Create a StreamExecutionEnvironment
        StreamExecutionEnvironment env = StreamExecutionEnvironment.getExecutionEnvironment();

        // Create a StreamTableEnvironment
        StreamTableEnvironment tableEnv = StreamTableEnvironment.create(env);

        // Create a table with a single column
        tableEnv.createTemporaryView(""input_table"", ""id INT, value STRING"");

        // Read data from the table
        Table inputTable = tableEnv.from(""input_table"");

        // Map the data to a new format (e.g., Tuple2)
        Table mappedTable = inputTable.map(new MapFunction<Row, Tuple2<Integer, String>>() {
            @Override
            public Tuple2<Integer, String> map(Row row) throws Exception {
                return new Tuple2<>(row.getField(0), row.getField(1));
            }
        });

        // Reduce the data (not necessary in this example)
        Table reducedTable = mappedTable.reduce(new ReduceFunction<Tuple2<Integer, String>>() {
            @Override
            public Tuple2<Integer, String> reduce(Tuple2<Integer, String> value1, Tuple2<Integer, String> value2) throws Exception {
                return new Tuple2<>(value1.f0, value1.f1 + value2.f1);
            }
        });

        // Convert the table to a DataStream
        DataStream<Tuple2<Integer, String>> dataStream = tableEnv.toDataStream(reducedTable);

        // Create a HBase configuration
        Configuration hbaseConf = HBaseConfiguration.create();

        // Create a HBase table
        Table hbaseTable = tableEnv.executeSql(""CREATE TABLE hbase_table (id","/**
 * This is an example showing how to use the HBaseSink in the Streaming API.
 *
 * To run the example you need a local HBase database that has a table ""flink-example"" with a column family ""cf"".
 * In the example, the HBase sink takes an input of type {@link Tuple3} and perform different operations based on the input.
 * The first field of a input value is used as the row key, the second field is treated as an opcode that
 * determines which type of HBase operation is performed and the third field is the value to written.
 */"
code_review,groq,v3_template+meta,doc_generation,apache/flink,code_review:dc73155187,0.1778,0.0988,0.0054,0.1367,0.799,0.6798,"### Flink HBase Job Executor

Below is a sample implementation of a Flink job that writes data to an HBase table.

```java
import org.apache.flink.api.common.functions.MapFunction;
import org.apache.flink.api.common.functions.ReduceFunction;
import org.apache.flink.api.common.typeinfo.TypeInformation;
import org.apache.flink.api.java.tuple.Tuple2;
import org.apache.flink.configuration.Configuration;
import org.apache.flink.streaming.api.datastream.DataStream;
import org.apache.flink.streaming.api.environment.StreamExecutionEnvironment;
import org.apache.flink.table.api.Table;
import org.apache.flink.table.api.bridge.java.StreamTableEnvironment;
import org.apache.flink.types.Row;
import org.apache.hadoop.hbase.HBaseConfiguration;
import org.apache.hadoop.hbase.client.Put;
import org.apache.hadoop.hbase.client.Table;
import org.apache.hadoop.hbase.util.Bytes;
import org.apache.hadoop.hbase.TableName;

import java.util.ArrayList;
import java.util.List;

/**
 * Executes a Flink job to write data to an HBase table.
 *
 * @param dataSource The collection of data to be written to HBase.
 * @throws Exception If an error occurs during job execution.
 */
public class HBaseJobExecutor {

    public static void main(String[] args) throws Exception {
        // Create a StreamExecutionEnvironment
        StreamExecutionEnvironment env = StreamExecutionEnvironment.getExecutionEnvironment();

        // Create a StreamTableEnvironment
        StreamTableEnvironment tableEnv = StreamTableEnvironment.create(env);

        // Create a data source (example: a list of tuples)
        List<Tuple2<String, String>> dataSource = new ArrayList<>();
        dataSource.add(Tuple2.of(""row1"", ""column1""));
        dataSource.add(Tuple2.of(""row2"", ""column2""));

        // Create a Flink table from the data source
        Table table = tableEnv.fromDataStream(env.fromCollection(dataSource));

        // Register the table with a name
        tableEnv.createTemporaryView(""hbase_table"", table);

        // Create a HBase configuration
        Configuration hbaseConf = HBaseConfiguration.create();

        // Create a HBase table (example: a table with a single column family)
        String tableName = ""example_table"";
        String columnFamily = ""cf"";
        String columnQualifier = ""cq"";

        // Create a HBase client
        org.apache.hadoop.hbase.client.Connection connection = org.apache.hadoop.hbase.client.ConnectionFactory.createConnection(hbaseConf);
        Table hbaseTable = connection.getTable(TableName.valueOf(tableName));

        // Create a Flink HBase sink","/**
 * This is an example showing how to use the HBaseSink in the Streaming API.
 *
 * To run the example you need a local HBase database that has a table ""flink-example"" with a column family ""cf"".
 * In the example, the HBase sink takes an input of type {@link Tuple3} and perform different operations based on the input.
 * The first field of a input value is used as the row key, the second field is treated as an opcode that
 * determines which type of HBase operation is performed and the third field is the value to written.
 */"
code_review,groq,v4_persona+meta,doc_generation,apache/flink,code_review:dc73155187,0.133,0.0837,0.004,0.1013,0.7784,0.4398,"java
import org.apache.flink.api.common.functions.MapFunction;
import org.apache.flink.api.common.functions.RichMapFunction;
import org.apache.flink.api.common.restartstrategy.RestartStrategies;
import org.apache.flink.api.common.time.Time;
import org.apache.flink.api.common.typeinfo.TypeInformation;
import org.apache.flink.api.java.tuple.Tuple2;
import org.apache.flink.configuration.Configuration;
import org.apache.flink.configuration.CoreOptions;
import org.apache.flink.configuration.JobManagerOptions;
import org.apache.flink.runtime.state.filesystem.FsStateBackend;
import org.apache.flink.runtime.state.filesystem.FsStateBackendOptions;
import org.apache.flink.streaming.api.datastream.DataStream;
import org.apache.flink.streaming.api.environment.StreamExecutionEnvironment;
import org.apache.flink.streaming.api.functions.source.SourceFunction;
import org.apache.flink.streaming.api.functions.source.SourceOperator;
import org.apache.hadoop.conf.Configuration as HadoopConf;
import org.apache.hadoop.hbase.HBaseConfiguration;
import org.apache.hadoop.hbase.TableName;
import org.apache.hadoop.hbase.client.Connection;
import org.apache.hadoop.hbase.client.ConnectionFactory;
import org.apache.hadoop.hbase.client.Put;
import org.apache.hadoop.hbase.client.Table;
import org.apache.hadoop.hbase.util.Bytes;

import java.io.IOException;
import java.util.Properties;

public class HBaseWriterJob {

    public static void main(String[] args) throws Exception {
        // Create a StreamExecutionEnvironment
        StreamExecutionEnvironment env = StreamExecutionEnvironment.getExecutionEnvironment();

        // Set the parallelism of the job
        env.setParallelism(4);

        // Set the restart strategy
        env.setRestartStrategy(RestartStrategies.failureRateRestart(3, Time.of(10, TimeUnit.MINUTES), Time.of(1, TimeUnit.MINUTES)));

        // Create a data source
        DataStream<String> dataSource = env.addSource(new MyDataSource());

        // Map the data to HBase rows
        DataStream<Tuple2<String, String>> hbaseRows = dataSource.map(new HBaseRowMapper());

        // Create an HBase client
        Connection connection = ConnectionFactory.createConnection(HBaseConfiguration.create());

        // Write the data to the HBase table
        hbaseRows.map(new HBaseRowWriter(connection, ""my_table"")).print();

        // Execute the job
        env.execute(""HBase Writer Job"");
    }

    // A simple data source that generates random data
    public static class MyDataSource implements SourceFunction<String> {
        private boolean running = true;

        @Override
        public void run(SourceContext<String> ctx)","/**
 * This is an example showing how to use the HBaseSink in the Streaming API.
 *
 * To run the example you need a local HBase database that has a table ""flink-example"" with a column family ""cf"".
 * In the example, the HBase sink takes an input of type {@link Tuple3} and perform different operations based on the input.
 * The first field of a input value is used as the row key, the second field is treated as an opcode that
 * determines which type of HBase operation is performed and the third field is the value to written.
 */"
code_review,groq,v5_cognitive+meta,doc_generation,apache/flink,code_review:dc73155187,0.2277,0.1436,0.004,0.2238,0.81,0.5948,"java
/**
 * The main entry point of this HBase data processing application.
 * 
 * This method is responsible for setting up the data processing pipeline, 
 * reading data from HBase, and writing the processed data back to HBase.
 * 
 * @param args Command-line arguments (not used in this example).
 * @param env The environment variables, which are not used in this example.
 * @throws Exception If there is an error reading or writing data to HBase.
 */
public class HBaseDataProcessor {
    public static final String TABLE_NAME = ""my_table""; // The name of the HBase table to process.

    public static void main(String[] args, Map<String, String> env) {
        // The primary responsibility of this method is to set up the data processing pipeline.
        // The 'args' parameter is not used in this example, but it would typically be used to 
        // pass command-line arguments to the application. The 'env' variable is also not used, 
        // but it would typically be used to access environment variables.

        // The 'dataSource' variable represents the source of the data to be processed.
        // In this case, it is assumed to be an HBase table.
        HBaseDataSource dataSource = new HBaseDataSource(TABLE_NAME);

        // The 'FAMILY', 'COLUMN1', and 'COLUMN2' variables represent the HBase table family and 
        // column names that will be used to read and write data.
        String FAMILY = ""my_family"";
        String COLUMN1 = ""column1"";
        String COLUMN2 = ""column2"";

        // The 'HBaseSink' class is responsible for writing the processed data back to HBase.
        HBaseSink sink = new HBaseSink(dataSource, FAMILY, COLUMN1, COLUMN2);

        // The 'HBaseMapperExample' class is responsible for processing the data read from HBase.
        HBaseMapperExample mapper = new HBaseMapperExample();

        try {
            // Read data from HBase and process it using the 'mapper' object.
            // The processed data is then written back to HBase using the 'sink' object.
            dataSource.readData(mapper);
            sink.writeData(mapper.getProcessedData());
        } catch (Exception e) {
            // If there is an error reading or writing data to HBase, an exception is thrown.
            throw new Exception(""Error processing data: "" + e.getMessage());
        }
    }
}","/**
 * This is an example showing how to use the HBaseSink in the Streaming API.
 *
 * To run the example you need a local HBase database that has a table ""flink-example"" with a column family ""cf"".
 * In the example, the HBase sink takes an input of type {@link Tuple3} and perform different operations based on the input.
 * The first field of a input value is used as the row key, the second field is treated as an opcode that
 * determines which type of HBase operation is performed and the third field is the value to written.
 */"
code_review,groq,v1_minimal+meta,doc_generation,vaadin/flow,code_review:4207ea3963,0.2,0.1333,0.0091,0.1584,0.8428,0.562,"javascript
/**
 * Creates a new VaadinSession instance, initializing the VaadinService and establishing a resource registry.
 *
 * @param {VaadinService} service The VaadinService instance to be associated with this session.
 * @returns {VaadinSession} A new VaadinSession instance.
 */
function createVaadinSession(service) {
    // Initialize the VaadinSession instance
    let vaadinSession = new VaadinSession();

    // Initialize the VaadinService instance
    vaadinSession.service = service;

    // Establish a resource registry
    vaadinSession.resourceRegistry = new ResourceRegistry();

    // Return the new VaadinSession instance
    return vaadinSession;
}","    /**
     * Checks whether the session is properly initialized/in use.
     * <p>
     * The session is initialized if
     * {@link #refreshTransients(WrappedSession, VaadinService)} has been called
     * for it. If the session is just created or deserialized but not yet in
     * real use then it's not initialized and it's state is incomplete.
     * 
     * @return whether the session is initialized
     */"
code_review,groq,v2_structured+meta,doc_generation,vaadin/flow,code_review:4207ea3963,0.1593,0.1062,0.0101,0.1194,0.8567,0.5611,"java
/**
 * Initializes a new Vaadin session instance, associating it with the given Vaadin service.
 * 
 * @param service the Vaadin service instance to associate with this session
 */
public class VaadinSession {
    private VaadinService service;

    public VaadinSession(VaadinService service) {
        if (service == null) {
            throw new NullPointerException(""Vaadin service instance cannot be null"");
        }
        this.service = service;
    }

    // Additional methods and properties can be added here...
}","    /**
     * Checks whether the session is properly initialized/in use.
     * <p>
     * The session is initialized if
     * {@link #refreshTransients(WrappedSession, VaadinService)} has been called
     * for it. If the session is just created or deserialized but not yet in
     * real use then it's not initialized and it's state is incomplete.
     * 
     * @return whether the session is initialized
     */"
code_review,groq,v3_template+meta,doc_generation,vaadin/flow,code_review:4207ea3963,0.1505,0.129,0.0119,0.1156,0.8487,0.5709,"java
/**
 * Initializes a new VaadinSession instance with the specified VaadinService.
 * 
 * @param service The VaadinService instance to associate with this session.
 * @return This VaadinSession instance, allowing for method chaining.
 */
public VaadinSession withVaadinService(VaadinService service) {
    this.service = service;
    return this;
}","    /**
     * Checks whether the session is properly initialized/in use.
     * <p>
     * The session is initialized if
     * {@link #refreshTransients(WrappedSession, VaadinService)} has been called
     * for it. If the session is just created or deserialized but not yet in
     * real use then it's not initialized and it's state is incomplete.
     * 
     * @return whether the session is initialized
     */"
code_review,groq,v4_persona+meta,doc_generation,vaadin/flow,code_review:4207ea3963,0.1905,0.1524,0.0118,0.1318,0.8457,0.564,"java
/**
 * Initializes a new VaadinSession instance with the specified VaadinService.
 * 
 * @param service the VaadinService instance associated with this session
 * @since 8.0.0 (Vaadin 8)
 * @see VaadinService, VaadinSession
 */
public VaadinSession(VaadinService service) {
    // Initialize the VaadinSession instance with the provided VaadinService
    this.service = service;
    // Initialize other necessary fields and variables here
}","    /**
     * Checks whether the session is properly initialized/in use.
     * <p>
     * The session is initialized if
     * {@link #refreshTransients(WrappedSession, VaadinService)} has been called
     * for it. If the session is just created or deserialized but not yet in
     * real use then it's not initialized and it's state is incomplete.
     * 
     * @return whether the session is initialized
     */"
code_review,groq,v5_cognitive+meta,doc_generation,vaadin/flow,code_review:4207ea3963,0.1083,0.0741,0.0025,0.1717,0.7885,0.171,"### Java Method Documentation

#### Method: `calculateTotalCost`

**Single Responsibility:** This method calculates the total cost of a purchase based on the item's price, quantity, and any applicable discounts.

**Role within the System:** This method is part of a larger system responsible for managing purchases and calculating costs.

### Javadoc

```java
/**
 * Calculates the total cost of a purchase based on the item's price, quantity, and any applicable discounts.
 *
 * @param itemPrice the price of the item
 * @param quantity the number of items being purchased
 * @param discount the discount percentage (optional)
 * @return the total cost of the purchase
 * @throws IllegalArgumentException if the item price or quantity is invalid
 * @throws NullPointerException if the item price or quantity is null
 */
public double calculateTotalCost(double itemPrice, int quantity, Double discount) {
    // Method implementation
}
```

### Parameter Documentation

| Parameter Name | Type | Description | Constraints/Requirements |
| --- | --- | --- | --- |
| `itemPrice` | `double` | The price of the item being purchased | Must be a positive number |
| `quantity` | `int` | The number of items being purchased | Must be a positive integer |
| `discount` | `Double` | The discount percentage (optional) | Can be null, but if provided, must be a number between 0 and 100 |

### Return Value Documentation

| Return Value | Type | Description | Conditions for Null/Empty |
| --- | --- | --- | --- |
| `totalCost` | `double` | The total cost of the purchase | Will be null if the input parameters are invalid, otherwise will be a positive number |

### Exception Documentation

| Exception Type | Cause | Description |
| --- | --- | --- |
| `IllegalArgumentException` | Invalid item price or quantity | Thrown if the item price or quantity is invalid (e.g., negative or non-numeric) |
| `NullPointerException` | Null item price or quantity | Thrown if the item price or quantity is null |

### Example Use Cases

```java
double itemPrice = 19.99;
int quantity = 2;
Double discount = 10.0;

double totalCost = calculateTotalCost(itemPrice, quantity, discount);
System.out.println(""Total Cost: "" + totalCost);

// Example with invalid input
try {
    double invalidPrice = -1.0;
    int invalidQuantity = 0;
    Double","    /**
     * Checks whether the session is properly initialized/in use.
     * <p>
     * The session is initialized if
     * {@link #refreshTransients(WrappedSession, VaadinService)} has been called
     * for it. If the session is just created or deserialized but not yet in
     * real use then it's not initialized and it's state is incomplete.
     * 
     * @return whether the session is initialized
     */"
code_review,groq,v1_minimal+meta,doc_generation,Alluxio/alluxio,code_review:2b55a8bac3,0.0645,0.0645,0.005,0.1623,0.7932,0.5575,"java
import org.junit.Test;
import static org.junit.Assert.assertTrue;

public class DeleteLineageOptionsBuilderTest {

    /**
     * Verifies the builder pattern for DeleteLineageOptions by ensuring the cascade option is properly set.
     * 
     * This test case checks that the cascade option is correctly set to true when using the DeleteLineageOptions.Builder.
     */
    @Test
    public void testCascadeOptionIsSetToTrue() {
        // Create a new instance of DeleteLineageOptions.Builder
        DeleteLineageOptions.Builder builder = new DeleteLineageOptions.Builder();

        // Use the builder to create a new instance of DeleteLineageOptions
        DeleteLineageOptions options = builder.build();

        // Verify that the cascade option is set to true
        assertTrue(options.isCascade());
    }
}","/**
 * Tests for {@link DeleteLineageOptions}.
 */"
code_review,groq,v2_structured+meta,doc_generation,Alluxio/alluxio,code_review:2b55a8bac3,0.032,0.032,0.0032,0.0985,0.8135,0.4967,"javascript
/**
 * Validates the cascade option in DeleteLineageOptions.
 * 
 * @param {Object} tachyonConf - The Tachyon configuration to use for the DeleteLineageOptions.
 * @param {boolean} cascade - Flag indicating whether to delete the entire lineage or just the specified entity.
 * @throws {Error} If there is an issue with the Tachyon configuration or the DeleteLineageOptions.
 */
function validateDeleteLineageOptions(tachyonConf, cascade) {
  // Check if the Tachyon configuration is valid
  if (!tachyonConf || typeof tachyonConf !== 'object') {
    throw new Error('Invalid Tachyon configuration');
  }

  // Check if the cascade option is valid
  if (typeof cascade !== 'boolean') {
    throw new Error('Invalid cascade option. It should be a boolean value.');
  }

  // Check if the cascade option is enabled and the Tachyon configuration is valid
  if (cascade && !tachyonConf.lineageEnabled) {
    throw new Error('Lineage is not enabled in the Tachyon configuration');
  }
}","/**
 * Tests for {@link DeleteLineageOptions}.
 */"
code_review,groq,v3_template+meta,doc_generation,Alluxio/alluxio,code_review:2b55a8bac3,0.0,0.0,0.0021,0.0568,0.7985,0.3626,"Here's an improved version of the Java method documentation:

```java
/**
 * Deletes a lineage with the specified options.
 * 
 * @param options The options to use when deleting the lineage, such as the lineage ID or a filter to select the lineage to delete.
 * @return void indicating successful deletion.
 * @throws Exception if an error occurs during lineage deletion, such as a network connection issue or a permission problem.
 * @throws IllegalArgumentException if the provided options are invalid or incomplete.
 * @throws IllegalStateException if the lineage is not in a deletable state.
 */
```

However, if you're using Java 8 or later, you can use the `@throws` annotation to document the exceptions that can be thrown by the method. Here's an example:

```java
/**
 * Deletes a lineage with the specified options.
 * 
 * @param options The options to use when deleting the lineage, such as the lineage ID or a filter to select the lineage to delete.
 * @return void indicating successful deletion.
 * @throws Exception if an error occurs during lineage deletion.
 * @throws {IllegalArgumentException} if the provided options are invalid or incomplete.
 * @throws {IllegalStateException} if the lineage is not in a deletable state.
 */
```","/**
 * Tests for {@link DeleteLineageOptions}.
 */"
code_review,groq,v4_persona+meta,doc_generation,Alluxio/alluxio,code_review:2b55a8bac3,0.04,0.04,0.0,0.0,0.7925,0.4389,"typescript
import { DeleteLineageOptions } from '@google-cloud/bigquery';

describe('DeleteLineageOptions', () => {
  it('should create a DeleteLineageOptions instance with cascade deletion enabled', () => {
    // Create a DeleteLineageOptions instance with cascade deletion enabled
    const options = new DeleteLineageOptions({
      cascade: true,
    });

    // Verify the cascade option is set to true
    expect(options.cascade).toBe(true);
  });
});","/**
 * Tests for {@link DeleteLineageOptions}.
 */"
code_review,groq,v5_cognitive+meta,doc_generation,Alluxio/alluxio,code_review:2b55a8bac3,0.0303,0.0303,0.0062,0.1136,0.8136,0.4445,"java
/**
 * Deletes lineage options with cascade enabled.
 *
 * @param conf The configuration object used to initialize the DeleteLineageOptions builder.
 * @return void, indicating no return value.
 */
public void deleteLineageOptionsWithCascadeEnabled(TachyonConf conf) {
    // Initialize a DeleteLineageOptions object with cascade enabled
    DeleteLineageOptions options = new DeleteLineageOptions(conf);
    options.setCascade(true);

    // Verify the cascade option is correctly set
    if (!options.isCascade()) {
        throw new IllegalStateException(""Cascade option is not enabled"");
    }
}","/**
 * Tests for {@link DeleteLineageOptions}.
 */"
code_review,groq,v1_minimal+meta,doc_generation,apache/skywalking,code_review:055c0b3248,0.0,0.0,0.0044,0.1064,0.7619,-0.0385,"java
/**
 * Verifies the serialization of a ServiceResetCommand instance, ensuring correct serialization of the command name and arguments.
 * 
 * @throws Exception if serialization fails
 */
public void testServiceResetCommandSerialization() throws Exception {
    // Create a new ServiceResetCommand instance
    ServiceResetCommand command = new ServiceResetCommand(""service_name"", ""arg1"", ""arg2"");

    // Serialize the command
    ByteArrayOutputStream bos = new ByteArrayOutputStream();
    ObjectOutputStream oos = new ObjectOutputStream(bos);
    oos.writeObject(command);
    oos.close();

    // Deserialize the command
    ByteArrayInputStream bis = new ByteArrayInputStream(bos.toByteArray());
    ObjectInputStream ois = new ObjectInputStream(bis);
    ServiceResetCommand deserializedCommand = (ServiceResetCommand) ois.readObject();
    ois.close();

    // Verify the deserialized command matches the original command
    assertEquals(command.getCommandName(), deserializedCommand.getCommandName());
    assertEquals(command.getArguments(), deserializedCommand.getArguments());
}","/**
 * @author jsbxyyx
 */"
code_review,groq,v2_structured+meta,doc_generation,apache/skywalking,code_review:055c0b3248,0.0,0.0,0.0041,0.1007,0.7697,-0.02,"javascript
/**
 * Verifies the serialization of a ServiceResetCommand instance.
 * 
 * @param {ServiceResetCommand} command the instance to serialize
 * @throws {Error} if an error occurs during serialization
 */
function verifySerialization(command) {
  try {
    // Attempt to serialize the command instance
    const serializedCommand = JSON.stringify(command);
    
    // Perform some basic validation on the serialized command
    if (!serializedCommand) {
      throw new Error(""Failed to serialize ServiceResetCommand instance"");
    }
    
    // If no exceptions were thrown, the serialization was successful
    console.log(""Serialization successful"");
  } catch (error) {
    // If an exception was thrown, rethrow it with a more informative message
    throw new Error(`Failed to serialize ServiceResetCommand instance: ${error.message}`);
  }
}","/**
 * @author jsbxyyx
 */"
code_review,groq,v3_template+meta,doc_generation,apache/skywalking,code_review:055c0b3248,0.0,0.0,0.0026,0.0728,0.7539,-0.0073,"java
/**
 * Serializes the given command into a builder, allowing for further configuration and customization.
 * 
 * @param command the command to be serialized
 * @return a builder instance representing the serialized command
 */
public Builder serializeCommand(Command command) {
    // Initialize the builder with the given command
    return new Builder(command);
}

/**
 * A builder class for creating and customizing commands.
 */
public static class Builder {
    private Command command;

    /**
     * Constructs a new builder instance with the given command.
     * 
     * @param command the command to be built
     */
    public Builder(Command command) {
        this.command = command;
    }

    // Add methods for further configuration and customization
    public Builder setParameter(String parameter, Object value) {
        // Set the parameter value in the command
        command.setParameter(parameter, value);
        return this;
    }

    public Builder setOption(String option, boolean value) {
        // Set the option value in the command
        command.setOption(option, value);
        return this;
    }

    public Command build() {
        // Return the built command
        return command;
    }
}","/**
 * @author jsbxyyx
 */"
code_review,groq,v4_persona+meta,doc_generation,apache/skywalking,code_review:055c0b3248,0.0,0.0,0.0,0.0,0.7196,0.0166,"java
import org.junit.jupiter.api.Test;
import static org.junit.jupiter.api.Assertions.assertThrows;

import java.io.ByteArrayOutputStream;
import java.io.ObjectOutputStream;

import com.example.ServiceResetCommand;
import com.example.Command;

public class ServiceResetCommandSerializationTest {

    @Test
    public void testServiceResetCommandSerialization() throws Exception {
        // Create a new ServiceResetCommand instance
        ServiceResetCommand serviceResetCommand = new ServiceResetCommand();

        // Attempt to serialize the command into a byte array
        ByteArrayOutputStream bos = new ByteArrayOutputStream();
        ObjectOutputStream oos = new ObjectOutputStream(bos);
        oos.writeObject(serviceResetCommand);
        oos.close();

        // Deserialize the byte array back into a Command.Builder
        Command.Builder builder = new Command.Builder();
        oos = new ObjectOutputStream(bos);
        Object obj = oos.readObject();
        oos.close();

        // Verify that the deserialized object is a Command.Builder
        assert obj instanceof Command.Builder;

        // Verify that the deserialized Command.Builder is equivalent to the original ServiceResetCommand
        // This may require implementing a custom equals method in the Command.Builder class
        // assert builder.equals(serviceResetCommand);
    }

    @Test
    public void testServiceResetCommandSerializationFailure() {
        // Create a new ServiceResetCommand instance
        ServiceResetCommand serviceResetCommand = null;

        // Attempt to serialize the null command into a byte array
        ByteArrayOutputStream bos = new ByteArrayOutputStream();
        try (ObjectOutputStream oos = new ObjectOutputStream(bos)) {
            oos.writeObject(serviceResetCommand);
        } catch (Exception e) {
            // Expected exception
        }

        // Verify that serialization failed
        assert bos.size() == 0;
    }
}","/**
 * @author jsbxyyx
 */"
code_review,groq,v5_cognitive+meta,doc_generation,apache/skywalking,code_review:055c0b3248,0.0,0.0,0.0029,0.0798,0.7764,-0.0225,"Here's the corrected and improved Javadoc for the `test_serialize` method in the `Command` class:

```java
/**
 * Serializes a ServiceResetCommand instance into a Command.Builder object.
 * 
 * @return void
 * @throws Exception if serialization fails
 */
public void test_serialize() {
    // Method implementation
}
```

However, I noticed that the method name is `test_serialize` but the description is referring to a `ServiceResetCommand` instance. It seems like there might be a naming inconsistency. If this method is intended to serialize a `ServiceResetCommand` instance, it should be named accordingly. 

Here's an updated version with a more descriptive method name:

```java
/**
 * Serializes a ServiceResetCommand instance into a Command.Builder object.
 * 
 * @return void
 * @throws Exception if serialization fails
 */
public void serializeServiceResetCommand() {
    // Method implementation
}
```

This updated method name clearly indicates its purpose and the type of command being serialized.","/**
 * @author jsbxyyx
 */"
code_review,groq,v1_minimal+meta,doc_generation,jenkinsci/jenkins,code_review:3cdf45c517,0.0469,0.0469,0.0086,0.1408,0.8132,0.0791,"javascript
/**
 * Returns a cached or lazily computed ExtensionList instance for the given Class and Jenkins instance.
 *
 * @param {Class} clazz The class to retrieve the ExtensionList for.
 * @param {Jenkins} jenkins The Jenkins instance to retrieve the ExtensionList for.
 * @returns {ExtensionList} The cached or lazily computed ExtensionList instance.
 */
function getExtensionList(clazz, jenkins) {
  // Create a cache to store the ExtensionList instances
  const cache = new Map();

  // Check if the ExtensionList instance is already cached
  if (cache.has(`${clazz.name}_${jenkins.id}`)) {
    // If cached, return the cached instance
    return cache.get(`${clazz.name}_${jenkins.id}`);
  }

  // If not cached, compute the ExtensionList instance lazily
  const extensionList = new ExtensionList(clazz, jenkins);

  // Cache the computed instance
  cache.set(`${clazz.name}_${jenkins.id}`, extensionList);

  // Return the computed instance
  return extensionList;
}","    /**
     * Returns the enabled and activated administrative monitors.
     */"
code_review,groq,v2_structured+meta,doc_generation,jenkinsci/jenkins,code_review:3cdf45c517,0.0667,0.0444,0.0055,0.1685,0.8302,0.0551,"java
import java.util.concurrent.ConcurrentHashMap;
import java.util.concurrent.ConcurrentMap;

/**
 * Creates and memoizes an ExtensionList for a given Jenkins instance and class.
 * 
 * @param key The class for which to create an ExtensionList.
 * @return The ExtensionList instance for the given class.
 * @throws NullPointerException if the key is null.
 */
public class ExtensionListFactory {
    
    private static final ConcurrentMap<Class<?>, ExtensionList> memoizedLists = new ConcurrentHashMap<>();

    public static ExtensionList getExtensionList(Class<?> key) {
        if (key == null) {
            throw new NullPointerException(""Key cannot be null"");
        }

        return memoizedLists.computeIfAbsent(key, k -> new ExtensionList());
    }
}","    /**
     * Returns the enabled and activated administrative monitors.
     */"
code_review,groq,v3_template+meta,doc_generation,jenkinsci/jenkins,code_review:3cdf45c517,0.0219,0.0219,0.0017,0.0817,0.8216,0.0962,"Here's a Java implementation for the given method:

```java
import java.util.concurrent.ConcurrentHashMap;
import java.util.Set;

/**
 * A utility class to cache and retrieve extension lists for classes.
 */
public class ExtensionListCache {

    private static final ConcurrentHashMap<Class<?>, Set<Class<?>>> cache = new ConcurrentHashMap<>();

    /**
     * Retrieves the extension list for the specified class, caching the result to prevent redundant computations.
     *
     * @param key the class for which to obtain the extension list
     * @return the extension list associated with the given class
     * @throws Exception if an error occurs during extension list retrieval
     */
    public static Set<Class<?>> getExtensionList(Class<?> key) throws Exception {
        // Check if the cache already contains the extension list for the given class
        if (!cache.containsKey(key)) {
            // If not, retrieve the extension list and cache it
            cache.put(key, getExtensionListFromSource(key));
        }
        return cache.get(key);
    }

    /**
     * Retrieves the extension list for the specified class from the source.
     *
     * @param key the class for which to obtain the extension list
     * @return the extension list associated with the given class
     * @throws Exception if an error occurs during extension list retrieval
     */
    protected static Set<Class<?>> getExtensionListFromSource(Class<?> key) throws Exception {
        // This method should be implemented to retrieve the extension list from the source
        // For demonstration purposes, it returns an empty set
        return Set.of();
    }
}
```

You can use this class as follows:

```java
public class Main {
    public static void main(String[] args) throws Exception {
        Class<?> key = String.class;
        Set<Class<?>> extensionList = ExtensionListCache.getExtensionList(key);
        System.out.println(extensionList);
    }
}
```

This implementation uses a `ConcurrentHashMap` to cache the extension lists, ensuring thread safety. The `getExtensionListFromSource` method should be implemented to retrieve the extension list from the actual source.","    /**
     * Returns the enabled and activated administrative monitors.
     */"
code_review,groq,v4_persona+meta,doc_generation,jenkinsci/jenkins,code_review:3cdf45c517,0.0397,0.0397,0.003,0.12,0.827,0.0758,"javascript
/**
 * Memoizes extension list creation for a given class, caching results to prevent redundant computations.
 * 
 * @param {Class} key The class for which to generate an extension list.
 * @returns {Array} The cached extension list for the specified class.
 */
const extensionListCache = new Map();

function getExtensionList(key) {
    if (extensionListCache.has(key)) {
        // If the extension list is already cached, return it directly
        return extensionListCache.get(key);
    } else {
        // If not cached, compute the extension list and cache it
        const extensionList = computeExtensionList(key);
        extensionListCache.set(key, extensionList);
        return extensionList;
    }
}

/**
 * Computes the extension list for a given class.
 * 
 * @param {Class} key The class for which to generate an extension list.
 * @returns {Array} The computed extension list for the specified class.
 */
function computeExtensionList(key) {
    // TO DO: implement the logic to compute the extension list for the given class
    // For demonstration purposes, assume we're returning a hardcoded list
    return ['Extension1', 'Extension2', 'Extension3'];
}","    /**
     * Returns the enabled and activated administrative monitors.
     */"
code_review,groq,v5_cognitive+meta,doc_generation,jenkinsci/jenkins,code_review:3cdf45c517,0.0193,0.0193,0.0014,0.0691,0.8254,-0.01,"### Java Method Documentation

```java
/**
 * Calculates the total cost of a purchase based on the given items and their prices.
 * 
 * This method takes a list of items, each with a name and a price, and returns the total cost of the purchase.
 * It also throws exceptions for invalid input, such as null or empty lists, or items with negative prices.
 * 
 * @param items the list of items to calculate the total cost for
 * @return the total cost of the purchase, or null if the input list is empty
 * @throws NullPointerException if the input list is null
 * @throws IllegalArgumentException if the input list is empty or contains items with negative prices
 */
public double calculateTotalCost(List<Item> items) {
    // Method implementation goes here
}

/**
 * Represents an item with a name and a price.
 */
class Item {
    private String name;
    private double price;

    /**
     * Constructs a new item with the given name and price.
     * 
     * @param name the name of the item
     * @param price the price of the item
     */
    public Item(String name, double price) {
        this.name = name;
        this.price = price;
    }

    /**
     * Gets the name of the item.
     * 
     * @return the name of the item
     */
    public String getName() {
        return name;
    }

    /**
     * Gets the price of the item.
     * 
     * @return the price of the item
     */
    public double getPrice() {
        return price;
    }
}
```

In this example, the `calculateTotalCost` method takes a list of `Item` objects as input and returns the total cost of the purchase. The method throws a `NullPointerException` if the input list is null, and an `IllegalArgumentException` if the input list is empty or contains items with negative prices. The return value is a `double` representing the total cost, which may be null if the input list is empty.

The `Item` class represents an item with a name and a price, and provides getter methods for these properties. The `Item` class is used as a parameter in the `calculateTotalCost` method.","    /**
     * Returns the enabled and activated administrative monitors.
     */"
code_review,groq,v1_minimal+meta,doc_generation,apache/pulsar,code_review:31ce4e8b2f,0.2174,0.118,0.0059,0.1599,0.7824,0.0257,"Here's the updated Javadoc comment for the DelayInjectionMetadataStore constructor:

```java
/**
 * Initializes a DelayInjectionMetadataStore instance, linking it to an extended metadata store and configuring a single-threaded scheduler for delayed metadata operations.
 *
 * @param store the extended metadata store instance to be used for data storage and retrieval.
 * This store is used to store and retrieve metadata, and is expected to be an instance of {@link MetadataStoreExtended}.
 * @param schedulerConfiguration optional configuration for the scheduler thread.
 * If not provided, a default thread factory with the name ""metadata-store-delay-injection"" is used.
 * This configuration is used to customize the behavior of the scheduler thread, such as its name, priority, and thread group.
 * @see SchedulerConfiguration for more information on how to configure the scheduler thread.
 */
public DelayInjectionMetadataStore(MetadataStoreExtended store, SchedulerConfiguration schedulerConfiguration) {
        this.store = store;
        this.delays = new CopyOnWriteArrayList<>();
        this.scheduler = Executors.newSingleThreadScheduledExecutor(schedulerConfiguration != null ? schedulerConfiguration : new DefaultThreadFactory(""metadata-store-delay-injection""));
}
```

Note that I've added a link to `MetadataStoreExtended` and `SchedulerConfiguration` to provide more context and help users understand the dependencies and requirements of the constructor. I've also added a reference to the `DefaultThreadFactory` class to provide more information on how the default thread factory is used when no custom configuration is provided.","/**
 * Licensed to the Apache Software Foundation (ASF) under one
 * or more contributor license agreements.  See the NOTICE file
 * distributed with this work for additional information
 * regarding copyright ownership.  The ASF licenses this file
 * to you under the Apache License, Version 2.0 (the
 * ""License""); you may not use this file except in compliance
 * with the License.  You may obtain a copy of the License at
 *
 *   http://www.apache.org/licenses/LICENSE-2.0
 *
 * Unless required by applicable law or agreed to in writing,
 * software distributed under the License is distributed on an
 * ""AS IS"" BASIS, WITHOUT WARRANTIES OR CONDITIONS OF ANY
 * KIND, either express or implied.  See the License for the
 * specific language governing permissions and limitations
 * under the License.
 */"
code_review,groq,v2_structured+meta,doc_generation,apache/pulsar,code_review:31ce4e8b2f,0.1679,0.1103,0.004,0.1599,0.7685,0.0911,"Here's an example of how you could improve the documentation using Javadoc style:

```java
/**
 * Constructs a new instance of the DelayInjectionMetadataStore, initializing the underlying metadata store and scheduling thread.
 *
 * @param store the extended metadata store to use for data storage. This store is used to persist metadata across different operations.
 * @param schedulerThreadName the name of the thread used for scheduling. This thread is responsible for executing scheduled tasks.
 * @throws NullPointerException if the provided store is null.
 * @see java.util.concurrent.Executors#newSingleThreadScheduledExecutor(java.util.concurrent.ThreadFactory)
 * @see java.util.concurrent.ThreadFactory
 * @since 1.0
 */
public DelayInjectionMetadataStore(MetadataStoreExtended store, String schedulerThreadName) {
    if (store == null) {
        throw new NullPointerException(""Store cannot be null"");
    }
    this.store = store;
    this.delays = new CopyOnWriteArrayList<>();
    this.scheduler = Executors.newSingleThreadScheduledExecutor(
            new DefaultThreadFactory(schedulerThreadName));
}
```

However, if you want to follow the standard Javadoc guidelines, you should use the `@param` tag to describe each parameter, like so:

```java
/**
 * Constructs a new instance of the DelayInjectionMetadataStore, initializing the underlying metadata store and scheduling thread.
 *
 * @param store the extended metadata store to use for data storage. This store is used to persist metadata across different operations.
 * @param schedulerThreadName the name of the thread used for scheduling. This thread is responsible for executing scheduled tasks.
 * @throws NullPointerException if the provided store is null.
 * @see java.util.concurrent.Executors#newSingleThreadScheduledExecutor(java.util.concurrent.ThreadFactory)
 * @see java.util.concurrent.ThreadFactory
 * @since 1.0
 */
public DelayInjectionMetadataStore(MetadataStoreExtended store, String schedulerThreadName) {
    if (store == null) {
        throw new NullPointerException(""Store cannot be null"");
    }
    this.store = store;
    this.delays = new CopyOnWriteArrayList<>();
    this.scheduler = Executors.newSingleThreadScheduledExecutor(
            new DefaultThreadFactory(schedulerThreadName));
}
```

But if you want to follow the Doxygen style, you should use the `@param` tag with the `@brief` tag, like so:

```java
/**
 * @brief Constructs a new instance of the DelayInjectionMetadataStore, initializing the underlying metadata store and scheduling thread.
 *
 * @param","/**
 * Licensed to the Apache Software Foundation (ASF) under one
 * or more contributor license agreements.  See the NOTICE file
 * distributed with this work for additional information
 * regarding copyright ownership.  The ASF licenses this file
 * to you under the Apache License, Version 2.0 (the
 * ""License""); you may not use this file except in compliance
 * with the License.  You may obtain a copy of the License at
 *
 *   http://www.apache.org/licenses/LICENSE-2.0
 *
 * Unless required by applicable law or agreed to in writing,
 * software distributed under the License is distributed on an
 * ""AS IS"" BASIS, WITHOUT WARRANTIES OR CONDITIONS OF ANY
 * KIND, either express or implied.  See the License for the
 * specific language governing permissions and limitations
 * under the License.
 */"
code_review,groq,v3_template+meta,doc_generation,apache/pulsar,code_review:31ce4e8b2f,0.1514,0.1081,0.0061,0.0762,0.775,-0.0719,"typescript
/**
 * Initializes a new instance of the DelayInjectionMetadataStore class.
 * 
 * @param {MetadataStoreExtended} store The metadata store to use for storage.
 * @returns {DelayInjectionMetadataStore} A new instance of the DelayInjectionMetadataStore class.
 * @throws {Error} If an error occurs during initialization.
 */
class DelayInjectionMetadataStore {
  private store: MetadataStoreExtended;

  constructor(store: MetadataStoreExtended) {
    if (!(store instanceof MetadataStoreExtended)) {
      throw new Error('Invalid metadata store provided');
    }

    this.store = store;
  }

  // Add methods to the class as needed
}","/**
 * Licensed to the Apache Software Foundation (ASF) under one
 * or more contributor license agreements.  See the NOTICE file
 * distributed with this work for additional information
 * regarding copyright ownership.  The ASF licenses this file
 * to you under the Apache License, Version 2.0 (the
 * ""License""); you may not use this file except in compliance
 * with the License.  You may obtain a copy of the License at
 *
 *   http://www.apache.org/licenses/LICENSE-2.0
 *
 * Unless required by applicable law or agreed to in writing,
 * software distributed under the License is distributed on an
 * ""AS IS"" BASIS, WITHOUT WARRANTIES OR CONDITIONS OF ANY
 * KIND, either express or implied.  See the License for the
 * specific language governing permissions and limitations
 * under the License.
 */"
code_review,groq,v4_persona+meta,doc_generation,apache/pulsar,code_review:31ce4e8b2f,0.1753,0.1237,0.0068,0.0956,0.7792,-0.0271,"typescript
/**
 * Initializes a new instance of the metadata store with the specified extended metadata store.
 * 
 * @param {ExtendedMetadataStore} store - The extended metadata store to use for storing metadata.
 */
function initializeMetadataStore(store: ExtendedMetadataStore): MetadataStore {
    // Check if the store is null or undefined
    if (!store) {
        throw new Error(""Extended metadata store cannot be null or undefined."");
    }

    // Initialize the metadata store with the extended metadata store
    const metadataStore = new MetadataStore(store);

    // Return the initialized metadata store
    return metadataStore;
}","/**
 * Licensed to the Apache Software Foundation (ASF) under one
 * or more contributor license agreements.  See the NOTICE file
 * distributed with this work for additional information
 * regarding copyright ownership.  The ASF licenses this file
 * to you under the Apache License, Version 2.0 (the
 * ""License""); you may not use this file except in compliance
 * with the License.  You may obtain a copy of the License at
 *
 *   http://www.apache.org/licenses/LICENSE-2.0
 *
 * Unless required by applicable law or agreed to in writing,
 * software distributed under the License is distributed on an
 * ""AS IS"" BASIS, WITHOUT WARRANTIES OR CONDITIONS OF ANY
 * KIND, either express or implied.  See the License for the
 * specific language governing permissions and limitations
 * under the License.
 */"
code_review,groq,v5_cognitive+meta,doc_generation,apache/pulsar,code_review:31ce4e8b2f,0.2097,0.1049,0.0071,0.1362,0.7873,0.1256,"However, you haven't provided the Java method signature and implementation. Please provide the method you'd like me to document, and I'll create a clear and concise Javadoc description for it.

Once you provide the method, I'll document it according to standard JavaDoc conventions and best practices for readability and accuracy.

Here's a general example of how I would document a Java method:

```java
/**
 * This method performs a specific task.
 * 
 * @param parameter1 The first parameter required for the task.
 * @param parameter2 The second parameter required for the task.
 * @return The result of the task.
 * @throws Exception1 If an exception occurs during the task.
 * @throws Exception2 If another exception occurs during the task.
 */
public ReturnType methodName(ParameterType1 parameter1, ParameterType2 parameter2) {
    // Method implementation
}
```

Please provide the method you'd like me to document, and I'll create a clear and concise Javadoc description for it.","/**
 * Licensed to the Apache Software Foundation (ASF) under one
 * or more contributor license agreements.  See the NOTICE file
 * distributed with this work for additional information
 * regarding copyright ownership.  The ASF licenses this file
 * to you under the Apache License, Version 2.0 (the
 * ""License""); you may not use this file except in compliance
 * with the License.  You may obtain a copy of the License at
 *
 *   http://www.apache.org/licenses/LICENSE-2.0
 *
 * Unless required by applicable law or agreed to in writing,
 * software distributed under the License is distributed on an
 * ""AS IS"" BASIS, WITHOUT WARRANTIES OR CONDITIONS OF ANY
 * KIND, either express or implied.  See the License for the
 * specific language governing permissions and limitations
 * under the License.
 */"
code_review,groq,v1_minimal+meta,doc_generation,micronaut-projects/micronaut-core,code_review:52afb76b5e,0.0,0.0,0.0022,0.062,0.7976,0.1558,"java
import java.time.ZonedDateTime;
import java.time.format.DateTimeFormatter;
import java.time.format.DateTimeParseException;
import java.util.Optional;

public class DateRetriever {

    /**
     * Retrieves the ZonedDateTime associated with the given name, parsing the date string in RFC 1123 format.
     * 
     * @param name the name to find the date for
     * @return a non-empty Optional containing the ZonedDateTime if found, or an empty Optional if the date string is invalid
     */
    public static Optional<ZonedDateTime> retrieveDate(String name) {
        // Define the date format in RFC 1123 format
        DateTimeFormatter formatter = DateTimeFormatter.ofPattern(""EEE, dd MMM yyyy HH:mm:ss z"");

        try {
            // Attempt to parse the date string
            ZonedDateTime date = ZonedDateTime.parse(name, formatter);
            // If parsing is successful, return the date wrapped in an Optional
            return Optional.of(date);
        } catch (DateTimeParseException e) {
            // If parsing fails, return an empty Optional
            return Optional.empty();
        }
    }

    public static void main(String[] args) {
        // Example usage:
        String validDate = ""Wed, 21 Sep 2022 14:30:00 +0000"";
        String invalidDate = ""Invalid date string"";

        Optional<ZonedDateTime> validResult = retrieveDate(validDate);
        Optional<ZonedDateTime> invalidResult = retrieveDate(invalidDate);

        System.out.println(validResult.isPresent() ? ""Found date: "" + validResult.get() : ""No date found"");
        System.out.println(invalidResult.isPresent() ? ""Found date: "" + invalidResult.get() : ""No date found"");
    }
}","    /**
     * {@code ""Bearer ""}.
     */"
code_review,groq,v2_structured+meta,doc_generation,micronaut-projects/micronaut-core,code_review:52afb76b5e,0.0,0.0,0.0041,0.0962,0.8077,0.1537,"java
import java.time.ZonedDateTime;
import java.time.format.DateTimeFormatter;
import java.time.format.DateTimeParseException;
import java.util.Optional;

/**
 * Retrieves a ZonedDateTime instance associated with the specified name.
 * 
 * @param name the name to search for
 * @return a non-empty Optional containing the ZonedDateTime if found, or an empty Optional otherwise
 * @throws DateTimeParseException if the date string cannot be parsed
 */
public Optional<ZonedDateTime> getZonedDateTime(String name) {
    // Define the date format
    DateTimeFormatter formatter = DateTimeFormatter.ofPattern(""yyyy-MM-dd'T'HH:mm:ss.SSSXXX"");

    try {
        // Attempt to parse the date string
        ZonedDateTime zdt = ZonedDateTime.parse(name, formatter);
        return Optional.of(zdt);
    } catch (DateTimeParseException e) {
        // If parsing fails, return an empty Optional
        return Optional.empty();
    }
}","    /**
     * {@code ""Bearer ""}.
     */"
code_review,groq,v3_template+meta,doc_generation,micronaut-projects/micronaut-core,code_review:52afb76b5e,0.0,0.0,0.0019,0.0551,0.7995,0.0464,"java
import java.time.*;
import java.time.format.DateTimeFormatter;
import java.time.format.DateTimeParseException;
import java.util.Optional;

/**
 * Retrieves the first date matching the given name and converts it to GMT.
 *
 * @param name the name to search for in date records
 * @return an Optional containing the found date in GMT, or an empty Optional if no date is found
 * @throws DateTimeParseException if the input date string is malformed
 */
public Optional<ZonedDateTime> getFirstDateInGmt(String name) {
    // Initialize an empty Optional to store the result
    Optional<ZonedDateTime> result = Optional.empty();

    // Assuming you have a list of date records
    // Replace this with your actual date records
    // For example, let's assume we have a list of DateRecord objects
    // DateRecord is a custom class with a name and a date field
    // DateRecord dateRecordList = ...;

    // Iterate over the date records
    // For this example, let's assume we have a list of DateRecord objects
    // Replace this with your actual date records
    // for (DateRecord dateRecord : dateRecordList) {
    //     if (dateRecord.getName().equals(name)) {
    //         // Convert the date to GMT
    //         ZonedDateTime dateInGmt = dateRecord.getDate().atStartOfDay(ZoneId.of(""GMT""));
    //         result = Optional.of(dateInGmt);
    //         // We only need the first match, so we can break the loop
    //         break;
    //     }
    // }

    // If no date is found, return an empty Optional
    return result;
}","    /**
     * {@code ""Bearer ""}.
     */"
code_review,groq,v4_persona+meta,doc_generation,micronaut-projects/micronaut-core,code_review:52afb76b5e,0.0065,0.0065,0.0014,0.0424,0.8028,0.0155,"Here's how you can implement this method in Java:

```java
import java.time.*;
import java.time.format.DateTimeFormatter;
import java.time.format.DateTimeParseException;
import java.util.Optional;

public class DateRetriever {

    /**
     * Retrieves the first ZonedDateTime matching the given name in the GMT time zone.
     * 
     * If no matching date is found or the input date string is invalid, an empty Optional is returned.
     * 
     * @param name the name to search for in the date records
     * @return the first matching date in GMT, or an empty Optional if not found or invalid
     */
    public static Optional<ZonedDateTime> getFirstMatchingDate(String name) {
        // Define the date records (you can replace this with your actual data source)
        String[] dateRecords = {
            ""2022-01-01 - New Year's Day"",
            ""2022-04-15 - Good Friday"",
            ""2022-12-25 - Christmas Day""
        };

        // Define the date format
        DateTimeFormatter formatter = DateTimeFormatter.ofPattern(""yyyy-MM-dd"");

        // Iterate over the date records
        for (String record : dateRecords) {
            String[] parts = record.split("" - "");
            String dateStr = parts[0];

            try {
                // Attempt to parse the date string
                ZonedDateTime date = ZonedDateTime.parse(dateStr, formatter).withZoneSameInstant(ZoneId.of(""GMT""));

                // Check if the name matches
                if (parts[1].toLowerCase().contains(name.toLowerCase())) {
                    // Return the matching date
                    return Optional.of(date);
                }
            } catch (DateTimeParseException e) {
                // Ignore invalid date strings
            }
        }

        // If no matching date is found, return an empty Optional
        return Optional.empty();
    }

    public static void main(String[] args) {
        System.out.println(getFirstMatchingDate(""New Year""));
        System.out.println(getFirstMatchingDate(""Invalid Date""));
    }
}
```

This code defines a method `getFirstMatchingDate` that takes a `name` parameter and returns the first `ZonedDateTime` matching the given name in the GMT time zone. The method iterates over a predefined array of date records, attempts to parse the date string, and checks if the name matches. If a matching date is found, it is returned as an `Optional`. If no matching date is found or the input date string is invalid, an","    /**
     * {@code ""Bearer ""}.
     */"
code_review,groq,v5_cognitive+meta,doc_generation,micronaut-projects/micronaut-core,code_review:52afb76b5e,0.0,0.0,0.0,0.0,0.786,0.2068,"However, you haven't provided the Java method. Please provide the method, and I'll be happy to document it using Javadoc style comments.

Once you provide the method, I'll create a well-documented version of it. 

Please paste the Java method, and I'll get started.","    /**
     * {@code ""Bearer ""}.
     */"
code_review,groq,v1_minimal+meta,doc_generation,broadinstitute/gatk,code_review:cfc5a2b923,0.2087,0.1391,0.0109,0.132,0.8283,0.4322,"java
/**
 * Retrieves the class of the annotation feature, a subclass of {@link Feature}.
 * 
 * @return the class of the annotation feature
 */
public Class<? extends Feature> getAnnotationFeatureClass() {
    // Assuming you have a method or a field that holds the annotation feature class
    // Replace this with your actual implementation
    return AnnotationFeature.class;
}","    /**
     * Creates a {@link GencodeFuncotation}s based on a given spanning deletion {@link Allele}.
     *
     * Reports reference bases as if they are on the {@link Strand#POSITIVE} strand.
     * @param variant The {@link VariantContext} associated with this annotation.
     * @param annotationTranscript The transcript ID to use for populating this funcotation.
     * @param reference The {@link ReferenceContext} in which the given {@link Allele}s appear.
     * @return An IGR funcotation for the given allele.
     */"
code_review,groq,v2_structured+meta,doc_generation,broadinstitute/gatk,code_review:cfc5a2b923,0.1395,0.1085,0.0099,0.1271,0.8275,0.4705,"java
/**
 * Retrieves the annotation feature class utilized by Gencode GTF files.
 * 
 * @return the GencodeGTF feature class instance.
 */
public class GencodeGTFFeatureClass {
    // Static instance of the GencodeGTF feature class
    private static GencodeGTFFeatureClass instance;

    // Private constructor to prevent instantiation
    private GencodeGTFFeatureClass() {}

    /**
     * Retrieves the GencodeGTF feature class instance.
     * 
     * @return the GencodeGTF feature class instance.
     */
    public static GencodeGTFFeatureClass getInstance() {
        if (instance == null) {
            instance = new GencodeGTFFeatureClass();
        }
        return instance;
    }
}","    /**
     * Creates a {@link GencodeFuncotation}s based on a given spanning deletion {@link Allele}.
     *
     * Reports reference bases as if they are on the {@link Strand#POSITIVE} strand.
     * @param variant The {@link VariantContext} associated with this annotation.
     * @param annotationTranscript The transcript ID to use for populating this funcotation.
     * @param reference The {@link ReferenceContext} in which the given {@link Allele}s appear.
     * @return An IGR funcotation for the given allele.
     */"
code_review,groq,v3_template+meta,doc_generation,broadinstitute/gatk,code_review:cfc5a2b923,0.1422,0.1043,0.0051,0.136,0.844,0.4296,"javascript
/**
 * Retrieves the annotation feature class utilized in Gencode GTF files.
 * 
 * @returns {Object} The annotation feature class instance.
 */
function getAnnotationFeatureClass() {
    /**
     * AnnotationFeatureClass class definition.
     * 
     * @class
     */
    class AnnotationFeatureClass {
        /**
         * Constructor for the AnnotationFeatureClass.
         * 
         * @param {Object} data - The annotation data.
         */
        constructor(data) {
            this.data = data;
        }

        /**
         * Retrieves the feature type.
         * 
         * @returns {string} The feature type.
         */
        getFeatureType() {
            return this.data.featureType;
        }

        /**
         * Retrieves the feature ID.
         * 
         * @returns {string} The feature ID.
         */
        getFeatureId() {
            return this.data.featureId;
        }

        /**
         * Retrieves the start position.
         * 
         * @returns {number} The start position.
         */
        getStartPosition() {
            return this.data.startPosition;
        }

        /**
         * Retrieves the end position.
         * 
         * @returns {number} The end position.
         */
        getEndPosition() {
            return this.data.endPosition;
        }
    }

    // Example usage:
    const data = {
        featureType: 'gene',
        featureId: 'ENSG00000223972',
        startPosition: 100,
        endPosition: 200
    };

    const annotationFeatureClass = new AnnotationFeatureClass(data);
    return annotationFeatureClass;
}

// Usage:
const annotationFeatureClass = getAnnotationFeatureClass();
console.log(annotationFeatureClass.getFeatureType()); // Output: gene
console.log(annotationFeatureClass.getFeatureId()); // Output: ENSG00000223972
console.log(annotationFeatureClass.getStartPosition()); // Output: 100
console.log(annotationFeatureClass.getEndPosition()); // Output: 200","    /**
     * Creates a {@link GencodeFuncotation}s based on a given spanning deletion {@link Allele}.
     *
     * Reports reference bases as if they are on the {@link Strand#POSITIVE} strand.
     * @param variant The {@link VariantContext} associated with this annotation.
     * @param annotationTranscript The transcript ID to use for populating this funcotation.
     * @param reference The {@link ReferenceContext} in which the given {@link Allele}s appear.
     * @return An IGR funcotation for the given allele.
     */"
code_review,groq,v4_persona+meta,doc_generation,broadinstitute/gatk,code_review:cfc5a2b923,0.1429,0.0816,0.0085,0.0987,0.817,0.4135,"java
/**
 * Retrieves the annotation feature class, a fixed implementation of GencodeGtfFeature.
 * 
 * @return the annotation feature class, a subclass of Feature
 */
public class AnnotationFeatureClass extends Feature {
    // Implementation of the annotation feature class
}","    /**
     * Creates a {@link GencodeFuncotation}s based on a given spanning deletion {@link Allele}.
     *
     * Reports reference bases as if they are on the {@link Strand#POSITIVE} strand.
     * @param variant The {@link VariantContext} associated with this annotation.
     * @param annotationTranscript The transcript ID to use for populating this funcotation.
     * @param reference The {@link ReferenceContext} in which the given {@link Allele}s appear.
     * @return An IGR funcotation for the given allele.
     */"
code_review,groq,v5_cognitive+meta,doc_generation,broadinstitute/gatk,code_review:cfc5a2b923,0.1586,0.0963,0.0039,0.1905,0.8023,0.284,"### Java Method Documentation: `getAnnotationFeatureClass`

#### Method Description

Retrieves an annotation feature class based on the given input.

#### Method Signature

```java
public FeatureClass getAnnotationFeatureClass(String annotationName)
```

#### Parameters

*   `annotationName`: The name of the annotation feature class to retrieve.

#### Return Value

*   The annotation feature class corresponding to the given `annotationName`, or `null` if no such class exists.

#### Exceptions

*   `NullPointerException`: If `annotationName` is `null`.
*   `IllegalArgumentException`: If `annotationName` is an empty string.

#### Method Implementation

```java
/**
 * Retrieves an annotation feature class based on the given input.
 *
 * @param annotationName The name of the annotation feature class to retrieve.
 * @return The annotation feature class corresponding to the given annotationName, or null if no such class exists.
 * @throws NullPointerException If annotationName is null.
 * @throws IllegalArgumentException If annotationName is an empty string.
 */
public FeatureClass getAnnotationFeatureClass(String annotationName) {
    if (annotationName == null) {
        throw new NullPointerException(""annotationName cannot be null"");
    }

    if (annotationName.isEmpty()) {
        throw new IllegalArgumentException(""annotationName cannot be an empty string"");
    }

    // Assuming a map of annotation feature classes is maintained in the class
    Map<String, FeatureClass> annotationFeatureClasses = getAnnotationFeatureClassesMap();

    return annotationFeatureClasses.get(annotationName);
}

// Assuming a method to get the map of annotation feature classes
private Map<String, FeatureClass> getAnnotationFeatureClassesMap() {
    // Implementation to populate the map of annotation feature classes
    // For demonstration purposes, a simple map is created
    Map<String, FeatureClass> annotationFeatureClasses = new HashMap<>();
    annotationFeatureClasses.put(""FeatureClass1"", new FeatureClass(""FeatureClass1""));
    annotationFeatureClasses.put(""FeatureClass2"", new FeatureClass(""FeatureClass2""));
    // Add more annotation feature classes as needed
    return annotationFeatureClasses;
}

// Assuming a simple FeatureClass implementation
class FeatureClass {
    private String name;

    public FeatureClass(String name) {
        this.name = name;
    }

    public String getName() {
        return name;
    }
}
```

#### Context

This method is part of a larger system that manages annotation feature classes. It assumes the existence of a map that stores annotation feature classes, where each key is the name of the annotation","    /**
     * Creates a {@link GencodeFuncotation}s based on a given spanning deletion {@link Allele}.
     *
     * Reports reference bases as if they are on the {@link Strand#POSITIVE} strand.
     * @param variant The {@link VariantContext} associated with this annotation.
     * @param annotationTranscript The transcript ID to use for populating this funcotation.
     * @param reference The {@link ReferenceContext} in which the given {@link Allele}s appear.
     * @return An IGR funcotation for the given allele.
     */"
code_review,groq,v1_minimal+meta,doc_generation,vespa-engine/vespa,code_review:a3da3c4820,0.0,0.0,0.0016,0.044,0.7534,-0.0007,"java
/**
 * Compares the provided hardware information with the actual hardware information.
 * 
 * This method generates a YamasSpecReport containing the comparison results.
 * 
 * @param node The hardware information to compare.
 * @param actualHardware The actual hardware information to compare against.
 * @return A YamasSpecReport containing the comparison results.
 */
public YamasSpecReport compareHardwareInfo(HardwareInfo node, HardwareInfo actualHardware) {
    // Initialize a new YamasSpecReport to store the comparison results
    YamasSpecReport report = new YamasSpecReport();

    // Compare the CPU information
    if (!node.getCpuInfo().equals(actualHardware.getCpuInfo())) {
        // If the CPU information does not match, add a failure to the report
        report.addFailure(""CPU Info"", ""Expected: "" + node.getCpuInfo() + "", Actual: "" + actualHardware.getCpuInfo());
    } else {
        // If the CPU information matches, add a success to the report
        report.addSuccess(""CPU Info"", ""Expected: "" + node.getCpuInfo() + "", Actual: "" + actualHardware.getCpuInfo());
    }

    // Compare the memory information
    if (node.getMemoryInfo().getTotalMemory() != actualHardware.getMemoryInfo().getTotalMemory()) {
        // If the memory information does not match, add a failure to the report
        report.addFailure(""Memory Info"", ""Expected: "" + node.getMemoryInfo().getTotalMemory() + "" MB, Actual: "" + actualHardware.getMemoryInfo().getTotalMemory() + "" MB"");
    } else {
        // If the memory information matches, add a success to the report
        report.addSuccess(""Memory Info"", ""Expected: "" + node.getMemoryInfo().getTotalMemory() + "" MB, Actual: "" + actualHardware.getMemoryInfo().getTotalMemory() + "" MB"");
    }

    // Compare the storage information
    if (!node.getStorageInfo().equals(actualHardware.getStorageInfo())) {
        // If the storage information does not match, add a failure to the report
        report.addFailure(""Storage Info"", ""Expected: "" + node.getStorageInfo() + "", Actual: "" + actualHardware.getStorageInfo());
    } else {
        // If the storage information matches, add a success to the report
        report.addSuccess(""Storage Info"", ""Expected: "" + node.getStorageInfo() + "", Actual: "" + actualHardware","/**
 * Created by olaa on 04/07/2017.
 */"
code_review,groq,v2_structured+meta,doc_generation,vespa-engine/vespa,code_review:a3da3c4820,0.0,0.0,0.0023,0.0584,0.7592,0.0363,"typescript
/**
 * Compares two HardwareInfo objects and returns a YamasSpecReport detailing the differences.
 * 
 * @param expectedHardware the expected HardwareInfo to compare against
 * @param actualHardware the actual HardwareInfo to compare
 * @return a YamasSpecReport summarizing the comparison results
 */
function compareHardware(expectedHardware: HardwareInfo, actualHardware: HardwareInfo): YamasSpecReport {
    const report: YamasSpecReport = {
        passed: true,
        messages: []
    };

    // Compare CPU information
    if (expectedHardware.cpu !== actualHardware.cpu) {
        report.passed = false;
        report.messages.push(`CPU mismatch: expected ${expectedHardware.cpu} but got ${actualHardware.cpu}`);
    }

    // Compare RAM information
    if (expectedHardware.ram !== actualHardware.ram) {
        report.passed = false;
        report.messages.push(`RAM mismatch: expected ${expectedHardware.ram} but got ${actualHardware.ram}`);
    }

    // Compare storage information
    if (expectedHardware.storage !== actualHardware.storage) {
        report.passed = false;
        report.messages.push(`Storage mismatch: expected ${expectedHardware.storage} but got ${actualHardware.storage}`);
    }

    // Compare graphics information
    if (expectedHardware.graphics !== actualHardware.graphics) {
        report.passed = false;
        report.messages.push(`Graphics mismatch: expected ${expectedHardware.graphics} but got ${actualHardware.graphics}`);
    }

    // Compare other hardware information
    if (expectedHardware.other !== actualHardware.other) {
        report.passed = false;
        report.messages.push(`Other hardware mismatch: expected ${expectedHardware.other} but got ${actualHardware.other}`);
    }

    return report;
}

interface HardwareInfo {
    cpu: string;
    ram: string;
    storage: string;
    graphics: string;
    other: string;
}

interface YamasSpecReport {
    passed: boolean;
    messages: string[];
}","/**
 * Created by olaa on 04/07/2017.
 */"
code_review,groq,v3_template+meta,doc_generation,vespa-engine/vespa,code_review:a3da3c4820,0.0,0.0,0.0036,0.0789,0.7562,-0.0202,"javascript
/**
 * Compares two hardware nodes and returns a report indicating whether they are equal.
 * 
 * @param {Object} node The first hardware node to compare.
 * @param {Object} actualHardware The second hardware node to compare.
 * @returns {Object} A report object containing the comparison results.
 */
function compareHardwareNodes(node, actualHardware) {
    const report = {
        isEqual: true,
        differences: []
    };

    // Check if both nodes have the same properties
    const nodeProperties = Object.keys(node);
    const actualHardwareProperties = Object.keys(actualHardware);

    if (nodeProperties.length !== actualHardwareProperties.length) {
        report.isEqual = false;
        report.differences.push(""Number of properties mismatch"");
    } else {
        nodeProperties.forEach(property => {
            if (node[property] !== actualHardware[property]) {
                report.isEqual = false;
                report.differences.push(`Property '${property}' has different values: ${node[property]} vs ${actualHardware[property]}`);
            }
        });
    }

    return report;
}","/**
 * Created by olaa on 04/07/2017.
 */"
code_review,groq,v4_persona+meta,doc_generation,vespa-engine/vespa,code_review:a3da3c4820,0.0,0.0,0.0021,0.0556,0.7503,0.0128,"javascript
/**
 * Compares the provided node hardware information with its actual hardware.
 * 
 * @param {Object} node - The expected hardware information of the node.
 * @param {Object} actualHardware - The actual hardware information.
 * @returns {Object} A report containing the comparison results.
 */
function compareNodeHardware(node, actualHardware) {
    const report = {
        passed: true,
        messages: []
    };

    // Check if the node and actualHardware are objects
    if (typeof node !== 'object' || typeof actualHardware !== 'object') {
        report.passed = false;
        report.messages.push('Both node and actualHardware must be objects');
        return report;
    }

    // Check if the node and actualHardware have the same properties
    const nodeProperties = Object.keys(node);
    const actualHardwareProperties = Object.keys(actualHardware);

    if (nodeProperties.length !== actualHardwareProperties.length) {
        report.passed = false;
        report.messages.push('The node and actualHardware must have the same properties');
        return report;
    }

    // Compare each property
    nodeProperties.forEach(property => {
        if (node[property] !== actualHardware[property]) {
            report.passed = false;
            report.messages.push(`Property '${property}' does not match: expected ${node[property]}, got ${actualHardware[property]}`);
        }
    });

    return report;
}

// Example usage:
const node = {
    cpu: 'Intel Core i7',
    ram: '16 GB',
    disk: '1 TB'
};

const actualHardware = {
    cpu: 'Intel Core i7',
    ram: '16 GB',
    disk: '512 GB'
};

const report = compareNodeHardware(node, actualHardware);
console.log(report);","/**
 * Created by olaa on 04/07/2017.
 */"
code_review,groq,v5_cognitive+meta,doc_generation,vespa-engine/vespa,code_review:a3da3c4820,0.0,0.0,0.0019,0.0505,0.7524,-0.0093,"**Hardware Comparison Class: `HardwareComparator`**
=====================================================

### Method: `compareHardwareSpecifications`

#### Purpose

The `compareHardwareSpecifications` method compares the expected hardware configuration (`node`) with the actual hardware configuration (`actualHardware`) and returns a `YamasSpecReport` object containing the comparison results.

#### Parameters

*   `node`: The expected hardware configuration.
*   `actualHardware`: The actual hardware configuration.

#### Returns

*   A `YamasSpecReport` object containing the comparison results.

#### Code

```java
import java.util.HashMap;
import java.util.Map;

/**
 * A class for comparing hardware specifications.
 */
public class HardwareComparator {

    /**
     * Compares the expected hardware configuration with the actual hardware configuration.
     *
     * @param node          The expected hardware configuration.
     * @param actualHardware The actual hardware configuration.
     * @return A YamasSpecReport object containing the comparison results.
     */
    public YamasSpecReport compareHardwareSpecifications(Map<String, String> node, Map<String, String> actualHardware) {
        YamasSpecReport report = new YamasSpecReport();

        // Compare CPU specifications
        if (!node.get(""cpu"").equals(actualHardware.get(""cpu""))) {
            report.addComparisonResult(""CPU"", ""Expected: "" + node.get(""cpu"") + "", Actual: "" + actualHardware.get(""cpu""), ""Mismatch"");
        }

        // Compare RAM specifications
        if (!node.get(""ram"").equals(actualHardware.get(""ram""))) {
            report.addComparisonResult(""RAM"", ""Expected: "" + node.get(""ram"") + "", Actual: "" + actualHardware.get(""ram""), ""Mismatch"");
        }

        // Compare Storage specifications
        if (!node.get(""storage"").equals(actualHardware.get(""storage""))) {
            report.addComparisonResult(""Storage"", ""Expected: "" + node.get(""storage"") + "", Actual: "" + actualHardware.get(""storage""), ""Mismatch"");
        }

        // Compare Graphics Card specifications
        if (!node.get(""graphicsCard"").equals(actualHardware.get(""graphicsCard""))) {
            report.addComparisonResult(""Graphics Card"", ""Expected: "" + node.get(""graphicsCard"") + "", Actual: "" + actualHardware.get(""graphicsCard""), ""Mismatch"");
        }

        // Compare Operating System specifications
        if (!node.get(""operatingSystem"").equals(actualHardware.get(""operatingSystem""))) {
            report.addComparisonResult(""Operating System"", ""Expected: "" + node.get(""operatingSystem","/**
 * Created by olaa on 04/07/2017.
 */"
code_review,groq,v1_minimal+meta,doc_generation,sleuthkit/autopsy,code_review:757c6cd128,0.0203,0.0135,0.0017,0.0829,0.8046,0.2374,"Here's a refactored version of the provided code with some improvements:

```java
/**
 * Initializes the PListViewer component, setting up the outline view and its properties.
 * 
 * @see org.openide.explorer.view.OutlineView
 * @see DefaultOutlineModel
 */
public PListViewer() {
    // Create an OutlineView instance and add it to the panel
    createOutlineView();
    
    // Initialize component properties
    initComponents();
    
    // Retrieves the outline from the OutlineView instance
    outline = outlineView.getOutline();
    
    // Configures the DefaultOutlineModel to display the 'Key' column label
    configureOutlineModel();
    
    // Configures property columns for the outline view
    configurePropertyColumns();
    
    // Customizes the component
    customize();
}

/**
 * Creates an OutlineView instance and adds it to the panel.
 */
private void createOutlineView() {
    outlineView = new org.openide.explorer.view.OutlineView();
}

/**
 * Configures the DefaultOutlineModel to display the 'Key' column label.
 */
private void configureOutlineModel() {
    ((DefaultOutlineModel) outline.getOutlineModel()).setNodesColumnLabel(""Key"");
}

/**
 * Configures property columns for the outline view.
 */
private void configurePropertyColumns() {
    outlineView.setPropertyColumns(
            ""Type"", Bundle.PListNode_TypeCol(), // Column label for 'Type' property
            ""Value"", Bundle.PListNode_ValueCol() // Column label for 'Value' property
    );
}
```

Here are the improvements made:

1. **Extracted methods**: Each section of code has been extracted into its own method, making the code more readable and maintainable. This is known as the Single Responsibility Principle (SRP).

2. **Improved naming conventions**: Method names have been improved to better describe their purpose. This makes the code easier to understand and follow.

3. **Reduced code duplication**: The original code had some duplicated code, which has been removed by extracting the common logic into separate methods.

4. **Improved structure**: The code is now more structured, with each method performing a specific task. This makes it easier to understand and modify the code.

5. **Improved readability**: The code is now more readable, with clear and concise method names and a logical structure.

Overall, these improvements make the code more maintainable, efficient, and easier to understand.","/**
 * PListViewer - a file viewer for binary plist files. 
 *
 */"
code_review,groq,v2_structured+meta,doc_generation,sleuthkit/autopsy,code_review:757c6cd128,0.0494,0.0494,0.0056,0.1449,0.8229,0.2497,"typescript
/**
 * Initializes the PListViewer component, potentially throwing an exception if initialization fails.
 * 
 * @throws {Error} if an error occurs during initialization
 */
public init(): void {
    try {
        // Initialize the component
        this.initComponent();
    } catch (error) {
        // Re-throw the error with a more informative message
        throw new Error(`Failed to initialize PListViewer: ${error.message}`);
    }
}

/**
 * Initializes the PListViewer component.
 * 
 * This method should be overridden by subclasses to perform any necessary initialization.
 */
protected initComponent(): void {
    // TO DO: implement component initialization
}","/**
 * PListViewer - a file viewer for binary plist files. 
 *
 */"
code_review,groq,v3_template+meta,doc_generation,sleuthkit/autopsy,code_review:757c6cd128,0.0276,0.0276,0.0023,0.1014,0.8057,0.2908,"Here's an improved version of the code with additional documentation and type annotations:

```javascript
/**
 * Initializes a new instance of the PListViewer class.
 * 
 * @param {Element|Panel} panel The panel to which the outline view will be added.
 * @param {Object} [options] Optional configuration options for the PListViewer instance.
 * @param {string} [options.templateUrl] URL of the template to use for rendering list items.
 * @param {string} [options.cssClass] CSS class to apply to the list container element.
 * @returns {PListViewer} The initialized PListViewer instance.
 * @throws {Error} If an error occurs during initialization.
 */
function PListViewer(panel, options = {}) {
    if (!(panel instanceof Element || panel instanceof Panel)) {
        throw new Error('Invalid panel type. Expected Element or Panel.');
    }

    // Initialize the PListViewer instance with the provided options
    this.panel = panel;
    this.templateUrl = options.templateUrl;
    this.cssClass = options.cssClass;

    try {
        // Perform initialization tasks here
        // ...
    } catch (error) {
        throw new Error('Error initializing PListViewer instance:', error);
    }
}

module.exports = PListViewer;
```

Note that I've added:

* Optional configuration options (`options`) with default values
* Type annotations for the `options` object and its properties
* A check to ensure the `panel` parameter is an instance of `Element` or `Panel`
* A `try-catch` block to handle any errors that may occur during initialization
* A `module.exports` statement to make the `PListViewer` class available for import in other modules","/**
 * PListViewer - a file viewer for binary plist files. 
 *
 */"
code_review,groq,v4_persona+meta,doc_generation,sleuthkit/autopsy,code_review:757c6cd128,0.0241,0.0241,0.0039,0.1215,0.8095,0.3014,"javascript
/**
 * Initializes the PListViewer component, creating an OutlineView instance and customizing its properties and appearance.
 * 
 * @param {org.openide.explorer.view.OutlineView} outlineView The OutlineView instance to be customized.
 * @param {DefaultOutlineModel} outlineModel The DefaultOutlineModel instance used by the OutlineView.
 */
function initPListViewer(outlineView, outlineModel) {
    // Set the title of the OutlineView
    outlineView.setTitle(""PListViewer"");

    // Set the icon of the OutlineView
    outlineView.setIcon(""path/to/icon"");

    // Set the default node icon for the OutlineView
    outlineModel.setDefaultNodeIcon(""path/to/default/node/icon"");

    // Set the default leaf icon for the OutlineView
    outlineModel.setDefaultLeafIcon(""path/to/default/leaf/icon"");

    // Customize the appearance of the OutlineView
    outlineView.setShowRoot(false);
    outlineView.setShowSystemRoot(false);
    outlineView.setShowSystemChildren(false);

    // Set the preferred width and height of the OutlineView
    outlineView.setPreferredSize(new java.awt.Dimension(400, 300));

    // Set the maximum width and height of the OutlineView
    outlineView.setMaximumSize(new java.awt.Dimension(800, 600));

    // Set the minimum width and height of the OutlineView
    outlineView.setMinimumSize(new java.awt.Dimension(200, 200));
}","/**
 * PListViewer - a file viewer for binary plist files. 
 *
 */"
code_review,groq,v5_cognitive+meta,doc_generation,sleuthkit/autopsy,code_review:757c6cd128,0.0116,0.0116,0.0027,0.1003,0.8045,0.0619,"### Java Method Documentation

Here's an example of a Java method that calculates the area of a rectangle. This method will be documented with a concise Javadoc block.

```java
/**
 * Calculates the area of a rectangle given its length and width.
 *
 * @param length the length of the rectangle
 * @param width  the width of the rectangle
 * @return the area of the rectangle
 * @throws IllegalArgumentException if the length or width is negative
 */
public static double calculateRectangleArea(double length, double width) {
    if (length < 0 || width < 0) {
        throw new IllegalArgumentException(""Length and width must be non-negative."");
    }
    return length * width;
}
```

In this documentation:

- The primary responsibility of the method is clearly stated as ""Calculates the area of a rectangle given its length and width.""
- The parameters `length` and `width` are documented, explaining what they represent.
- The return value of the method is clearly stated as ""the area of the rectangle.""
- The conditions under which the method throws an exception are documented, specifically when the length or width is negative.","/**
 * PListViewer - a file viewer for binary plist files. 
 *
 */"
code_review,groq,v1_minimal+meta,doc_generation,DSpace/DSpace,code_review:a6b7881120,0.1103,0.0956,0.0035,0.2076,0.7756,0.0721,"It appears to be a Javadoc comment in Java. Here's a refactored version with some minor improvements for readability and consistency:

```markdown
/**
 * Tests the retrieval of all authorization features with various authentication scenarios.
 * 
 * This method exercises the authentication and authorization endpoints to verify:
 *  - The total number of features returned is capped at 20.
 *  - The API returns a valid response with the expected number of features.
 *  - The API returns a valid response with pagination information.
 *  - An unauthorized user is denied access to the features endpoint.
 *  - An ePerson user is denied access to the features endpoint.
 * 
 * @throws Exception if an error occurs during the test.
 */
```

However, if you're looking for a more modern and idiomatic JavaDoc style, here's an updated version:

```markdown
/**
 * Tests the retrieval of all authorization features with various authentication scenarios.
 * 
 * This method exercises the authentication and authorization endpoints to verify:
 * <ul>
 *     <li>The total number of features returned is capped at 20.</li>
 *     <li>The API returns a valid response with the expected number of features.</li>
 *     <li>The API returns a valid response with pagination information.</li>
 *     <li>An unauthorized user is denied access to the features endpoint.</li>
 *     <li>An ePerson user is denied access to the features endpoint.</li>
 * </ul>
 * 
 * @throws Exception if an error occurs during the test.
 */
```

This version uses an unordered list to break up the long list of items, making it easier to read and understand.","/**
 * The contents of this file are subject to the license and copyright
 * detailed in the LICENSE and NOTICE files at the root of the source
 * tree and available online at
 *
 * http://www.dspace.org/license/
 */"
code_review,groq,v2_structured+meta,doc_generation,DSpace/DSpace,code_review:a6b7881120,0.0608,0.0456,0.003,0.1223,0.766,-0.0631,"javascript
/**
 * Verifies endpoint behavior for authenticated and unauthenticated users.
 * 
 * Tests the findAll endpoint with an admin user, verifying it returns the expected features.
 * Tests the endpoint with an unauthenticated user, verifying an unauthorized response.
 * Tests the endpoint with an eperson user, verifying a forbidden response.
 * 
 * @param {Object} admin - the admin user object
 * @param {string} adminPassword - the admin user's password
 * @param {Object} eperson - the eperson user object
 * @throws {Error} if an error occurs during the test
 */
describe('Endpoint Behavior', () => {
  it('should return expected features for admin user', async () => {
    // Arrange
    const admin = {
      username: 'admin',
      password: adminPassword,
      role: 'admin'
    };

    // Act
    const response = await findAllEndpoint(admin);

    // Assert
    expect(response.status).toBe(200);
    expect(response.data).toEqual(expectedFeatures);
  });

  it('should return unauthorized response for unauthenticated user', async () => {
    // Act
    const response = await findAllEndpoint(null);

    // Assert
    expect(response.status).toBe(401);
  });

  it('should return forbidden response for eperson user', async () => {
    // Arrange
    const eperson = {
      username: 'eperson',
      password: 'password',
      role: 'eperson'
    };

    // Act
    const response = await findAllEndpoint(eperson);

    // Assert
    expect(response.status).toBe(403);
  });
});

/**
 * Simulates a call to the findAll endpoint with the provided user.
 * 
 * @param {Object} user - the user object
 * @returns {Promise<Object>} the response object
 */
async function findAllEndpoint(user) {
  // Simulate a call to the findAll endpoint
  // Replace this with your actual implementation
  return {
    status: 200,
    data: expectedFeatures
  };
}

// Replace this with your actual implementation
const expectedFeatures = [
  {
    id: 1,
    name: 'Feature 1'
  },
  {
    id: 2,
    name: 'Feature 2'
  }
];","/**
 * The contents of this file are subject to the license and copyright
 * detailed in the LICENSE and NOTICE files at the root of the source
 * tree and available online at
 *
 * http://www.dspace.org/license/
 */"
code_review,groq,v3_template+meta,doc_generation,DSpace/DSpace,code_review:a6b7881120,0.1333,0.1037,0.0067,0.2068,0.7813,-0.0926,"javascript
/**
 * Retrieves and counts all test features from the provided authorization feature service.
 * 
 * @param {Object} authzFeatureService - Service instance to retrieve features from.
 * @returns {Number} The total count of features found.
 * @throws {Exception} If an error occurs during feature retrieval.
 */
async function countTestFeatures(authzFeatureService) {
  try {
    // Retrieve all features from the service
    const features = await authzFeatureService.getFeatures();
    
    // Filter the features to only include test features
    const testFeatures = features.filter((feature) => feature.type === 'test');
    
    // Return the count of test features
    return testFeatures.length;
  } catch (error) {
    // Re-throw the error with a more informative message
    throw new Error(`Error retrieving test features: ${error.message}`);
  }
}","/**
 * The contents of this file are subject to the license and copyright
 * detailed in the LICENSE and NOTICE files at the root of the source
 * tree and available online at
 *
 * http://www.dspace.org/license/
 */"
code_review,groq,v4_persona+meta,doc_generation,DSpace/DSpace,code_review:a6b7881120,0.0597,0.0597,0.0026,0.1566,0.7637,-0.0838,"javascript
/**
 * Verifies authorization feature service pagination and API response.
 * 
 * Ensures that:
 * - The API returns a maximum of 20 features when the total number exceeds 20.
 * - The API returns a 200 OK status code with expected features, pagination metadata, and self-link.
 * 
 * Also tests:
 * - Unauthenticated user receives the expected status code.
 * - Unauthorized user receives the expected status code.
 * 
 * @throws Exception if an error occurs during the test.
 */
describe('Authorization feature service pagination and API response', () => {
  // Mock API endpoint URL
  const apiEndpoint = '/api/feature-service';

  // Mock API endpoint URL with pagination parameters
  const apiEndpointWithPagination = `${apiEndpoint}?limit=20&offset=0`;

  // Mock API endpoint URL with pagination parameters and large offset
  const apiEndpointWithLargePagination = `${apiEndpoint}?limit=20&offset=100`;

  // Mock API endpoint URL with pagination parameters and large limit
  const apiEndpointWithLargeLimit = `${apiEndpoint}?limit=50&offset=0`;

  // Mock API endpoint URL for unauthenticated user
  const unauthenticatedApiEndpoint = `${apiEndpoint}?token=invalid-token`;

  // Mock API endpoint URL for unauthorized user
  const unauthorizedApiEndpoint = `${apiEndpoint}?token=invalid-token`;

  // Test that API returns a maximum of 20 features when the total number exceeds 20
  it('should return a maximum of 20 features when the total number exceeds 20', async () => {
    const response = await fetch(apiEndpointWithLargePagination);
    const data = await response.json();

    expect(response.status).toBe(200);
    expect(data.features.length).toBeLessThanOrEqual(20);
  });

  // Test that API returns a 200 OK status code with expected features, pagination metadata, and self-link
  it('should return a 200 OK status code with expected features, pagination metadata, and self-link', async () => {
    const response = await fetch(apiEndpointWithPagination);
    const data = await response.json();

    expect(response.status).toBe(200);
    expect(data.features.length).toBe(20);
    expect(data.pagination).toBeDefined();
    expect(data.selfLink).toBeDefined();
  });

  // Test that API returns a 200 OK status code with expected features, pagination metadata, and self-link for large limit
  it('should return a 200 OK status code with","/**
 * The contents of this file are subject to the license and copyright
 * detailed in the LICENSE and NOTICE files at the root of the source
 * tree and available online at
 *
 * http://www.dspace.org/license/
 */"
code_review,groq,v5_cognitive+meta,doc_generation,DSpace/DSpace,code_review:a6b7881120,0.0762,0.0698,0.0028,0.1536,0.7681,0.0268,"### Java Method Documentation

#### Method: `calculateArea`

```java
/**
 * Calculates the area of a rectangle given its length and width.
 * 
 * @param length the length of the rectangle
 * @param width  the width of the rectangle
 * @return the calculated area of the rectangle, or 0 if either length or width is invalid
 * @throws IllegalArgumentException if either length or width is less than or equal to 0
 */
public double calculateArea(double length, double width) {
    // Method implementation
}
```

#### Parameter Documentation

*   **length**: The length of the rectangle. This parameter is of type `double` and represents the length of the rectangle. It must be a positive value.
*   **width**: The width of the rectangle. This parameter is of type `double` and represents the width of the rectangle. It must be a positive value.

#### Return Value Documentation

*   **calculated area**: The calculated area of the rectangle. This value is of type `double` and represents the area of the rectangle. If either the length or width is invalid (less than or equal to 0), the method returns 0.

#### Exception Documentation

*   **IllegalArgumentException**: This exception is thrown if either the length or width is less than or equal to 0. This is because a rectangle cannot have a negative or zero length or width.

### Example Use Cases

```java
public static void main(String[] args) {
    // Valid usage
    double length = 5.0;
    double width = 3.0;
    double area = calculateArea(length, width);
    System.out.println(""Area: "" + area);

    // Invalid usage (length <= 0)
    length = 0.0;
    try {
        area = calculateArea(length, width);
        System.out.println(""Area: "" + area);
    } catch (IllegalArgumentException e) {
        System.out.println(""Error: "" + e.getMessage());
    }

    // Invalid usage (width <= 0)
    width = 0.0;
    try {
        area = calculateArea(length, width);
        System.out.println(""Area: "" + area);
    } catch (IllegalArgumentException e) {
        System.out.println(""Error: "" + e.getMessage());
    }
}
```","/**
 * The contents of this file are subject to the license and copyright
 * detailed in the LICENSE and NOTICE files at the root of the source
 * tree and available online at
 *
 * http://www.dspace.org/license/
 */"
code_review,groq,v1_minimal+meta,doc_generation,netty/netty,code_review:37c96e5580,0.2516,0.1258,0.0057,0.1652,0.8111,0.6453,"javascript
/**
 * Creates a new CorsHandler instance with the provided CORS configuration.
 *
 * @param {Object} config - The CORS settings to be applied by this handler.
 * @param {string} config.origin - The allowed origin(s) for CORS requests.
 * @param {string[]} config.methods - The allowed HTTP methods for CORS requests.
 * @param {string[]} config.headers - The allowed headers for CORS requests.
 * @param {boolean} config.credentials - Whether credentials are allowed for CORS requests.
 * @param {number} config.maxAge - The maximum age of the CORS configuration.
 */
class CorsHandler {
  constructor(config) {
    this.config = config;
  }

  // Implement CORS handling logic here
}

// Example usage:
const corsConfig = {
  origin: 'https://example.com',
  methods: ['GET', 'POST', 'PUT', 'DELETE'],
  headers: ['Content-Type', 'Authorization'],
  credentials: true,
  maxAge: 3600,
};

const corsHandler = new CorsHandler(corsConfig);","/**
 * Handles <a href=""http://www.w3.org/TR/cors/"">Cross Origin Resource Sharing</a> (CORS) requests.
 * <p>
 * This handler can be configured using a {@link io.netty.handler.codec.http.cors.CorsConfig}, please
 * refer to this class for details about the configuration options available.
 */"
code_review,groq,v2_structured+meta,doc_generation,netty/netty,code_review:37c96e5580,0.1441,0.1081,0.0037,0.1732,0.7822,0.6884,"javascript
/**
 * Initializes a new instance of the CorsHandler with the specified CORS configuration.
 * 
 * @param {Object} config The CORS configuration object, containing settings such as allowed origins, methods, and headers.
 */
function CorsHandler(config) {
    /**
     * The allowed origins for CORS requests.
     * @type {Array<string>}
     */
    this.allowedOrigins = config.allowedOrigins || [];

    /**
     * The allowed HTTP methods for CORS requests.
     * @type {Array<string>}
     */
    this.allowedMethods = config.allowedMethods || [];

    /**
     * The allowed HTTP headers for CORS requests.
     * @type {Array<string>}
     */
    this.allowedHeaders = config.allowedHeaders || [];

    /**
     * Whether to allow credentials in CORS requests.
     * @type {boolean}
     */
    this.allowCredentials = config.allowCredentials || false;

    /**
     * The maximum age of the CORS configuration in seconds.
     * @type {number}
     */
    this.maxAge = config.maxAge || 3600; // default to 1 hour
}

// Example usage:
const corsConfig = {
    allowedOrigins: ['http://example.com', 'http://localhost:3000'],
    allowedMethods: ['GET', 'POST', 'PUT', 'DELETE'],
    allowedHeaders: ['Content-Type', 'Authorization'],
    allowCredentials: true,
    maxAge: 86400 // 1 day
};

const corsHandler = new CorsHandler(corsConfig);
console.log(corsHandler.allowedOrigins); // Output: ['http://example.com', 'http://localhost:3000']
console.log(corsHandler.allowedMethods); // Output: ['GET', 'POST', 'PUT', 'DELETE']
console.log(corsHandler.allowedHeaders); // Output: ['Content-Type', 'Authorization']
console.log(corsHandler.allowCredentials); // Output: true
console.log(corsHandler.maxAge); // Output: 86400","/**
 * Handles <a href=""http://www.w3.org/TR/cors/"">Cross Origin Resource Sharing</a> (CORS) requests.
 * <p>
 * This handler can be configured using a {@link io.netty.handler.codec.http.cors.CorsConfig}, please
 * refer to this class for details about the configuration options available.
 */"
code_review,groq,v3_template+meta,doc_generation,netty/netty,code_review:37c96e5580,0.1616,0.1077,0.0033,0.1977,0.7975,0.7422,"### CorsHandler Class Initialization

#### Overview

The `CorsHandler` class is designed to handle Cross-Origin Resource Sharing (CORS) requests. It initializes a new instance with a specified CORS configuration.

#### Code

```javascript
/**
 * Initializes a new instance of the CorsHandler class with the specified CORS configuration.
 * @param {Object} config - The CORS configuration to use.
 * @param {string} [config.allowedOrigins] - The allowed origins for CORS requests.
 * @param {string[]} [config.allowedMethods] - The allowed HTTP methods for CORS requests.
 * @param {string[]} [config.allowedHeaders] - The allowed HTTP headers for CORS requests.
 * @param {string} [config.exposedHeaders] - The exposed HTTP headers for CORS requests.
 * @param {number} [config.maxAge] - The maximum age of the CORS configuration.
 * @param {boolean} [config.credentials] - Whether to include credentials in CORS requests.
 */
class CorsHandler {
  constructor(config = {}) {
    this.allowedOrigins = config.allowedOrigins || [];
    this.allowedMethods = config.allowedMethods || ['GET', 'POST', 'PUT', 'DELETE'];
    this.allowedHeaders = config.allowedHeaders || ['Content-Type', 'Authorization'];
    this.exposedHeaders = config.exposedHeaders || 'Content-Type';
    this.maxAge = config.maxAge || 3600; // 1 hour
    this.credentials = config.credentials || false;
  }
}
```

#### Example Usage

```javascript
const corsConfig = {
  allowedOrigins: ['http://example.com', 'https://example.com'],
  allowedMethods: ['GET', 'POST'],
  allowedHeaders: ['Content-Type', 'Authorization'],
  exposedHeaders: 'Content-Type',
  maxAge: 7200, // 2 hours
  credentials: true,
};

const corsHandler = new CorsHandler(corsConfig);
console.log(corsHandler.allowedOrigins); // Output: ['http://example.com', 'https://example.com']
console.log(corsHandler.allowedMethods); // Output: ['GET', 'POST']
console.log(corsHandler.allowedHeaders); // Output: ['Content-Type', 'Authorization']
console.log(corsHandler.exposedHeaders); // Output: 'Content-Type'
console.log(corsHandler.maxAge); // Output: 7200
console.log(corsHandler.credentials); // Output: true
```

This code defines a `CorsHandler` class that initializes a new instance with a specified CORS configuration. The configuration object","/**
 * Handles <a href=""http://www.w3.org/TR/cors/"">Cross Origin Resource Sharing</a> (CORS) requests.
 * <p>
 * This handler can be configured using a {@link io.netty.handler.codec.http.cors.CorsConfig}, please
 * refer to this class for details about the configuration options available.
 */"
code_review,groq,v4_persona+meta,doc_generation,netty/netty,code_review:37c96e5580,0.1661,0.1022,0.0032,0.1736,0.7985,0.7553,"### CorsHandler Class

#### Overview

The `CorsHandler` class is responsible for handling Cross-Origin Resource Sharing (CORS) requests. It takes a CORS configuration object as a parameter and uses it to determine the allowed origins, methods, headers, and other settings for CORS requests.

#### Constructor

```javascript
/**
 * Initializes a new instance of the CorsHandler with the specified CORS configuration.
 *
 * @param {Object} config - The CORS configuration to use.
 * @param {string} [config.allowedOrigins] - The allowed origins for CORS requests.
 * @param {string[]} [config.allowedMethods] - The allowed HTTP methods for CORS requests.
 * @param {string[]} [config.allowedHeaders] - The allowed HTTP headers for CORS requests.
 * @param {string} [config.exposedHeaders] - The exposed HTTP headers for CORS requests.
 * @param {number} [config.maxAge] - The maximum age for CORS requests.
 * @param {boolean} [config.credentials] - Whether to include credentials in CORS requests.
 */
function CorsHandler(config) {
  this.config = config;
  this.allowedOrigins = config.allowedOrigins;
  this.allowedMethods = config.allowedMethods || ['GET', 'POST', 'PUT', 'DELETE'];
  this.allowedHeaders = config.allowedHeaders || ['Content-Type', 'Authorization'];
  this.exposedHeaders = config.exposedHeaders || 'Content-Type';
  this.maxAge = config.maxAge || 3600; // 1 hour
  this.credentials = config.credentials || false;
}
```

#### Usage Example

```javascript
const corsConfig = {
  allowedOrigins: 'http://example.com',
  allowedMethods: ['GET', 'POST'],
  allowedHeaders: ['Content-Type', 'Authorization'],
  exposedHeaders: 'Content-Type',
  maxAge: 7200, // 2 hours
  credentials: true
};

const corsHandler = new CorsHandler(corsConfig);
```

#### Methods

The `CorsHandler` class does not have any methods. It is designed to be used as a constructor to create a CORS configuration object.

#### CORS Response Headers

The `CorsHandler` class can be used to generate CORS response headers. You can use the following code to get the CORS response headers:

```javascript
function getCorsResponseHeaders(corsHandler) {
  const headers = {
    'Access-Control-Allow-Origin': corsHandler.allowedOrigins,
    'Access-Control-Allow-Methods': corsHandler.allowedMethods.join(', '),","/**
 * Handles <a href=""http://www.w3.org/TR/cors/"">Cross Origin Resource Sharing</a> (CORS) requests.
 * <p>
 * This handler can be configured using a {@link io.netty.handler.codec.http.cors.CorsConfig}, please
 * refer to this class for details about the configuration options available.
 */"
code_review,groq,v5_cognitive+meta,doc_generation,netty/netty,code_review:37c96e5580,0.0633,0.0452,0.003,0.1158,0.7898,0.0131,"Here's an example of a Java method with a concise Javadoc comment:

```java
/**
 * Calculates the area of a rectangle given its length and width.
 *
 * @param length the length of the rectangle
 * @param width  the width of the rectangle
 * @return the area of the rectangle
 * @throws IllegalArgumentException if the length or width is negative
 */
public static double calculateRectangleArea(double length, double width) {
    if (length < 0 || width < 0) {
        throw new IllegalArgumentException(""Length and width must be non-negative"");
    }
    return length * width;
}
```

In this example, the Javadoc comment includes:

- A brief description of the method's single responsibility.
- Parameter descriptions with their names, types, and a brief description of their purpose.
- A description of the return value, including its type and a brief description of its meaning.
- A description of any exceptions thrown, including the type of exception and a brief description of the conditions under which it is thrown.

The Javadoc comment is formatted according to standard Javadoc syntax, with each line starting with an asterisk (*) and each parameter, return value, and exception listed on a separate line.","/**
 * Handles <a href=""http://www.w3.org/TR/cors/"">Cross Origin Resource Sharing</a> (CORS) requests.
 * <p>
 * This handler can be configured using a {@link io.netty.handler.codec.http.cors.CorsConfig}, please
 * refer to this class for details about the configuration options available.
 */"
code_review,groq,v1_minimal+meta,doc_generation,cdapio/cdap,code_review:932f0f7414,0.1702,0.1702,0.0096,0.2128,0.8437,0.6916,"javascript
/**
 * Constructs a new instance of ServiceWorkerTwillRunnable, linking it to a specified ServiceWorker.
 *
 * @param {ServiceWorker} worker - The ServiceWorker instance associated with this twill runnable.
 */
function ServiceWorkerTwillRunnable(worker) {
  /**
   * The ServiceWorker instance associated with this twill runnable.
   * @type {ServiceWorker}
   */
  this.worker = worker;
}","/**
 * {@link TwillRunnable} to run a {@link ServiceWorker}.
 */"
code_review,groq,v2_structured+meta,doc_generation,cdapio/cdap,code_review:932f0f7414,0.0923,0.0615,0.0071,0.1582,0.828,0.543,"typescript
/**
 * Initializes a new instance of the ServiceWorkerTwillRunnable, associating it with the specified ServiceWorker.
 * 
 * @param {ServiceWorker} worker The ServiceWorker instance to associate with this runnable.
 */
class ServiceWorkerTwillRunnable {
  private worker: ServiceWorker;

  constructor(worker: ServiceWorker) {
    if (!(worker instanceof ServiceWorker)) {
      throw new Error('The worker parameter must be an instance of ServiceWorker.');
    }
    this.worker = worker;
  }

  // Add methods and properties as needed
}","/**
 * {@link TwillRunnable} to run a {@link ServiceWorker}.
 */"
code_review,groq,v3_template+meta,doc_generation,cdapio/cdap,code_review:932f0f7414,0.1364,0.0909,0.0106,0.2206,0.839,0.5362,"javascript
/**
 * Initializes a new instance of the ServiceWorkerTwillRunnable class with the specified ServiceWorker.
 * @param {ServiceWorker} worker The ServiceWorker instance to be used.
 */
function ServiceWorkerTwillRunnable(worker) {
    /**
     * The ServiceWorker instance used by this ServiceWorkerTwillRunnable.
     * @type {ServiceWorker}
     */
    this.worker = worker;
}","/**
 * {@link TwillRunnable} to run a {@link ServiceWorker}.
 */"
code_review,groq,v4_persona+meta,doc_generation,cdapio/cdap,code_review:932f0f7414,0.1071,0.0714,0.0081,0.2,0.8319,0.5552,"javascript
/**
 * Initializes a new instance of the ServiceWorkerTwillRunnable, associating it with a given ServiceWorker instance.
 * 
 * @param {ServiceWorker} worker The ServiceWorker instance to associate with this runnable.
 */
function ServiceWorkerTwillRunnable(worker) {
    /**
     * The ServiceWorker instance associated with this runnable.
     * @type {ServiceWorker}
     */
    this.worker = worker;

    // Initialize any other properties or methods as needed
}","/**
 * {@link TwillRunnable} to run a {@link ServiceWorker}.
 */"
code_review,groq,v5_cognitive+meta,doc_generation,cdapio/cdap,code_review:932f0f7414,0.0099,0.0099,0.0019,0.0623,0.7641,0.0127,"### Java Method Documentation

#### Method: `calculateArea`

This method calculates the area of a rectangle given its length and width.

```java
/**
 * Calculates the area of a rectangle.
 *
 * @param length the length of the rectangle (must be a positive number)
 * @param width  the width of the rectangle (must be a positive number)
 * @return the calculated area of the rectangle
 * @throws IllegalArgumentException if either the length or width is not a positive number
 */
public double calculateArea(double length, double width) {
    // Method implementation
    if (length <= 0 || width <= 0) {
        throw new IllegalArgumentException(""Length and width must be positive numbers"");
    }
    return length * width;
}
```

#### Parameters:

* `length`: the length of the rectangle (must be a positive number)
	+ Data type: `double`
	+ Description: The length of the rectangle.
	+ Constraints: Must be a positive number.
* `width`: the width of the rectangle (must be a positive number)
	+ Data type: `double`
	+ Description: The width of the rectangle.
	+ Constraints: Must be a positive number.

#### Return Value:

* Return type: `double`
* Conditions: The method returns the calculated area of the rectangle.
* Potential null or empty values: None.

#### Exceptions:

* `IllegalArgumentException`: Thrown if either the length or width is not a positive number.
	+ Error code: None.
	+ Error message: ""Length and width must be positive numbers"".","/**
 * {@link TwillRunnable} to run a {@link ServiceWorker}.
 */"
code_review,groq,v1_minimal+meta,doc_generation,line/armeria,code_review:13ca552a37,0.0482,0.0482,0.0065,0.1429,0.8455,0.3731,"typescript
/**
 * Retrieves and returns the underlying client request context.
 * 
 * @return The unwrapped client request context, providing access to the original request details.
 */
function getClientRequestContext(): any {
    // Assuming the request context is stored in a variable or property named 'requestContext'
    // Replace this with the actual property or variable name from your framework or library
    const requestContext = this.requestContext;

    // Return the unwrapped client request context
    return requestContext;
}","    /**
     * @param ctx used to parse http properties
     * @param headersBuilder receives headers injected by {@link HttpClientHandler#handleSend(brave.http.HttpClientRequest)}.
     */"
code_review,groq,v2_structured+meta,doc_generation,line/armeria,code_review:13ca552a37,0.0412,0.0412,0.0055,0.1158,0.845,0.3602,"javascript
/**
 * Retrieves the underlying client request context.
 * 
 * @return The client request context object.
 */
function getClientRequestContext() {
    // In a Node.js environment, we can use the 'req' object from the Express framework
    // or the 'request' object from the Koa framework to get the client request context.
    // For simplicity, let's assume we're using Express.
    const express = require('express');
    const app = express();

    // Get the client request context from the request object.
    const request = app.request;
    const clientRequestContext = request;

    return clientRequestContext;
}","    /**
     * @param ctx used to parse http properties
     * @param headersBuilder receives headers injected by {@link HttpClientHandler#handleSend(brave.http.HttpClientRequest)}.
     */"
code_review,groq,v3_template+meta,doc_generation,line/armeria,code_review:13ca552a37,0.0423,0.0302,0.0014,0.0756,0.8095,0.4367,"It appears you're documenting a method in Java that retrieves the client request context. Here's a more detailed and complete version of the documentation:

```java
/**
 * Retrieves the underlying client request context.
 *
 * This method provides access to information about the current HTTP request,
 * including request headers, query parameters, and other relevant details.
 *
 * @return the client request context, providing information about the current HTTP request.
 * @throws [ExceptionType] if an error occurs while retrieving the request context.
 */
public Object getRequestContext() {
    // implementation details
}
```

In this example, I've added:

* A more detailed description of what the method does.
* A note about the potential exception that may be thrown.
* A return type of `Object`, assuming the method returns an object that represents the client request context. You may need to adjust this based on your actual implementation.

You can also consider adding additional documentation, such as:

* A description of the properties and methods available on the returned object.
* Any specific requirements or constraints for using this method.
* Any relevant links to external documentation or resources.

Here's an example of how you might document the properties and methods available on the returned object:

```java
/**
 * Retrieves the underlying client request context.
 *
 * This method provides access to information about the current HTTP request,
 * including request headers, query parameters, and other relevant details.
 *
 * @return the client request context, providing information about the current HTTP request.
 * @throws [ExceptionType] if an error occurs while retrieving the request context.
 */
public Object getRequestContext() {
    // implementation details
}

/**
 * Represents the client request context.
 */
public class RequestContext {
    /**
     * Gets the HTTP request method (e.g. GET, POST, PUT, DELETE).
     *
     * @return the HTTP request method.
     */
    public String getMethod();

    /**
     * Gets the HTTP request headers.
     *
     * @return a map of HTTP request headers.
     */
    public Map<String, String> getHeaders();

    /**
     * Gets the HTTP request query parameters.
     *
     * @return a map of HTTP request query parameters.
     */
    public Map<String, String> getQueryParams();

    // additional properties and methods...
}
```","    /**
     * @param ctx used to parse http properties
     * @param headersBuilder receives headers injected by {@link HttpClientHandler#handleSend(brave.http.HttpClientRequest)}.
     */"
code_review,groq,v4_persona+meta,doc_generation,line/armeria,code_review:13ca552a37,0.0222,0.0222,0.0059,0.1186,0.8311,0.3291,"javascript
/**
 * Unwraps the current context to retrieve the underlying client request context.
 *
 * @returns {object} The unwrapped client request context.
 */
function unwrapClientRequestContext() {
  // Assuming the context is stored in a variable named 'context'
  const context = this.context;

  // Check if the context is valid
  if (!context) {
    throw new Error('Context is not available');
  }

  // Unwrap the client request context from the context
  const clientRequestContext = context.get('clientRequestContext');

  // Return the unwrapped client request context
  return clientRequestContext;
}","    /**
     * @param ctx used to parse http properties
     * @param headersBuilder receives headers injected by {@link HttpClientHandler#handleSend(brave.http.HttpClientRequest)}.
     */"
code_review,groq,v5_cognitive+meta,doc_generation,line/armeria,code_review:13ca552a37,0.0513,0.0513,0.0179,0.1256,0.8585,0.3892,"java
/**
 * Unwraps the ClientRequestContext, returning the underlying context.
 * 
 * @return the underlying ClientRequestContext, ctx
 */
public ClientRequestContext unwrapClientRequestContext() {
    // Method implementation
    return ctx;
}","    /**
     * @param ctx used to parse http properties
     * @param headersBuilder receives headers injected by {@link HttpClientHandler#handleSend(brave.http.HttpClientRequest)}.
     */"
code_review,groq,v1_minimal+meta,doc_generation,mulesoft/mule,code_review:3246f50e7b,0.0097,0.0097,0.0056,0.1023,0.7795,0.3526,"java
/**
 * Validates a given {@code extensionModel} against predefined rules.
 * 
 * @param extensionModel the model to be validated
 * @param problemsReporter the reporter to report any validation issues encountered
 */
public void validate(ExtensionModel extensionModel, ProblemsReporter problemsReporter) {
    // Check if the extension model is null
    if (extensionModel == null) {
        problemsReporter.reportError(""Extension model cannot be null"");
        return;
    }

    // Check if the extension model has a valid name
    if (extensionModel.getName() == null || extensionModel.getName().isEmpty()) {
        problemsReporter.reportError(""Extension name cannot be empty"");
    }

    // Check if the extension model has a valid version
    if (extensionModel.getVersion() == null || extensionModel.getVersion().isEmpty()) {
        problemsReporter.reportError(""Extension version cannot be empty"");
    }

    // Check if the extension model has a valid description
    if (extensionModel.getDescription() == null || extensionModel.getDescription().isEmpty()) {
        problemsReporter.reportError(""Extension description cannot be empty"");
    }

    // Check if the extension model has a valid author
    if (extensionModel.getAuthor() == null || extensionModel.getAuthor().isEmpty()) {
        problemsReporter.reportError(""Extension author cannot be empty"");
    }

    // Check if the extension model has a valid license
    if (extensionModel.getLicense() == null || extensionModel.getLicense().isEmpty()) {
        problemsReporter.reportError(""Extension license cannot be empty"");
    }

    // Check if the extension model has a valid dependencies
    if (extensionModel.getDependencies() == null || extensionModel.getDependencies().isEmpty()) {
        problemsReporter.reportError(""Extension dependencies cannot be empty"");
    }

    // ... (rest of the code remains the same)
}","/**
 * Validates that POJOs parameter overrides Equals and HashCode
 *
 * @since 4.2
 */"
code_review,groq,v2_structured+meta,doc_generation,mulesoft/mule,code_review:3246f50e7b,0.0282,0.0282,0.0044,0.1092,0.7792,0.4492,"java
/**
 * Validates the given extension model, ensuring correct implementation of equals and hashCode methods.
 * 
 * @param extensionModel The extension model instance to be validated.
 * @param problemsReporter The reporter to use for reporting any issues encountered during validation.
 */
public void validateExtensionModel(ExtensionModel extensionModel, ProblemsReporter problemsReporter) {
    // Check if the extension model implements the equals and hashCode methods
    if (!extensionModel.getClass().getDeclaredMethods().stream()
            .anyMatch(method -> method.getName().equals(""equals"") && method.getParameterCount() == 1)
            || !extensionModel.getClass().getDeclaredMethods().stream()
                    .anyMatch(method -> method.getName().equals(""hashCode"") && method.getParameterCount() == 0)) {
        problemsReporter.reportIssue(""The extension model must implement the equals and hashCode methods."");
    }

    // Check if the equals method is correctly implemented
    try {
        // Test the equals method with null
        if (extensionModel.equals(null)) {
            problemsReporter.reportIssue(""The equals method should return false when comparing with null."");
        }

        // Test the equals method with the same instance
        if (!extensionModel.equals(extensionModel)) {
            problemsReporter.reportIssue(""The equals method should return true when comparing with the same instance."");
        }

        // Test the equals method with a different instance
        if (extensionModel.equals(new Object())) {
            problemsReporter.reportIssue(""The equals method should return false when comparing with a different instance."");
        }
    } catch (Exception e) {
        problemsReporter.reportIssue(""An error occurred while testing the equals method: "" + e.getMessage());
    }

    // Check if the hashCode method is correctly implemented
    try {
        // Test the hashCode method with the same instance
        if (extensionModel.hashCode() != extensionModel.hashCode()) {
            problemsReporter.reportIssue(""The hashCode method should return the same value when called multiple times."");
        }

        // Test the hashCode method with a different instance
        if (extensionModel.hashCode() == new Object().hashCode()) {
            problemsReporter.reportIssue(""The hashCode method should return a different value when comparing with a different instance."");
        }
    } catch (Exception e) {
        problemsReporter.reportIssue(""An error occurred while testing the hashCode method: "" + e.getMessage());
    }
}","/**
 * Validates that POJOs parameter overrides Equals and HashCode
 *
 * @since 4.2
 */"
code_review,groq,v3_template+meta,doc_generation,mulesoft/mule,code_review:3246f50e7b,0.0617,0.0617,0.0075,0.165,0.7926,0.3746,"javascript
/**
 * Validates an extension model by checking for overrides of equals and hashCode methods.
 * 
 * @param {Object} extensionModel The extension model to be validated.
 * @param {Object} problemsReporter The reporter to report any problems found during validation.
 */
function validateExtensionModel(extensionModel, problemsReporter) {
    // Check if the extension model has a custom equals method
    if (extensionModel.equals !== undefined) {
        // If the equals method is not a function, report a problem
        if (typeof extensionModel.equals !== 'function') {
            problemsReporter.addProblem('Equals method must be a function');
        }
    } else {
        // If the equals method is not defined, report a problem
        problemsReporter.addProblem('Equals method is missing');
    }

    // Check if the extension model has a custom hashCode method
    if (extensionModel.hashCode !== undefined) {
        // If the hashCode method is not a function, report a problem
        if (typeof extensionModel.hashCode !== 'function') {
            problemsReporter.addProblem('Hash code method must be a function');
        }
    } else {
        // If the hashCode method is not defined, report a problem
        problemsReporter.addProblem('Hash code method is missing');
    }
}","/**
 * Validates that POJOs parameter overrides Equals and HashCode
 *
 * @since 4.2
 */"
code_review,groq,v4_persona+meta,doc_generation,mulesoft/mule,code_review:3246f50e7b,0.0462,0.0462,0.0046,0.1358,0.7882,0.3645,"Here's the refactored code with improved documentation and formatting:

```markdown
/**
 * Validates an extension model against expected configuration and connection provider models.
 * 
 * This method iterates over the extension model's configuration and connection provider models,
 * validating parameter types and override checks for equals and hashCode methods on object types.
 * 
 * @param {object} extensionModel The extension model to validate.
 * @param {object} problemsReporter The reporter to report any validation problems encountered.
 */
function validateExtensionModel(extensionModel, problemsReporter) {
  // Iterate over the extension model's configuration and connection provider models
  Object.keys(extensionModel).forEach((key) => {
    const model = extensionModel[key];

    // Validate parameter types
    if (typeof model !== 'object') {
      problemsReporter.reportProblem(`Invalid type for ${key}: expected object, got ${typeof model}`);
    }

    // Validate override checks for equals and hashCode methods on object types
    if (typeof model === 'object' && model !== null) {
      if (!model.equals || typeof model.equals !== 'function') {
        problemsReporter.reportProblem(`Missing or invalid equals method for ${key}`);
      }

      if (!model.hashCode || typeof model.hashCode !== 'function') {
        problemsReporter.reportProblem(`Missing or invalid hashCode method for ${key}`);
      }
    }
  });
}
```

This refactored code includes:

* Improved documentation with clear descriptions of the method's purpose and parameters.
* Consistent formatting and indentation.
* A clear and concise implementation of the validation logic.
* The use of a `problemsReporter` object to report any validation problems encountered.
* The use of `Object.keys()` to iterate over the extension model's properties.
* The use of `typeof` to check the type of each property value.
* The use of `if` statements to validate the parameter types and override checks.
* The use of `reportProblem()` method to report any validation problems encountered.","/**
 * Validates that POJOs parameter overrides Equals and HashCode
 *
 * @since 4.2
 */"
code_review,groq,v5_cognitive+meta,doc_generation,mulesoft/mule,code_review:3246f50e7b,0.0488,0.0488,0.0056,0.1626,0.7976,0.2729,"However, I don't see any Java method provided. Please provide the Java method you'd like me to document, and I'll be happy to assist you.

Once you provide the method, I'll create a clear and concise Javadoc comment that accurately describes its purpose, parameters, return value, and any exceptions it may throw.

Here's a general template of how the Javadoc comment should look like:

```java
/**
 * <p>Description:</p>
 * <p>This method is responsible for [briefly describe the method's purpose].</p>
 * 
 * @param [parameterName] [parameterDescription] [parameterRole]
 * @return [returnValueDescription] [returnValueType]
 * @throws [exceptionName] [exceptionDescription]
 * @throws [exceptionName] [exceptionDescription]
 */
```

Please provide the Java method, and I'll fill in the details accordingly.","/**
 * Validates that POJOs parameter overrides Equals and HashCode
 *
 * @since 4.2
 */"
